date,period,number
1988-04-29,EVE,806
1988-04-30,EVE,804
1988-05-01,EVE,880
1988-05-02,EVE,715
1988-05-03,EVE,841
1988-05-04,EVE,607
1988-05-05,EVE,614
1988-05-06,EVE,924
1988-05-07,EVE,774
1988-05-08,EVE,432
1988-05-09,EVE,297
1988-05-10,EVE,178
1988-05-11,EVE,071
1988-05-12,EVE,650
1988-05-13,EVE,983
1988-05-14,EVE,628
1988-05-15,EVE,981
1988-05-16,EVE,169
1988-05-17,EVE,646
1988-05-18,EVE,857
1988-05-19,EVE,643
1988-05-20,EVE,586
1988-05-21,EVE,959
1988-05-22,EVE,661
1988-05-23,EVE,002
1988-05-24,EVE,789
1988-05-25,EVE,230
1988-05-26,EVE,241
1988-05-27,EVE,102
1988-05-28,EVE,317
1988-05-29,EVE,591
1988-05-30,EVE,713
1988-05-31,EVE,136
1988-06-01,EVE,974
1988-06-02,EVE,354
1988-06-03,EVE,829
1988-06-04,EVE,194
1988-06-05,EVE,996
1988-06-06,EVE,236
1988-06-07,EVE,246
1988-06-08,EVE,353
1988-06-09,EVE,316
1988-06-10,EVE,869
1988-06-11,EVE,217
1988-06-12,EVE,590
1988-06-13,EVE,761
1988-06-14,EVE,682
1988-06-15,EVE,987
1988-06-16,EVE,972
1988-06-17,EVE,917
1988-06-18,EVE,654
1988-06-19,EVE,081
1988-06-20,EVE,903
1988-06-21,EVE,323
1988-06-22,EVE,560
1988-06-23,EVE,622
1988-06-24,EVE,306
1988-06-25,EVE,131
1988-06-26,EVE,487
1988-06-27,EVE,191
1988-06-28,EVE,620
1988-06-29,EVE,477
1988-06-30,EVE,359
1988-07-01,EVE,881
1988-07-02,EVE,245
1988-07-03,EVE,691
1988-07-04,EVE,477
1988-07-05,EVE,158
1988-07-06,EVE,767
1988-07-07,EVE,120
1988-07-08,EVE,265
1988-07-09,EVE,018
1988-07-10,EVE,433
1988-07-11,EVE,493
1988-07-12,EVE,078
1988-07-13,EVE,972
1988-07-14,EVE,474
1988-07-15,EVE,481
1988-07-16,EVE,130
1988-07-17,EVE,771
1988-07-18,EVE,841
1988-07-19,EVE,552
1988-07-20,EVE,953
1988-07-21,EVE,025
1988-07-22,EVE,841
1988-07-23,EVE,271
1988-07-24,EVE,600
1988-07-25,EVE,775
1988-07-26,EVE,281
1988-07-27,EVE,318
1988-07-28,EVE,735
1988-07-29,EVE,327
1988-07-30,EVE,170
1988-07-31,EVE,258
1988-08-01,EVE,240
1988-08-02,EVE,763
1988-08-03,EVE,873
1988-08-04,EVE,449
1988-08-05,EVE,125
1988-08-06,EVE,226
1988-08-07,EVE,059
1988-08-08,EVE,986
1988-08-09,EVE,701
1988-08-10,EVE,873
1988-08-11,EVE,961
1988-08-12,EVE,363
1988-08-13,EVE,218
1988-08-14,EVE,433
1988-08-15,EVE,225
1988-08-16,EVE,870
1988-08-17,EVE,629
1988-08-18,EVE,479
1988-08-19,EVE,717
1988-08-20,EVE,176
1988-08-21,EVE,322
1988-08-22,EVE,726
1988-08-23,EVE,456
1988-08-24,EVE,676
1988-08-25,EVE,443
1988-08-26,EVE,954
1988-08-27,EVE,044
1988-08-28,EVE,787
1988-08-29,EVE,041
1988-08-30,EVE,264
1988-08-31,EVE,562
1988-09-01,EVE,437
1988-09-02,EVE,942
1988-09-03,EVE,580
1988-09-04,EVE,345
1988-09-05,EVE,445
1988-09-06,EVE,963
1988-09-07,EVE,516
1988-09-08,EVE,464
1988-09-09,EVE,704
1988-09-10,EVE,434
1988-09-11,EVE,870
1988-09-12,EVE,711
1988-09-13,EVE,176
1988-09-14,EVE,482
1988-09-15,EVE,075
1988-09-16,EVE,104
1988-09-17,EVE,114
1988-09-18,EVE,941
1988-09-19,EVE,518
1988-09-20,EVE,928
1988-09-21,EVE,919
1988-09-22,EVE,237
1988-09-23,EVE,171
1988-09-24,EVE,588
1988-09-25,EVE,549
1988-09-26,EVE,386
1988-09-27,EVE,704
1988-09-28,EVE,275
1988-09-29,EVE,662
1988-09-30,EVE,522
1988-10-01,EVE,860
1988-10-02,EVE,637
1988-10-03,EVE,693
1988-10-04,EVE,504
1988-10-05,EVE,481
1988-10-06,EVE,456
1988-10-07,EVE,287
1988-10-08,EVE,666
1988-10-09,EVE,644
1988-10-10,EVE,583
1988-10-11,EVE,831
1988-10-12,EVE,965
1988-10-13,EVE,974
1988-10-14,EVE,244
1988-10-15,EVE,995
1988-10-16,EVE,279
1988-10-17,EVE,373
1988-10-18,EVE,458
1988-10-19,EVE,953
1988-10-20,EVE,001
1988-10-21,EVE,916
1988-10-22,EVE,682
1988-10-23,EVE,760
1988-10-24,EVE,530
1988-10-25,EVE,949
1988-10-26,EVE,846
1988-10-27,EVE,112
1988-10-28,EVE,714
1988-10-29,EVE,723
1988-10-30,EVE,402
1988-10-31,EVE,962
1988-11-01,EVE,938
1988-11-02,EVE,747
1988-11-03,EVE,650
1988-11-04,EVE,671
1988-11-05,EVE,191
1988-11-06,EVE,790
1988-11-07,EVE,001
1988-11-08,EVE,439
1988-11-09,EVE,990
1988-11-10,EVE,939
1988-11-11,EVE,284
1988-11-12,EVE,435
1988-11-13,EVE,287
1988-11-14,EVE,058
1988-11-15,EVE,930
1988-11-16,EVE,139
1988-11-17,EVE,951
1988-11-18,EVE,593
1988-11-19,EVE,913
1988-11-20,EVE,242
1988-11-21,EVE,613
1988-11-22,EVE,052
1988-11-23,EVE,738
1988-11-24,EVE,828
1988-11-25,EVE,190
1988-11-26,EVE,956
1988-11-27,EVE,559
1988-11-28,EVE,309
1988-11-29,EVE,795
1988-11-30,EVE,855
1988-12-01,EVE,702
1988-12-02,EVE,521
1988-12-03,EVE,344
1988-12-04,EVE,655
1988-12-05,EVE,595
1988-12-06,EVE,573
1988-12-07,EVE,446
1988-12-08,EVE,192
1988-12-09,EVE,770
1988-12-10,EVE,684
1988-12-11,EVE,408
1988-12-12,EVE,879
1988-12-13,EVE,732
1988-12-14,EVE,389
1988-12-15,EVE,535
1988-12-16,EVE,130
1988-12-17,EVE,741
1988-12-18,EVE,581
1988-12-19,EVE,890
1988-12-20,EVE,667
1988-12-21,EVE,318
1988-12-22,EVE,710
1988-12-23,EVE,637
1988-12-24,EVE,884
1988-12-26,EVE,929
1988-12-27,EVE,664
1988-12-28,EVE,206
1988-12-29,EVE,310
1988-12-30,EVE,861
1988-12-31,EVE,190
1989-01-01,EVE,982
1989-01-02,EVE,381
1989-01-03,EVE,929
1989-01-04,EVE,767
1989-01-05,EVE,716
1989-01-06,EVE,415
1989-01-07,EVE,860
1989-01-08,EVE,035
1989-01-09,EVE,762
1989-01-10,EVE,561
1989-01-11,EVE,957
1989-01-12,EVE,446
1989-01-13,EVE,989
1989-01-14,EVE,461
1989-01-15,EVE,585
1989-01-16,EVE,945
1989-01-17,EVE,414
1989-01-18,EVE,596
1989-01-19,EVE,723
1989-01-20,EVE,707
1989-01-21,EVE,858
1989-01-22,EVE,830
1989-01-23,EVE,503
1989-01-24,EVE,765
1989-01-25,EVE,273
1989-01-26,EVE,752
1989-01-27,EVE,839
1989-01-28,EVE,466
1989-01-29,EVE,580
1989-01-30,EVE,945
1989-01-31,EVE,078
1989-02-01,EVE,325
1989-02-02,EVE,763
1989-02-03,EVE,481
1989-02-04,EVE,887
1989-02-05,EVE,042
1989-02-06,EVE,007
1989-02-07,EVE,237
1989-02-08,EVE,277
1989-02-09,EVE,273
1989-02-10,EVE,760
1989-02-11,EVE,228
1989-02-12,EVE,974
1989-02-13,EVE,918
1989-02-14,EVE,083
1989-02-15,EVE,977
1989-02-16,EVE,786
1989-02-17,EVE,627
1989-02-18,EVE,035
1989-02-19,EVE,688
1989-02-20,EVE,488
1989-02-21,EVE,600
1989-02-22,EVE,421
1989-02-23,EVE,315
1989-02-24,EVE,473
1989-02-25,EVE,434
1989-02-26,EVE,417
1989-02-27,EVE,529
1989-02-28,EVE,906
1989-03-01,EVE,881
1989-03-02,EVE,176
1989-03-03,EVE,666
1989-03-04,EVE,969
1989-03-05,EVE,858
1989-03-06,EVE,413
1989-03-07,EVE,840
1989-03-08,EVE,461
1989-03-09,EVE,750
1989-03-10,EVE,990
1989-03-11,EVE,228
1989-03-12,EVE,942
1989-03-13,EVE,563
1989-03-14,EVE,132
1989-03-15,EVE,617
1989-03-16,EVE,447
1989-03-17,EVE,590
1989-03-18,EVE,690
1989-03-19,EVE,355
1989-03-20,EVE,920
1989-03-21,EVE,181
1989-03-22,EVE,510
1989-03-23,EVE,419
1989-03-24,EVE,581
1989-03-25,EVE,020
1989-03-26,EVE,925
1989-03-27,EVE,885
1989-03-28,EVE,999
1989-03-29,EVE,744
1989-03-30,EVE,790
1989-03-31,EVE,987
1989-04-01,EVE,039
1989-04-02,EVE,026
1989-04-03,EVE,818
1989-04-04,EVE,829
1989-04-05,EVE,259
1989-04-06,EVE,764
1989-04-07,EVE,875
1989-04-08,EVE,996
1989-04-09,EVE,577
1989-04-10,EVE,539
1989-04-11,EVE,272
1989-04-12,EVE,257
1989-04-13,EVE,006
1989-04-14,EVE,717
1989-04-15,EVE,584
1989-04-16,EVE,575
1989-04-17,EVE,807
1989-04-18,EVE,458
1989-04-19,EVE,246
1989-04-20,EVE,859
1989-04-21,EVE,517
1989-04-22,EVE,077
1989-04-23,EVE,546
1989-04-24,EVE,316
1989-04-25,EVE,592
1989-04-26,EVE,794
1989-04-27,EVE,259
1989-04-28,EVE,583
1989-04-29,EVE,419
1989-04-30,EVE,900
1989-05-01,EVE,308
1989-05-02,EVE,270
1989-05-03,EVE,467
1989-05-04,EVE,605
1989-05-05,EVE,556
1989-05-06,EVE,697
1989-05-07,EVE,951
1989-05-08,EVE,613
1989-05-09,EVE,860
1989-05-10,EVE,081
1989-05-11,EVE,272
1989-05-12,EVE,100
1989-05-13,EVE,335
1989-05-14,EVE,982
1989-05-15,EVE,310
1989-05-16,EVE,540
1989-05-17,EVE,422
1989-05-18,EVE,653
1989-05-19,EVE,885
1989-05-20,EVE,104
1989-05-21,EVE,160
1989-05-22,EVE,185
1989-05-23,EVE,926
1989-05-24,EVE,754
1989-05-25,EVE,626
1989-05-26,EVE,876
1989-05-27,EVE,533
1989-05-28,EVE,094
1989-05-29,EVE,368
1989-05-30,EVE,223
1989-05-31,EVE,443
1989-06-01,EVE,160
1989-06-02,EVE,818
1989-06-03,EVE,535
1989-06-04,EVE,616
1989-06-05,EVE,330
1989-06-06,EVE,102
1989-06-07,EVE,990
1989-06-08,EVE,304
1989-06-09,EVE,663
1989-06-10,EVE,198
1989-06-11,EVE,396
1989-06-12,EVE,706
1989-06-13,EVE,622
1989-06-14,EVE,691
1989-06-15,EVE,753
1989-06-16,EVE,090
1989-06-17,EVE,108
1989-06-18,EVE,161
1989-06-19,EVE,344
1989-06-20,EVE,999
1989-06-21,EVE,541
1989-06-22,EVE,681
1989-06-23,EVE,103
1989-06-24,EVE,239
1989-06-25,EVE,577
1989-06-26,EVE,194
1989-06-27,EVE,913
1989-06-28,EVE,326
1989-06-29,EVE,182
1989-06-30,EVE,400
1989-07-01,EVE,660
1989-07-02,EVE,658
1989-07-03,EVE,251
1989-07-04,EVE,633
1989-07-05,EVE,464
1989-07-06,EVE,232
1989-07-07,EVE,929
1989-07-08,EVE,873
1989-07-09,EVE,180
1989-07-10,EVE,595
1989-07-11,EVE,990
1989-07-12,EVE,978
1989-07-13,EVE,374
1989-07-14,EVE,271
1989-07-15,EVE,489
1989-07-16,EVE,630
1989-07-17,EVE,461
1989-07-18,EVE,534
1989-07-19,EVE,353
1989-07-20,EVE,625
1989-07-21,EVE,556
1989-07-22,EVE,419
1989-07-23,EVE,808
1989-07-24,EVE,625
1989-07-25,EVE,102
1989-07-26,EVE,139
1989-07-27,EVE,133
1989-07-28,EVE,166
1989-07-29,EVE,816
1989-07-30,EVE,376
1989-07-31,EVE,858
1989-08-01,EVE,886
1989-08-02,EVE,280
1989-08-03,EVE,466
1989-08-04,EVE,573
1989-08-05,EVE,764
1989-08-06,EVE,113
1989-08-07,EVE,536
1989-08-08,EVE,283
1989-08-09,EVE,632
1989-08-10,EVE,221
1989-08-11,EVE,227
1989-08-12,EVE,438
1989-08-13,EVE,562
1989-08-14,EVE,244
1989-08-15,EVE,287
1989-08-16,EVE,658
1989-08-17,EVE,785
1989-08-18,EVE,193
1989-08-19,EVE,568
1989-08-20,EVE,481
1989-08-21,EVE,720
1989-08-22,EVE,857
1989-08-23,EVE,546
1989-08-24,EVE,258
1989-08-25,EVE,368
1989-08-26,EVE,480
1989-08-27,EVE,450
1989-08-28,EVE,594
1989-08-29,EVE,779
1989-08-30,EVE,068
1989-08-31,EVE,674
1989-09-01,EVE,051
1989-09-02,EVE,522
1989-09-03,EVE,093
1989-09-04,EVE,112
1989-09-05,EVE,781
1989-09-06,EVE,066
1989-09-07,EVE,337
1989-09-08,EVE,430
1989-09-09,EVE,658
1989-09-10,EVE,500
1989-09-11,EVE,251
1989-09-12,EVE,037
1989-09-13,EVE,427
1989-09-14,EVE,041
1989-09-15,EVE,330
1989-09-16,EVE,267
1989-09-17,EVE,595
1989-09-18,EVE,338
1989-09-19,EVE,449
1989-09-20,EVE,940
1989-09-21,EVE,795
1989-09-22,EVE,239
1989-09-23,EVE,414
1989-09-24,EVE,495
1989-09-25,EVE,445
1989-09-26,EVE,351
1989-09-27,EVE,053
1989-09-28,EVE,038
1989-09-29,EVE,856
1989-09-30,EVE,246
1989-10-01,EVE,649
1989-10-02,EVE,271
1989-10-03,EVE,497
1989-10-04,EVE,134
1989-10-05,EVE,279
1989-10-06,EVE,927
1989-10-07,EVE,125
1989-10-08,EVE,539
1989-10-09,EVE,597
1989-10-10,EVE,143
1989-10-11,EVE,257
1989-10-12,EVE,960
1989-10-13,EVE,776
1989-10-14,EVE,609
1989-10-15,EVE,492
1989-10-16,EVE,488
1989-10-17,EVE,180
1989-10-18,EVE,460
1989-10-19,EVE,639
1989-10-20,EVE,813
1989-10-21,EVE,318
1989-10-22,EVE,594
1989-10-23,EVE,876
1989-10-24,EVE,963
1989-10-25,EVE,535
1989-10-26,EVE,446
1989-10-27,EVE,377
1989-10-28,EVE,111
1989-10-29,EVE,041
1989-10-30,EVE,052
1989-10-31,EVE,440
1989-11-01,EVE,797
1989-11-02,EVE,688
1989-11-03,EVE,552
1989-11-04,EVE,852
1989-11-05,EVE,975
1989-11-06,EVE,277
1989-11-07,EVE,096
1989-11-08,EVE,648
1989-11-09,EVE,433
1989-11-10,EVE,234
1989-11-11,EVE,162
1989-11-12,EVE,164
1989-11-13,EVE,846
1989-11-14,EVE,332
1989-11-15,EVE,313
1989-11-16,EVE,048
1989-11-17,EVE,431
1989-11-18,EVE,328
1989-11-19,EVE,743
1989-11-20,EVE,155
1989-11-21,EVE,484
1989-11-22,EVE,473
1989-11-23,EVE,820
1989-11-24,EVE,654
1989-11-25,EVE,095
1989-11-26,EVE,205
1989-11-27,EVE,763
1989-11-28,EVE,410
1989-11-29,EVE,155
1989-11-30,EVE,988
1989-12-01,EVE,660
1989-12-02,EVE,421
1989-12-03,EVE,720
1989-12-04,EVE,345
1989-12-05,EVE,546
1989-12-06,EVE,464
1989-12-07,EVE,398
1989-12-08,EVE,393
1989-12-09,EVE,323
1989-12-10,EVE,639
1989-12-11,EVE,477
1989-12-12,EVE,932
1989-12-13,EVE,799
1989-12-14,EVE,260
1989-12-15,EVE,254
1989-12-16,EVE,542
1989-12-17,EVE,395
1989-12-18,EVE,490
1989-12-19,EVE,260
1989-12-20,EVE,193
1989-12-21,EVE,228
1989-12-22,EVE,460
1989-12-23,EVE,817
1989-12-24,EVE,955
1989-12-26,EVE,851
1989-12-27,EVE,426
1989-12-28,EVE,183
1989-12-29,EVE,217
1989-12-30,EVE,917
1989-12-31,EVE,801
1990-01-01,EVE,269
1990-01-02,EVE,146
1990-01-03,EVE,227
1990-01-04,EVE,356
1990-01-05,EVE,491
1990-01-06,EVE,587
1990-01-07,EVE,369
1990-01-08,EVE,088
1990-01-09,EVE,554
1990-01-10,EVE,310
1990-01-11,EVE,549
1990-01-12,EVE,778
1990-01-13,EVE,064
1990-01-14,EVE,270
1990-01-15,EVE,454
1990-01-16,EVE,849
1990-01-17,EVE,933
1990-01-18,EVE,149
1990-01-19,EVE,489
1990-01-20,EVE,132
1990-01-21,EVE,221
1990-01-22,EVE,047
1990-01-23,EVE,022
1990-01-24,EVE,425
1990-01-25,EVE,099
1990-01-26,EVE,196
1990-01-27,EVE,546
1990-01-28,EVE,201
1990-01-29,EVE,738
1990-01-30,EVE,715
1990-01-31,EVE,763
1990-02-01,EVE,091
1990-02-02,EVE,765
1990-02-03,EVE,962
1990-02-04,EVE,992
1990-02-05,EVE,503
1990-02-06,EVE,937
1990-02-07,EVE,113
1990-02-08,EVE,012
1990-02-09,EVE,759
1990-02-10,EVE,833
1990-02-11,EVE,939
1990-02-12,EVE,920
1990-02-13,EVE,434
1990-02-14,EVE,343
1990-02-15,EVE,167
1990-02-16,EVE,853
1990-02-17,EVE,633
1990-02-18,EVE,074
1990-02-19,EVE,851
1990-02-20,EVE,358
1990-02-21,EVE,187
1990-02-22,EVE,577
1990-02-23,EVE,175
1990-02-24,EVE,678
1990-02-25,EVE,697
1990-02-26,EVE,025
1990-02-27,EVE,687
1990-02-28,EVE,545
1990-03-01,EVE,287
1990-03-02,EVE,918
1990-03-03,EVE,109
1990-03-04,EVE,023
1990-03-05,EVE,226
1990-03-06,EVE,381
1990-03-07,EVE,324
1990-03-08,EVE,188
1990-03-09,EVE,476
1990-03-10,EVE,019
1990-03-11,EVE,767
1990-03-12,EVE,536
1990-03-13,EVE,637
1990-03-14,EVE,090
1990-03-15,EVE,124
1990-03-16,EVE,354
1990-03-17,EVE,108
1990-03-18,EVE,337
1990-03-19,EVE,319
1990-03-20,EVE,542
1990-03-21,EVE,584
1990-03-22,EVE,129
1990-03-23,EVE,438
1990-03-24,EVE,216
1990-03-25,EVE,530
1990-03-26,EVE,229
1990-03-27,EVE,631
1990-03-28,EVE,805
1990-03-29,EVE,337
1990-03-30,EVE,289
1990-03-31,EVE,934
1990-04-01,EVE,195
1990-04-02,EVE,812
1990-04-03,EVE,927
1990-04-04,EVE,634
1990-04-05,EVE,782
1990-04-06,EVE,669
1990-04-07,EVE,126
1990-04-08,EVE,175
1990-04-09,EVE,118
1990-04-10,EVE,560
1990-04-11,EVE,850
1990-04-12,EVE,928
1990-04-13,EVE,406
1990-04-14,EVE,248
1990-04-15,EVE,089
1990-04-16,EVE,523
1990-04-17,EVE,586
1990-04-18,EVE,414
1990-04-19,EVE,272
1990-04-20,EVE,019
1990-04-21,EVE,385
1990-04-22,EVE,790
1990-04-23,EVE,314
1990-04-24,EVE,131
1990-04-25,EVE,970
1990-04-26,EVE,843
1990-04-27,EVE,678
1990-04-28,EVE,972
1990-04-29,EVE,809
1990-04-30,EVE,695
1990-05-01,EVE,545
1990-05-02,EVE,163
1990-05-03,EVE,152
1990-05-04,EVE,762
1990-05-05,EVE,724
1990-05-06,EVE,051
1990-05-07,EVE,374
1990-05-08,EVE,224
1990-05-09,EVE,631
1990-05-10,EVE,750
1990-05-11,EVE,160
1990-05-12,EVE,443
1990-05-13,EVE,517
1990-05-14,EVE,170
1990-05-15,EVE,987
1990-05-16,EVE,253
1990-05-17,EVE,242
1990-05-18,EVE,417
1990-05-19,EVE,873
1990-05-20,EVE,881
1990-05-21,EVE,606
1990-05-22,EVE,475
1990-05-23,EVE,765
1990-05-24,EVE,245
1990-05-25,EVE,948
1990-05-26,EVE,309
1990-05-27,EVE,431
1990-05-28,EVE,036
1990-05-29,EVE,578
1990-05-30,EVE,521
1990-05-31,EVE,891
1990-06-01,EVE,906
1990-06-02,EVE,537
1990-06-03,EVE,899
1990-06-04,EVE,544
1990-06-05,EVE,132
1990-06-06,EVE,349
1990-06-07,EVE,929
1990-06-08,EVE,854
1990-06-09,EVE,034
1990-06-10,EVE,367
1990-06-11,EVE,711
1990-06-12,EVE,101
1990-06-13,EVE,659
1990-06-14,EVE,144
1990-06-15,EVE,077
1990-06-16,EVE,957
1990-06-17,EVE,033
1990-06-18,EVE,118
1990-06-19,EVE,525
1990-06-20,EVE,259
1990-06-21,EVE,419
1990-06-22,EVE,693
1990-06-23,EVE,323
1990-06-24,EVE,134
1990-06-25,EVE,550
1990-06-26,EVE,004
1990-06-27,EVE,619
1990-06-28,EVE,921
1990-06-29,EVE,944
1990-06-30,EVE,398
1990-07-01,EVE,521
1990-07-02,EVE,828
1990-07-03,EVE,301
1990-07-04,EVE,517
1990-07-05,EVE,525
1990-07-06,EVE,958
1990-07-07,EVE,497
1990-07-08,EVE,170
1990-07-09,EVE,603
1990-07-10,EVE,131
1990-07-11,EVE,683
1990-07-12,EVE,355
1990-07-13,EVE,541
1990-07-14,EVE,378
1990-07-15,EVE,201
1990-07-16,EVE,562
1990-07-17,EVE,541
1990-07-18,EVE,117
1990-07-19,EVE,697
1990-07-20,EVE,564
1990-07-21,EVE,873
1990-07-22,EVE,985
1990-07-23,EVE,714
1990-07-24,EVE,667
1990-07-25,EVE,787
1990-07-26,EVE,152
1990-07-27,EVE,159
1990-07-28,EVE,569
1990-07-29,EVE,898
1990-07-30,EVE,601
1990-07-31,EVE,309
1990-08-01,EVE,312
1990-08-02,EVE,629
1990-08-03,EVE,048
1990-08-04,EVE,413
1990-08-05,EVE,492
1990-08-06,EVE,641
1990-08-07,EVE,724
1990-08-08,EVE,077
1990-08-09,EVE,220
1990-08-10,EVE,396
1990-08-11,EVE,535
1990-08-12,EVE,501
1990-08-13,EVE,390
1990-08-14,EVE,059
1990-08-15,EVE,896
1990-08-16,EVE,593
1990-08-17,EVE,465
1990-08-18,EVE,421
1990-08-19,EVE,527
1990-08-20,EVE,340
1990-08-21,EVE,304
1990-08-22,EVE,760
1990-08-23,EVE,063
1990-08-24,EVE,011
1990-08-25,EVE,957
1990-08-26,EVE,521
1990-08-27,EVE,402
1990-08-28,EVE,824
1990-08-29,EVE,325
1990-08-30,EVE,357
1990-08-31,EVE,744
1990-09-01,EVE,489
1990-09-02,EVE,267
1990-09-03,EVE,678
1990-09-04,EVE,675
1990-09-05,EVE,572
1990-09-06,EVE,877
1990-09-07,EVE,513
1990-09-08,EVE,128
1990-09-09,EVE,468
1990-09-10,EVE,321
1990-09-11,EVE,651
1990-09-12,EVE,769
1990-09-13,EVE,747
1990-09-14,EVE,668
1990-09-15,EVE,667
1990-09-16,EVE,717
1990-09-17,EVE,772
1990-09-18,EVE,906
1990-09-19,EVE,097
1990-09-20,EVE,748
1990-09-21,EVE,335
1990-09-22,EVE,899
1990-09-23,EVE,510
1990-09-24,EVE,731
1990-09-25,EVE,260
1990-09-26,EVE,532
1990-09-27,EVE,089
1990-09-28,EVE,822
1990-09-29,EVE,149
1990-09-30,EVE,138
1990-10-01,EVE,140
1990-10-02,EVE,756
1990-10-03,EVE,761
1990-10-04,EVE,889
1990-10-05,EVE,793
1990-10-06,EVE,977
1990-10-07,EVE,936
1990-10-08,EVE,280
1990-10-09,EVE,186
1990-10-10,EVE,473
1990-10-11,EVE,647
1990-10-12,EVE,950
1990-10-13,EVE,343
1990-10-14,EVE,098
1990-10-15,EVE,544
1990-10-16,EVE,869
1990-10-17,EVE,050
1990-10-18,EVE,105
1990-10-19,EVE,607
1990-10-20,EVE,303
1990-10-21,EVE,031
1990-10-22,EVE,271
1990-10-23,EVE,117
1990-10-24,EVE,343
1990-10-25,EVE,402
1990-10-26,EVE,896
1990-10-27,EVE,380
1990-10-28,EVE,726
1990-10-29,EVE,282
1990-10-30,EVE,515
1990-10-31,EVE,956
1990-11-01,EVE,831
1990-11-02,EVE,951
1990-11-03,EVE,296
1990-11-04,EVE,075
1990-11-05,EVE,621
1990-11-06,EVE,420
1990-11-07,EVE,661
1990-11-08,EVE,530
1990-11-09,EVE,443
1990-11-10,EVE,146
1990-11-11,EVE,391
1990-11-12,EVE,791
1990-11-13,EVE,085
1990-11-14,EVE,476
1990-11-15,EVE,711
1990-11-16,EVE,247
1990-11-17,EVE,262
1990-11-18,EVE,834
1990-11-19,EVE,950
1990-11-20,EVE,753
1990-11-21,EVE,454
1990-11-22,EVE,007
1990-11-23,EVE,439
1990-11-24,EVE,132
1990-11-25,EVE,643
1990-11-26,EVE,936
1990-11-27,EVE,453
1990-11-28,EVE,830
1990-11-29,EVE,921
1990-11-30,EVE,011
1990-12-01,EVE,563
1990-12-02,EVE,458
1990-12-03,EVE,354
1990-12-04,EVE,777
1990-12-05,EVE,130
1990-12-06,EVE,618
1990-12-07,EVE,510
1990-12-08,EVE,258
1990-12-09,EVE,884
1990-12-10,EVE,360
1990-12-11,EVE,468
1990-12-12,EVE,987
1990-12-13,EVE,720
1990-12-14,EVE,198
1990-12-15,EVE,526
1990-12-16,EVE,481
1990-12-17,EVE,094
1990-12-18,EVE,349
1990-12-19,EVE,961
1990-12-20,EVE,178
1990-12-21,EVE,512
1990-12-22,EVE,986
1990-12-23,EVE,455
1990-12-24,EVE,408
1990-12-26,EVE,603
1990-12-27,EVE,533
1990-12-28,EVE,467
1990-12-29,EVE,659
1990-12-30,EVE,176
1990-12-31,EVE,154
1991-01-01,EVE,988
1991-01-02,EVE,657
1991-01-03,EVE,413
1991-01-04,EVE,034
1991-01-05,EVE,546
1991-01-06,EVE,256
1991-01-07,EVE,284
1991-01-08,EVE,535
1991-01-09,EVE,454
1991-01-10,EVE,041
1991-01-11,EVE,364
1991-01-12,EVE,674
1991-01-13,EVE,756
1991-01-14,EVE,470
1991-01-15,EVE,623
1991-01-16,EVE,497
1991-01-17,EVE,888
1991-01-18,EVE,140
1991-01-19,EVE,871
1991-01-20,EVE,042
1991-01-21,EVE,547
1991-01-22,EVE,607
1991-01-23,EVE,948
1991-01-24,EVE,300
1991-01-25,EVE,900
1991-01-26,EVE,460
1991-01-27,EVE,629
1991-01-28,EVE,117
1991-01-29,EVE,605
1991-01-30,EVE,108
1991-01-31,EVE,963
1991-02-01,EVE,511
1991-02-02,EVE,347
1991-02-03,EVE,620
1991-02-04,EVE,062
1991-02-05,EVE,002
1991-02-06,EVE,360
1991-02-07,EVE,629
1991-02-08,EVE,068
1991-02-09,EVE,429
1991-02-10,EVE,183
1991-02-11,EVE,594
1991-02-12,EVE,939
1991-02-13,EVE,276
1991-02-14,EVE,002
1991-02-15,EVE,201
1991-02-16,EVE,928
1991-02-17,EVE,433
1991-02-18,EVE,675
1991-02-19,EVE,602
1991-02-20,EVE,020
1991-02-21,EVE,999
1991-02-22,EVE,631
1991-02-23,EVE,820
1991-02-24,EVE,842
1991-02-25,EVE,240
1991-02-26,EVE,699
1991-02-27,EVE,054
1991-02-28,EVE,939
1991-03-01,EVE,340
1991-03-02,EVE,585
1991-03-03,EVE,966
1991-03-04,EVE,121
1991-03-05,EVE,310
1991-03-06,EVE,148
1991-03-07,EVE,201
1991-03-08,EVE,582
1991-03-09,EVE,230
1991-03-10,EVE,236
1991-03-11,EVE,601
1991-03-12,EVE,980
1991-03-13,EVE,099
1991-03-14,EVE,785
1991-03-15,EVE,156
1991-03-16,EVE,382
1991-03-17,EVE,537
1991-03-18,EVE,049
1991-03-19,EVE,714
1991-03-20,EVE,848
1991-03-21,EVE,865
1991-03-22,EVE,511
1991-03-23,EVE,940
1991-03-24,EVE,269
1991-03-25,EVE,436
1991-03-26,EVE,220
1991-03-27,EVE,654
1991-03-28,EVE,173
1991-03-29,EVE,558
1991-03-30,EVE,690
1991-03-31,EVE,389
1991-04-01,EVE,644
1991-04-02,EVE,158
1991-04-03,EVE,948
1991-04-04,EVE,340
1991-04-05,EVE,800
1991-04-06,EVE,968
1991-04-07,EVE,060
1991-04-08,EVE,511
1991-04-09,EVE,720
1991-04-10,EVE,580
1991-04-11,EVE,931
1991-04-12,EVE,092
1991-04-13,EVE,828
1991-04-14,EVE,813
1991-04-15,EVE,913
1991-04-16,EVE,342
1991-04-17,EVE,621
1991-04-18,EVE,786
1991-04-19,EVE,779
1991-04-20,EVE,309
1991-04-21,EVE,547
1991-04-22,EVE,987
1991-04-23,EVE,708
1991-04-24,EVE,336
1991-04-25,EVE,922
1991-04-26,EVE,309
1991-04-27,EVE,366
1991-04-28,EVE,636
1991-04-29,EVE,908
1991-04-30,EVE,807
1991-05-01,EVE,732
1991-05-02,EVE,539
1991-05-03,EVE,291
1991-05-04,EVE,436
1991-05-05,EVE,411
1991-05-06,EVE,640
1991-05-07,EVE,345
1991-05-08,EVE,742
1991-05-09,EVE,613
1991-05-10,EVE,045
1991-05-11,EVE,537
1991-05-12,EVE,692
1991-05-13,EVE,398
1991-05-14,EVE,450
1991-05-15,EVE,954
1991-05-16,EVE,093
1991-05-17,EVE,816
1991-05-18,EVE,758
1991-05-19,EVE,979
1991-05-20,EVE,644
1991-05-21,EVE,040
1991-05-22,EVE,443
1991-05-23,EVE,233
1991-05-24,EVE,232
1991-05-25,EVE,020
1991-05-26,EVE,462
1991-05-27,EVE,781
1991-05-28,EVE,709
1991-05-29,EVE,406
1991-05-30,EVE,653
1991-05-31,EVE,242
1991-06-01,EVE,488
1991-06-02,EVE,488
1991-06-03,EVE,297
1991-06-04,EVE,268
1991-06-05,EVE,094
1991-06-06,EVE,394
1991-06-07,EVE,180
1991-06-08,EVE,739
1991-06-09,EVE,532
1991-06-10,EVE,142
1991-06-11,EVE,144
1991-06-12,EVE,159
1991-06-13,EVE,096
1991-06-14,EVE,932
1991-06-15,EVE,760
1991-06-16,EVE,426
1991-06-17,EVE,934
1991-06-18,EVE,510
1991-06-19,EVE,667
1991-06-20,EVE,209
1991-06-21,EVE,909
1991-06-22,EVE,956
1991-06-23,EVE,513
1991-06-24,EVE,994
1991-06-25,EVE,067
1991-06-26,EVE,365
1991-06-27,EVE,426
1991-06-28,EVE,598
1991-06-29,EVE,590
1991-06-30,EVE,346
1991-07-01,EVE,522
1991-07-02,EVE,179
1991-07-03,EVE,072
1991-07-04,EVE,905
1991-07-05,EVE,226
1991-07-06,EVE,109
1991-07-07,EVE,015
1991-07-08,EVE,120
1991-07-09,EVE,244
1991-07-10,EVE,085
1991-07-11,EVE,790
1991-07-12,EVE,813
1991-07-13,EVE,864
1991-07-14,EVE,006
1991-07-15,EVE,774
1991-07-16,EVE,425
1991-07-17,EVE,154
1991-07-18,EVE,724
1991-07-19,EVE,476
1991-07-20,EVE,798
1991-07-21,EVE,279
1991-07-22,EVE,632
1991-07-23,EVE,373
1991-07-24,EVE,702
1991-07-25,EVE,973
1991-07-26,EVE,582
1991-07-27,EVE,793
1991-07-28,EVE,934
1991-07-29,EVE,397
1991-07-30,EVE,268
1991-07-31,EVE,176
1991-08-01,EVE,227
1991-08-02,EVE,537
1991-08-03,EVE,018
1991-08-04,EVE,402
1991-08-05,EVE,995
1991-08-06,EVE,038
1991-08-07,EVE,546
1991-08-08,EVE,932
1991-08-09,EVE,317
1991-08-10,EVE,624
1991-08-11,EVE,040
1991-08-12,EVE,142
1991-08-13,EVE,973
1991-08-14,EVE,065
1991-08-15,EVE,836
1991-08-16,EVE,054
1991-08-17,EVE,042
1991-08-18,EVE,355
1991-08-19,EVE,717
1991-08-20,EVE,754
1991-08-21,EVE,650
1991-08-22,EVE,290
1991-08-23,EVE,156
1991-08-24,EVE,085
1991-08-25,EVE,567
1991-08-26,EVE,725
1991-08-27,EVE,852
1991-08-28,EVE,292
1991-08-29,EVE,372
1991-08-30,EVE,666
1991-08-31,EVE,758
1991-09-01,EVE,729
1991-09-02,EVE,921
1991-09-03,EVE,565
1991-09-04,EVE,436
1991-09-05,EVE,308
1991-09-06,EVE,668
1991-09-07,EVE,774
1991-09-08,EVE,193
1991-09-09,EVE,258
1991-09-10,EVE,239
1991-09-11,EVE,361
1991-09-12,EVE,504
1991-09-13,EVE,809
1991-09-14,EVE,568
1991-09-15,EVE,629
1991-09-16,EVE,541
1991-09-17,EVE,334
1991-09-18,EVE,476
1991-09-19,EVE,169
1991-09-20,EVE,964
1991-09-21,EVE,230
1991-09-22,EVE,348
1991-09-23,EVE,285
1991-09-24,EVE,435
1991-09-25,EVE,193
1991-09-26,EVE,843
1991-09-27,EVE,997
1991-09-28,EVE,741
1991-09-29,EVE,044
1991-09-30,EVE,310
1991-10-01,EVE,411
1991-10-02,EVE,237
1991-10-03,EVE,537
1991-10-04,EVE,815
1991-10-05,EVE,716
1991-10-06,EVE,438
1991-10-07,EVE,808
1991-10-08,EVE,290
1991-10-09,EVE,238
1991-10-10,EVE,045
1991-10-11,EVE,438
1991-10-12,EVE,369
1991-10-13,EVE,774
1991-10-14,EVE,859
1991-10-15,EVE,676
1991-10-16,EVE,747
1991-10-17,EVE,634
1991-10-18,EVE,079
1991-10-19,EVE,274
1991-10-20,EVE,695
1991-10-21,EVE,946
1991-10-22,EVE,369
1991-10-23,EVE,604
1991-10-24,EVE,543
1991-10-25,EVE,016
1991-10-26,EVE,908
1991-10-27,EVE,016
1991-10-28,EVE,260
1991-10-29,EVE,257
1991-10-30,EVE,251
1991-10-31,EVE,049
1991-11-01,EVE,631
1991-11-02,EVE,188
1991-11-03,EVE,339
1991-11-04,EVE,952
1991-11-05,EVE,827
1991-11-06,EVE,971
1991-11-07,EVE,002
1991-11-08,EVE,637
1991-11-09,EVE,443
1991-11-10,EVE,062
1991-11-11,EVE,834
1991-11-12,EVE,261
1991-11-13,EVE,550
1991-11-14,EVE,946
1991-11-15,EVE,913
1991-11-16,EVE,556
1991-11-17,EVE,536
1991-11-18,EVE,693
1991-11-19,EVE,481
1991-11-20,EVE,681
1991-11-21,EVE,072
1991-11-22,EVE,844
1991-11-23,EVE,342
1991-11-24,EVE,725
1991-11-25,EVE,262
1991-11-26,EVE,624
1991-11-27,EVE,008
1991-11-28,EVE,951
1991-11-29,EVE,320
1991-11-30,EVE,637
1991-12-01,EVE,444
1991-12-02,EVE,594
1991-12-03,EVE,667
1991-12-04,EVE,234
1991-12-05,EVE,153
1991-12-06,EVE,220
1991-12-07,EVE,861
1991-12-08,EVE,011
1991-12-09,EVE,279
1991-12-10,EVE,882
1991-12-11,EVE,471
1991-12-12,EVE,722
1991-12-13,EVE,040
1991-12-14,EVE,744
1991-12-15,EVE,856
1991-12-16,EVE,683
1991-12-17,EVE,122
1991-12-18,EVE,394
1991-12-19,EVE,682
1991-12-20,EVE,486
1991-12-21,EVE,781
1991-12-22,EVE,820
1991-12-23,EVE,674
1991-12-24,EVE,620
1991-12-26,EVE,826
1991-12-27,EVE,100
1991-12-28,EVE,426
1991-12-29,EVE,944
1991-12-30,EVE,276
1991-12-31,EVE,244
1992-01-01,EVE,234
1992-01-02,EVE,391
1992-01-03,EVE,264
1992-01-04,EVE,065
1992-01-05,EVE,454
1992-01-06,EVE,125
1992-01-07,EVE,098
1992-01-08,EVE,691
1992-01-09,EVE,856
1992-01-10,EVE,965
1992-01-11,EVE,723
1992-01-12,EVE,090
1992-01-13,EVE,064
1992-01-14,EVE,537
1992-01-15,EVE,265
1992-01-16,EVE,315
1992-01-17,EVE,844
1992-01-18,EVE,958
1992-01-19,EVE,559
1992-01-20,EVE,512
1992-01-21,EVE,479
1992-01-22,EVE,267
1992-01-23,EVE,829
1992-01-24,EVE,952
1992-01-25,EVE,911
1992-01-26,EVE,184
1992-01-27,EVE,236
1992-01-28,EVE,402
1992-01-29,EVE,127
1992-01-30,EVE,101
1992-01-31,EVE,146
1992-02-01,EVE,616
1992-02-02,EVE,701
1992-02-03,EVE,892
1992-02-04,EVE,950
1992-02-05,EVE,562
1992-02-06,EVE,497
1992-02-07,EVE,062
1992-02-08,EVE,959
1992-02-09,EVE,427
1992-02-10,EVE,028
1992-02-11,EVE,032
1992-02-12,EVE,967
1992-02-13,EVE,368
1992-02-14,EVE,094
1992-02-15,EVE,608
1992-02-16,EVE,217
1992-02-17,EVE,512
1992-02-18,EVE,579
1992-02-19,EVE,059
1992-02-20,EVE,631
1992-02-21,EVE,474
1992-02-22,EVE,789
1992-02-23,EVE,922
1992-02-24,EVE,917
1992-02-25,EVE,735
1992-02-26,EVE,591
1992-02-27,EVE,859
1992-02-28,EVE,264
1992-02-29,EVE,862
1992-03-01,EVE,036
1992-03-02,EVE,238
1992-03-03,EVE,808
1992-03-04,EVE,475
1992-03-05,EVE,400
1992-03-06,EVE,501
1992-03-07,EVE,705
1992-03-08,EVE,366
1992-03-09,EVE,609
1992-03-10,EVE,397
1992-03-11,EVE,936
1992-03-12,EVE,354
1992-03-13,EVE,634
1992-03-14,EVE,770
1992-03-15,EVE,777
1992-03-16,EVE,760
1992-03-17,EVE,489
1992-03-18,EVE,960
1992-03-19,EVE,758
1992-03-20,EVE,659
1992-03-21,EVE,586
1992-03-22,EVE,329
1992-03-23,EVE,590
1992-03-24,EVE,479
1992-03-25,EVE,888
1992-03-26,EVE,838
1992-03-27,EVE,672
1992-03-28,EVE,791
1992-03-29,EVE,945
1992-03-30,EVE,047
1992-03-31,EVE,028
1992-04-01,EVE,681
1992-04-02,EVE,676
1992-04-03,EVE,320
1992-04-04,EVE,684
1992-04-05,EVE,145
1992-04-06,EVE,489
1992-04-07,EVE,954
1992-04-08,EVE,406
1992-04-09,EVE,526
1992-04-10,EVE,395
1992-04-11,EVE,934
1992-04-12,EVE,145
1992-04-13,EVE,680
1992-04-14,EVE,188
1992-04-15,EVE,441
1992-04-16,EVE,944
1992-04-17,EVE,548
1992-04-18,EVE,255
1992-04-19,EVE,228
1992-04-20,EVE,545
1992-04-21,EVE,264
1992-04-22,EVE,091
1992-04-23,EVE,633
1992-04-24,EVE,688
1992-04-25,EVE,999
1992-04-26,EVE,219
1992-04-27,EVE,455
1992-04-28,EVE,525
1992-04-29,EVE,751
1992-04-30,EVE,031
1992-05-01,EVE,873
1992-05-02,EVE,413
1992-05-03,EVE,884
1992-05-04,EVE,537
1992-05-05,EVE,531
1992-05-06,EVE,999
1992-05-07,EVE,224
1992-05-08,EVE,537
1992-05-09,EVE,785
1992-05-10,EVE,282
1992-05-11,EVE,788
1992-05-12,EVE,239
1992-05-13,EVE,026
1992-05-14,EVE,349
1992-05-15,EVE,257
1992-05-16,EVE,125
1992-05-17,EVE,978
1992-05-18,EVE,477
1992-05-19,EVE,069
1992-05-20,EVE,102
1992-05-21,EVE,910
1992-05-22,EVE,490
1992-05-23,EVE,587
1992-05-24,EVE,048
1992-05-25,EVE,157
1992-05-26,EVE,495
1992-05-27,EVE,602
1992-05-28,EVE,282
1992-05-29,EVE,156
1992-05-30,EVE,821
1992-05-31,EVE,552
1992-06-01,EVE,896
1992-06-02,EVE,515
1992-06-03,EVE,647
1992-06-04,EVE,017
1992-06-05,EVE,288
1992-06-06,EVE,965
1992-06-07,EVE,279
1992-06-08,EVE,762
1992-06-09,EVE,842
1992-06-10,EVE,601
1992-06-11,EVE,205
1992-06-12,EVE,243
1992-06-13,EVE,835
1992-06-14,EVE,741
1992-06-15,EVE,706
1992-06-16,EVE,554
1992-06-17,EVE,847
1992-06-18,EVE,795
1992-06-19,EVE,958
1992-06-20,EVE,108
1992-06-21,EVE,617
1992-06-22,EVE,748
1992-06-23,EVE,605
1992-06-24,EVE,278
1992-06-25,EVE,683
1992-06-26,EVE,450
1992-06-27,EVE,410
1992-06-28,EVE,221
1992-06-29,EVE,162
1992-06-30,EVE,931
1992-07-01,EVE,324
1992-07-02,EVE,575
1992-07-03,EVE,279
1992-07-04,EVE,292
1992-07-05,EVE,458
1992-07-06,EVE,322
1992-07-07,EVE,973
1992-07-08,EVE,753
1992-07-09,EVE,778
1992-07-10,EVE,182
1992-07-11,EVE,061
1992-07-12,EVE,827
1992-07-13,EVE,547
1992-07-14,EVE,074
1992-07-15,EVE,069
1992-07-16,EVE,088
1992-07-17,EVE,067
1992-07-18,EVE,706
1992-07-19,EVE,105
1992-07-20,EVE,085
1992-07-21,EVE,313
1992-07-22,EVE,224
1992-07-23,EVE,888
1992-07-24,EVE,121
1992-07-25,EVE,469
1992-07-26,EVE,619
1992-07-27,EVE,637
1992-07-28,EVE,341
1992-07-29,EVE,134
1992-07-30,EVE,785
1992-07-31,EVE,503
1992-08-01,EVE,559
1992-08-02,EVE,754
1992-08-03,EVE,683
1992-08-04,EVE,558
1992-08-05,EVE,812
1992-08-06,EVE,730
1992-08-07,EVE,999
1992-08-08,EVE,355
1992-08-09,EVE,194
1992-08-10,EVE,745
1992-08-11,EVE,304
1992-08-12,EVE,015
1992-08-13,EVE,749
1992-08-14,EVE,046
1992-08-15,EVE,159
1992-08-16,EVE,803
1992-08-17,EVE,766
1992-08-18,EVE,406
1992-08-19,EVE,442
1992-08-20,EVE,074
1992-08-21,EVE,811
1992-08-22,EVE,504
1992-08-23,EVE,981
1992-08-24,EVE,266
1992-08-25,EVE,038
1992-08-26,EVE,882
1992-08-27,EVE,222
1992-08-28,EVE,838
1992-08-29,EVE,897
1992-08-30,EVE,995
1992-08-31,EVE,447
1992-09-01,EVE,481
1992-09-02,EVE,573
1992-09-03,EVE,959
1992-09-04,EVE,252
1992-09-05,EVE,221
1992-09-06,EVE,913
1992-09-07,EVE,058
1992-09-08,EVE,037
1992-09-09,EVE,361
1992-09-10,EVE,417
1992-09-11,EVE,319
1992-09-12,EVE,975
1992-09-13,EVE,649
1992-09-14,EVE,570
1992-09-15,EVE,271
1992-09-16,EVE,813
1992-09-17,EVE,533
1992-09-18,EVE,755
1992-09-19,EVE,228
1992-09-20,EVE,280
1992-09-21,EVE,373
1992-09-22,EVE,285
1992-09-23,EVE,393
1992-09-24,EVE,732
1992-09-25,EVE,008
1992-09-26,EVE,779
1992-09-27,EVE,468
1992-09-28,EVE,549
1992-09-29,EVE,894
1992-09-30,EVE,102
1992-10-01,EVE,402
1992-10-02,EVE,258
1992-10-03,EVE,606
1992-10-04,EVE,389
1992-10-05,EVE,163
1992-10-06,EVE,143
1992-10-07,EVE,045
1992-10-08,EVE,814
1992-10-09,EVE,618
1992-10-10,EVE,950
1992-10-11,EVE,274
1992-10-12,EVE,366
1992-10-13,EVE,920
1992-10-14,EVE,548
1992-10-15,EVE,336
1992-10-16,EVE,289
1992-10-17,EVE,543
1992-10-18,EVE,686
1992-10-19,EVE,293
1992-10-20,EVE,039
1992-10-21,EVE,034
1992-10-22,EVE,375
1992-10-23,EVE,952
1992-10-24,EVE,412
1992-10-25,EVE,012
1992-10-26,EVE,726
1992-10-27,EVE,659
1992-10-28,EVE,086
1992-10-29,EVE,181
1992-10-30,EVE,819
1992-10-31,EVE,452
1992-11-01,EVE,929
1992-11-02,EVE,284
1992-11-03,EVE,641
1992-11-04,EVE,553
1992-11-05,EVE,183
1992-11-06,EVE,446
1992-11-07,EVE,190
1992-11-08,EVE,141
1992-11-09,EVE,949
1992-11-10,EVE,223
1992-11-11,EVE,645
1992-11-12,EVE,759
1992-11-13,EVE,309
1992-11-14,EVE,891
1992-11-15,EVE,753
1992-11-16,EVE,262
1992-11-17,EVE,760
1992-11-18,EVE,545
1992-11-19,EVE,692
1992-11-20,EVE,036
1992-11-21,EVE,992
1992-11-22,EVE,184
1992-11-23,EVE,394
1992-11-24,EVE,744
1992-11-25,EVE,284
1992-11-26,EVE,789
1992-11-27,EVE,158
1992-11-28,EVE,148
1992-11-29,EVE,349
1992-11-30,EVE,367
1992-12-01,EVE,938
1992-12-02,EVE,739
1992-12-03,EVE,885
1992-12-04,EVE,116
1992-12-05,EVE,249
1992-12-06,EVE,266
1992-12-07,EVE,693
1992-12-08,EVE,549
1992-12-09,EVE,081
1992-12-10,EVE,630
1992-12-11,EVE,982
1992-12-12,EVE,359
1992-12-13,EVE,533
1992-12-14,EVE,565
1992-12-15,EVE,721
1992-12-16,EVE,452
1992-12-17,EVE,882
1992-12-18,EVE,265
1992-12-19,EVE,607
1992-12-20,EVE,332
1992-12-21,EVE,575
1992-12-22,EVE,655
1992-12-23,EVE,243
1992-12-24,EVE,803
1992-12-25,EVE,507
1992-12-26,EVE,510
1992-12-27,EVE,099
1992-12-28,EVE,513
1992-12-29,EVE,348
1992-12-30,EVE,036
1992-12-31,EVE,258
1993-01-01,EVE,240
1993-01-02,EVE,619
1993-01-03,EVE,103
1993-01-04,EVE,361
1993-01-05,EVE,687
1993-01-06,EVE,759
1993-01-07,EVE,607
1993-01-08,EVE,842
1993-01-09,EVE,319
1993-01-10,EVE,302
1993-01-11,EVE,206
1993-01-12,EVE,848
1993-01-13,EVE,223
1993-01-14,EVE,285
1993-01-15,EVE,220
1993-01-16,EVE,204
1993-01-17,EVE,974
1993-01-18,EVE,390
1993-01-19,EVE,135
1993-01-20,EVE,162
1993-01-21,EVE,598
1993-01-22,EVE,191
1993-01-23,EVE,400
1993-01-24,EVE,111
1993-01-25,EVE,119
1993-01-26,EVE,284
1993-01-27,EVE,954
1993-01-28,EVE,147
1993-01-29,EVE,844
1993-01-30,EVE,376
1993-01-31,EVE,056
1993-02-01,EVE,965
1993-02-02,EVE,768
1993-02-03,EVE,441
1993-02-04,EVE,986
1993-02-05,EVE,224
1993-02-06,EVE,150
1993-02-07,EVE,977
1993-02-08,EVE,463
1993-02-09,EVE,532
1993-02-10,EVE,194
1993-02-11,EVE,070
1993-02-12,EVE,458
1993-02-13,EVE,945
1993-02-14,EVE,463
1993-02-15,EVE,872
1993-02-16,EVE,549
1993-02-17,EVE,451
1993-02-18,EVE,311
1993-02-19,EVE,945
1993-02-20,EVE,297
1993-02-21,EVE,135
1993-02-22,EVE,827
1993-02-23,EVE,565
1993-02-24,EVE,433
1993-02-25,EVE,050
1993-02-26,EVE,036
1993-02-27,EVE,060
1993-02-28,EVE,286
1993-03-01,EVE,751
1993-03-02,EVE,448
1993-03-03,EVE,497
1993-03-04,EVE,211
1993-03-05,EVE,676
1993-03-06,EVE,098
1993-03-07,EVE,041
1993-03-08,EVE,078
1993-03-09,EVE,336
1993-03-10,EVE,861
1993-03-11,EVE,907
1993-03-12,EVE,192
1993-03-13,EVE,981
1993-03-14,EVE,770
1993-03-15,EVE,844
1993-03-16,EVE,290
1993-03-17,EVE,899
1993-03-18,EVE,279
1993-03-19,EVE,176
1993-03-20,EVE,250
1993-03-21,EVE,901
1993-03-22,EVE,406
1993-03-23,EVE,433
1993-03-24,EVE,621
1993-03-25,EVE,911
1993-03-26,EVE,151
1993-03-27,EVE,610
1993-03-28,EVE,718
1993-03-29,EVE,746
1993-03-30,EVE,731
1993-03-31,EVE,622
1993-04-01,EVE,432
1993-04-02,EVE,486
1993-04-03,EVE,215
1993-04-04,EVE,292
1993-04-05,EVE,781
1993-04-06,EVE,441
1993-04-07,EVE,672
1993-04-08,EVE,259
1993-04-09,EVE,512
1993-04-10,EVE,223
1993-04-11,EVE,606
1993-04-12,EVE,733
1993-04-13,EVE,838
1993-04-14,EVE,470
1993-04-15,EVE,200
1993-04-16,EVE,789
1993-04-17,EVE,853
1993-04-18,EVE,174
1993-04-19,EVE,699
1993-04-20,EVE,184
1993-04-21,EVE,044
1993-04-22,EVE,130
1993-04-23,EVE,527
1993-04-24,EVE,424
1993-04-25,EVE,557
1993-04-26,EVE,748
1993-04-27,EVE,055
1993-04-28,EVE,828
1993-04-29,EVE,978
1993-04-30,EVE,922
1993-05-01,EVE,313
1993-05-02,EVE,955
1993-05-03,EVE,562
1993-05-04,EVE,514
1993-05-05,EVE,313
1993-05-06,EVE,165
1993-05-07,EVE,365
1993-05-08,EVE,480
1993-05-09,EVE,877
1993-05-10,EVE,445
1993-05-11,EVE,767
1993-05-12,EVE,201
1993-05-13,EVE,580
1993-05-14,EVE,535
1993-05-15,EVE,971
1993-05-16,EVE,553
1993-05-17,EVE,748
1993-05-18,EVE,401
1993-05-19,EVE,117
1993-05-20,EVE,141
1993-05-21,EVE,334
1993-05-22,EVE,052
1993-05-23,EVE,632
1993-05-24,EVE,706
1993-05-25,EVE,553
1993-05-26,EVE,433
1993-05-27,EVE,083
1993-05-28,EVE,182
1993-05-29,EVE,578
1993-05-30,EVE,153
1993-05-31,EVE,573
1993-06-01,EVE,228
1993-06-02,EVE,453
1993-06-03,EVE,805
1993-06-04,EVE,039
1993-06-05,EVE,428
1993-06-06,EVE,272
1993-06-07,EVE,466
1993-06-08,EVE,311
1993-06-09,EVE,382
1993-06-10,EVE,451
1993-06-11,EVE,711
1993-06-12,EVE,256
1993-06-13,EVE,123
1993-06-14,EVE,260
1993-06-15,EVE,771
1993-06-16,EVE,040
1993-06-17,EVE,153
1993-06-18,EVE,121
1993-06-19,EVE,928
1993-06-20,EVE,848
1993-06-21,EVE,023
1993-06-22,EVE,091
1993-06-23,EVE,748
1993-06-24,EVE,305
1993-06-25,EVE,550
1993-06-26,EVE,251
1993-06-27,EVE,328
1993-06-28,EVE,144
1993-06-29,EVE,748
1993-06-30,EVE,045
1993-07-01,EVE,713
1993-07-02,EVE,432
1993-07-03,EVE,266
1993-07-04,EVE,431
1993-07-05,EVE,122
1993-07-06,EVE,980
1993-07-07,EVE,964
1993-07-08,EVE,302
1993-07-09,EVE,590
1993-07-10,EVE,988
1993-07-11,EVE,676
1993-07-12,EVE,049
1993-07-13,EVE,602
1993-07-14,EVE,919
1993-07-15,EVE,007
1993-07-16,EVE,101
1993-07-17,EVE,574
1993-07-18,EVE,554
1993-07-19,EVE,695
1993-07-20,EVE,968
1993-07-21,EVE,073
1993-07-22,EVE,484
1993-07-23,EVE,445
1993-07-24,EVE,301
1993-07-25,EVE,164
1993-07-26,EVE,260
1993-07-27,EVE,613
1993-07-28,EVE,751
1993-07-29,EVE,683
1993-07-30,EVE,483
1993-07-31,EVE,890
1993-08-01,EVE,539
1993-08-02,EVE,444
1993-08-03,EVE,980
1993-08-04,EVE,142
1993-08-05,EVE,575
1993-08-06,EVE,732
1993-08-07,EVE,054
1993-08-08,EVE,654
1993-08-09,EVE,274
1993-08-10,EVE,631
1993-08-11,EVE,891
1993-08-12,EVE,469
1993-08-13,EVE,011
1993-08-14,EVE,923
1993-08-15,EVE,412
1993-08-16,EVE,140
1993-08-17,EVE,101
1993-08-18,EVE,582
1993-08-19,EVE,593
1993-08-20,EVE,883
1993-08-21,EVE,244
1993-08-22,EVE,223
1993-08-23,EVE,211
1993-08-24,EVE,849
1993-08-25,EVE,675
1993-08-26,EVE,316
1993-08-27,EVE,936
1993-08-28,EVE,031
1993-08-29,EVE,204
1993-08-30,EVE,709
1993-08-31,EVE,194
1993-09-01,EVE,036
1993-09-02,EVE,036
1993-09-03,EVE,456
1993-09-04,EVE,361
1993-09-05,EVE,338
1993-09-06,EVE,043
1993-09-07,EVE,268
1993-09-08,EVE,750
1993-09-09,EVE,718
1993-09-10,EVE,671
1993-09-11,EVE,546
1993-09-12,EVE,318
1993-09-13,EVE,559
1993-09-14,EVE,646
1993-09-15,EVE,664
1993-09-16,EVE,566
1993-09-17,EVE,773
1993-09-18,EVE,878
1993-09-19,EVE,365
1993-09-20,EVE,421
1993-09-21,EVE,189
1993-09-22,EVE,109
1993-09-23,EVE,706
1993-09-24,EVE,544
1993-09-25,EVE,215
1993-09-26,EVE,209
1993-09-27,EVE,647
1993-09-28,EVE,806
1993-09-29,EVE,916
1993-09-30,EVE,266
1993-10-01,EVE,723
1993-10-02,EVE,581
1993-10-03,EVE,623
1993-10-04,EVE,803
1993-10-05,EVE,115
1993-10-06,EVE,640
1993-10-07,EVE,157
1993-10-08,EVE,827
1993-10-09,EVE,341
1993-10-10,EVE,097
1993-10-11,EVE,574
1993-10-12,EVE,405
1993-10-13,EVE,429
1993-10-14,EVE,732
1993-10-15,EVE,065
1993-10-16,EVE,452
1993-10-17,EVE,377
1993-10-18,EVE,572
1993-10-19,EVE,293
1993-10-20,EVE,400
1993-10-21,EVE,971
1993-10-22,EVE,370
1993-10-23,EVE,211
1993-10-24,EVE,294
1993-10-25,EVE,201
1993-10-26,EVE,689
1993-10-27,EVE,356
1993-10-28,EVE,423
1993-10-29,EVE,132
1993-10-30,EVE,365
1993-10-31,EVE,199
1993-11-01,EVE,767
1993-11-02,EVE,531
1993-11-03,EVE,263
1993-11-04,EVE,346
1993-11-05,EVE,130
1993-11-06,EVE,680
1993-11-07,EVE,840
1993-11-08,EVE,148
1993-11-09,EVE,316
1993-11-10,EVE,477
1993-11-11,EVE,267
1993-11-12,EVE,201
1993-11-13,EVE,295
1993-11-14,EVE,801
1993-11-15,EVE,368
1993-11-16,EVE,129
1993-11-17,EVE,107
1993-11-18,EVE,837
1993-11-19,EVE,012
1993-11-20,EVE,068
1993-11-21,EVE,791
1993-11-22,EVE,496
1993-11-23,EVE,353
1993-11-24,EVE,330
1993-11-25,EVE,502
1993-11-26,EVE,034
1993-11-27,EVE,697
1993-11-28,EVE,001
1993-11-29,EVE,453
1993-11-30,EVE,792
1993-12-01,EVE,547
1993-12-02,EVE,182
1993-12-03,EVE,064
1993-12-04,EVE,405
1993-12-05,EVE,925
1993-12-06,EVE,882
1993-12-07,EVE,283
1993-12-08,EVE,589
1993-12-09,EVE,909
1993-12-10,EVE,673
1993-12-11,EVE,680
1993-12-12,EVE,136
1993-12-13,EVE,307
1993-12-14,EVE,427
1993-12-15,EVE,254
1993-12-16,EVE,838
1993-12-17,EVE,875
1993-12-18,EVE,558
1993-12-19,EVE,924
1993-12-20,EVE,682
1993-12-21,EVE,284
1993-12-22,EVE,624
1993-12-23,EVE,428
1993-12-24,EVE,660
1993-12-25,EVE,585
1993-12-26,EVE,367
1993-12-27,EVE,420
1993-12-28,EVE,506
1993-12-29,EVE,464
1993-12-30,EVE,930
1993-12-31,EVE,534
1994-01-01,EVE,963
1994-01-02,EVE,244
1994-01-03,EVE,068
1994-01-04,EVE,450
1994-01-05,EVE,296
1994-01-06,EVE,252
1994-01-07,EVE,560
1994-01-08,EVE,406
1994-01-09,EVE,753
1994-01-10,EVE,466
1994-01-11,EVE,320
1994-01-12,EVE,040
1994-01-13,EVE,680
1994-01-14,EVE,101
1994-01-15,EVE,852
1994-01-16,EVE,896
1994-01-17,EVE,712
1994-01-18,EVE,910
1994-01-19,EVE,709
1994-01-20,EVE,529
1994-01-21,EVE,513
1994-01-22,EVE,956
1994-01-23,EVE,832
1994-01-24,EVE,193
1994-01-25,EVE,633
1994-01-26,EVE,004
1994-01-27,EVE,412
1994-01-28,EVE,433
1994-01-29,EVE,216
1994-01-30,EVE,370
1994-01-31,EVE,012
1994-02-01,EVE,713
1994-02-02,EVE,224
1994-02-03,EVE,216
1994-02-04,EVE,758
1994-02-05,EVE,728
1994-02-06,EVE,800
1994-02-07,EVE,076
1994-02-08,EVE,584
1994-02-09,EVE,980
1994-02-10,EVE,554
1994-02-11,EVE,966
1994-02-12,EVE,124
1994-02-13,EVE,896
1994-02-14,EVE,816
1994-02-15,EVE,328
1994-02-16,EVE,802
1994-02-17,EVE,200
1994-02-18,EVE,546
1994-02-19,EVE,122
1994-02-20,EVE,361
1994-02-21,EVE,630
1994-02-22,EVE,027
1994-02-23,EVE,659
1994-02-24,EVE,143
1994-02-25,EVE,251
1994-02-26,EVE,157
1994-02-27,EVE,976
1994-02-28,EVE,506
1994-03-01,EVE,686
1994-03-02,EVE,331
1994-03-03,EVE,595
1994-03-04,EVE,920
1994-03-05,EVE,236
1994-03-06,EVE,079
1994-03-07,EVE,366
1994-03-08,EVE,927
1994-03-09,EVE,314
1994-03-10,EVE,008
1994-03-11,EVE,845
1994-03-12,EVE,448
1994-03-13,EVE,586
1994-03-14,EVE,017
1994-03-15,EVE,063
1994-03-16,EVE,013
1994-03-17,EVE,753
1994-03-18,EVE,999
1994-03-19,EVE,264
1994-03-20,EVE,680
1994-03-21,EVE,000
1994-03-22,EVE,294
1994-03-23,EVE,372
1994-03-24,EVE,370
1994-03-25,EVE,957
1994-03-26,EVE,568
1994-03-27,EVE,615
1994-03-28,EVE,993
1994-03-29,EVE,624
1994-03-30,EVE,645
1994-03-31,EVE,478
1994-04-01,EVE,465
1994-04-02,EVE,460
1994-04-03,EVE,906
1994-04-04,EVE,400
1994-04-05,EVE,370
1994-04-06,EVE,178
1994-04-07,EVE,359
1994-04-08,EVE,680
1994-04-09,EVE,016
1994-04-10,EVE,675
1994-04-11,EVE,290
1994-04-12,EVE,070
1994-04-13,EVE,417
1994-04-14,EVE,897
1994-04-15,EVE,601
1994-04-16,EVE,587
1994-04-17,EVE,807
1994-04-18,EVE,944
1994-04-19,EVE,705
1994-04-20,EVE,908
1994-04-21,EVE,993
1994-04-22,EVE,683
1994-04-23,EVE,453
1994-04-24,EVE,109
1994-04-25,EVE,208
1994-04-26,EVE,058
1994-04-27,EVE,056
1994-04-28,EVE,080
1994-04-29,EVE,266
1994-04-30,EVE,803
1994-05-01,EVE,009
1994-05-02,EVE,998
1994-05-03,EVE,186
1994-05-04,EVE,594
1994-05-05,EVE,014
1994-05-06,EVE,013
1994-05-07,EVE,002
1994-05-08,EVE,528
1994-05-09,EVE,709
1994-05-10,EVE,492
1994-05-11,EVE,180
1994-05-12,EVE,972
1994-05-13,EVE,825
1994-05-14,EVE,222
1994-05-15,EVE,501
1994-05-16,EVE,052
1994-05-17,EVE,224
1994-05-18,EVE,849
1994-05-19,EVE,428
1994-05-20,EVE,436
1994-05-21,EVE,650
1994-05-22,EVE,006
1994-05-23,EVE,464
1994-05-24,EVE,777
1994-05-25,EVE,864
1994-05-26,EVE,928
1994-05-27,EVE,017
1994-05-28,EVE,337
1994-05-29,EVE,454
1994-05-30,EVE,413
1994-05-31,EVE,730
1994-06-01,EVE,563
1994-06-02,EVE,401
1994-06-03,EVE,576
1994-06-04,EVE,395
1994-06-05,EVE,141
1994-06-06,EVE,848
1994-06-07,EVE,136
1994-06-08,EVE,815
1994-06-09,EVE,282
1994-06-10,EVE,485
1994-06-11,EVE,091
1994-06-12,EVE,979
1994-06-13,EVE,304
1994-06-14,EVE,836
1994-06-15,EVE,837
1994-06-16,EVE,435
1994-06-17,EVE,680
1994-06-18,EVE,661
1994-06-19,EVE,719
1994-06-20,EVE,139
1994-06-21,EVE,135
1994-06-22,EVE,001
1994-06-23,EVE,055
1994-06-24,EVE,530
1994-06-25,EVE,407
1994-06-26,EVE,692
1994-06-27,EVE,084
1994-06-28,EVE,424
1994-06-29,EVE,794
1994-06-30,EVE,449
1994-07-01,EVE,768
1994-07-02,EVE,509
1994-07-03,EVE,204
1994-07-04,EVE,498
1994-07-05,EVE,178
1994-07-06,EVE,257
1994-07-07,EVE,805
1994-07-08,EVE,798
1994-07-09,EVE,154
1994-07-10,EVE,150
1994-07-11,EVE,181
1994-07-12,EVE,025
1994-07-13,EVE,829
1994-07-14,EVE,499
1994-07-15,EVE,178
1994-07-16,EVE,623
1994-07-17,EVE,607
1994-07-18,EVE,364
1994-07-19,EVE,761
1994-07-20,EVE,381
1994-07-21,EVE,148
1994-07-22,EVE,012
1994-07-23,EVE,732
1994-07-24,EVE,183
1994-07-25,EVE,779
1994-07-26,EVE,057
1994-07-27,EVE,545
1994-07-28,EVE,881
1994-07-29,EVE,945
1994-07-30,EVE,075
1994-07-31,EVE,011
1994-08-01,EVE,468
1994-08-02,EVE,825
1994-08-03,EVE,488
1994-08-04,EVE,608
1994-08-05,EVE,956
1994-08-06,EVE,152
1994-08-07,EVE,660
1994-08-08,EVE,953
1994-08-09,EVE,053
1994-08-10,EVE,092
1994-08-11,EVE,856
1994-08-12,EVE,741
1994-08-13,EVE,398
1994-08-14,EVE,462
1994-08-15,EVE,690
1994-08-16,EVE,066
1994-08-17,EVE,960
1994-08-18,EVE,529
1994-08-19,EVE,318
1994-08-20,EVE,144
1994-08-21,EVE,018
1994-08-22,EVE,830
1994-08-23,EVE,962
1994-08-24,EVE,934
1994-08-25,EVE,844
1994-08-26,EVE,426
1994-08-27,EVE,434
1994-08-28,EVE,555
1994-08-29,EVE,940
1994-08-30,EVE,358
1994-08-31,EVE,294
1994-09-01,EVE,773
1994-09-02,EVE,608
1994-09-03,EVE,067
1994-09-04,EVE,638
1994-09-05,EVE,023
1994-09-06,EVE,175
1994-09-07,EVE,353
1994-09-08,EVE,987
1994-09-09,EVE,158
1994-09-10,EVE,028
1994-09-11,EVE,196
1994-09-12,EVE,439
1994-09-13,EVE,346
1994-09-14,EVE,772
1994-09-15,EVE,992
1994-09-16,EVE,808
1994-09-17,EVE,016
1994-09-18,EVE,087
1994-09-19,EVE,140
1994-09-20,EVE,869
1994-09-21,EVE,453
1994-09-22,EVE,074
1994-09-23,EVE,596
1994-09-24,EVE,203
1994-09-25,EVE,513
1994-09-26,EVE,302
1994-09-27,EVE,127
1994-09-28,EVE,133
1994-09-29,EVE,841
1994-09-30,EVE,758
1994-10-01,EVE,386
1994-10-02,EVE,560
1994-10-03,EVE,581
1994-10-04,EVE,520
1994-10-05,EVE,977
1994-10-06,EVE,665
1994-10-07,EVE,990
1994-10-08,EVE,533
1994-10-09,EVE,924
1994-10-10,EVE,915
1994-10-11,EVE,097
1994-10-12,EVE,031
1994-10-13,EVE,029
1994-10-14,EVE,003
1994-10-15,EVE,149
1994-10-16,EVE,510
1994-10-17,EVE,123
1994-10-18,EVE,978
1994-10-19,EVE,222
1994-10-20,EVE,663
1994-10-21,EVE,806
1994-10-22,EVE,371
1994-10-23,EVE,278
1994-10-24,EVE,156
1994-10-25,EVE,096
1994-10-26,EVE,939
1994-10-27,EVE,659
1994-10-28,EVE,904
1994-10-29,EVE,421
1994-10-30,EVE,997
1994-10-31,EVE,217
1994-11-01,EVE,317
1994-11-02,EVE,166
1994-11-03,EVE,503
1994-11-04,EVE,874
1994-11-05,EVE,102
1994-11-06,EVE,802
1994-11-07,EVE,395
1994-11-08,EVE,094
1994-11-09,EVE,666
1994-11-10,EVE,782
1994-11-11,EVE,731
1994-11-12,EVE,978
1994-11-13,EVE,275
1994-11-14,EVE,573
1994-11-15,EVE,559
1994-11-16,EVE,075
1994-11-17,EVE,668
1994-11-18,EVE,818
1994-11-19,EVE,308
1994-11-20,EVE,209
1994-11-21,EVE,719
1994-11-22,EVE,328
1994-11-23,EVE,206
1994-11-24,EVE,907
1994-11-25,EVE,125
1994-11-26,EVE,225
1994-11-27,EVE,096
1994-11-28,EVE,501
1994-11-29,EVE,623
1994-11-30,EVE,715
1994-12-01,EVE,541
1994-12-02,EVE,089
1994-12-03,EVE,577
1994-12-04,EVE,177
1994-12-05,EVE,583
1994-12-06,EVE,551
1994-12-07,EVE,177
1994-12-08,EVE,419
1994-12-09,EVE,648
1994-12-10,EVE,845
1994-12-11,EVE,064
1994-12-12,EVE,501
1994-12-13,EVE,751
1994-12-14,EVE,058
1994-12-15,EVE,498
1994-12-16,EVE,900
1994-12-17,EVE,131
1994-12-18,EVE,234
1994-12-19,EVE,200
1994-12-20,EVE,391
1994-12-21,EVE,332
1994-12-22,EVE,539
1994-12-23,EVE,585
1994-12-24,EVE,171
1994-12-25,EVE,778
1994-12-26,EVE,775
1994-12-27,EVE,519
1994-12-28,EVE,703
1994-12-29,EVE,632
1994-12-30,EVE,173
1994-12-31,EVE,404
1995-01-01,EVE,659
1995-01-02,EVE,952
1995-01-03,EVE,892
1995-01-04,EVE,948
1995-01-05,EVE,594
1995-01-06,EVE,552
1995-01-07,EVE,859
1995-01-08,EVE,242
1995-01-09,EVE,378
1995-01-10,EVE,432
1995-01-11,EVE,775
1995-01-12,EVE,222
1995-01-13,EVE,287
1995-01-14,EVE,382
1995-01-15,EVE,340
1995-01-16,EVE,937
1995-01-17,EVE,602
1995-01-18,EVE,228
1995-01-19,EVE,531
1995-01-20,EVE,624
1995-01-21,EVE,702
1995-01-22,EVE,486
1995-01-23,EVE,212
1995-01-24,EVE,732
1995-01-25,EVE,074
1995-01-26,EVE,200
1995-01-27,EVE,751
1995-01-28,EVE,145
1995-01-29,EVE,781
1995-01-30,EVE,330
1995-01-31,EVE,350
1995-02-01,EVE,250
1995-02-02,EVE,628
1995-02-03,EVE,515
1995-02-04,EVE,144
1995-02-05,EVE,481
1995-02-06,EVE,833
1995-02-07,EVE,701
1995-02-08,EVE,364
1995-02-09,EVE,655
1995-02-10,EVE,909
1995-02-11,EVE,752
1995-02-12,EVE,587
1995-02-13,EVE,217
1995-02-14,EVE,811
1995-02-15,EVE,891
1995-02-16,EVE,202
1995-02-17,EVE,693
1995-02-18,EVE,318
1995-02-19,EVE,765
1995-02-20,EVE,471
1995-02-21,EVE,325
1995-02-22,EVE,796
1995-02-23,EVE,440
1995-02-24,EVE,480
1995-02-25,EVE,111
1995-02-26,EVE,622
1995-02-27,EVE,123
1995-02-28,EVE,415
1995-03-01,EVE,820
1995-03-02,EVE,468
1995-03-03,EVE,613
1995-03-04,EVE,031
1995-03-05,EVE,008
1995-03-06,EVE,328
1995-03-07,EVE,305
1995-03-08,EVE,990
1995-03-09,EVE,433
1995-03-10,EVE,865
1995-03-11,EVE,493
1995-03-12,EVE,725
1995-03-13,EVE,798
1995-03-14,EVE,352
1995-03-15,EVE,986
1995-03-16,EVE,043
1995-03-17,EVE,303
1995-03-18,EVE,264
1995-03-19,EVE,968
1995-03-20,EVE,023
1995-03-21,EVE,674
1995-03-22,EVE,793
1995-03-23,EVE,232
1995-03-24,EVE,293
1995-03-25,EVE,144
1995-03-26,EVE,477
1995-03-27,EVE,709
1995-03-28,EVE,790
1995-03-29,EVE,553
1995-03-30,EVE,461
1995-03-31,EVE,626
1995-04-01,EVE,294
1995-04-02,EVE,661
1995-04-03,EVE,768
1995-04-04,EVE,384
1995-04-05,EVE,005
1995-04-06,EVE,953
1995-04-07,EVE,412
1995-04-08,EVE,284
1995-04-09,EVE,838
1995-04-10,EVE,828
1995-04-11,EVE,658
1995-04-12,EVE,187
1995-04-13,EVE,918
1995-04-14,EVE,118
1995-04-15,EVE,983
1995-04-16,EVE,346
1995-04-17,EVE,469
1995-04-18,EVE,954
1995-04-19,EVE,894
1995-04-20,EVE,862
1995-04-21,EVE,261
1995-04-22,EVE,335
1995-04-23,EVE,225
1995-04-24,EVE,055
1995-04-25,EVE,421
1995-04-26,EVE,954
1995-04-27,EVE,673
1995-04-28,EVE,896
1995-04-29,EVE,526
1995-04-30,EVE,698
1995-05-01,EVE,118
1995-05-02,EVE,111
1995-05-03,EVE,456
1995-05-04,EVE,771
1995-05-05,EVE,198
1995-05-06,EVE,091
1995-05-07,EVE,212
1995-05-08,EVE,098
1995-05-09,EVE,468
1995-05-10,EVE,309
1995-05-11,EVE,763
1995-05-12,EVE,169
1995-05-13,EVE,415
1995-05-14,EVE,637
1995-05-15,EVE,214
1995-05-16,EVE,020
1995-05-17,EVE,963
1995-05-18,EVE,109
1995-05-19,EVE,365
1995-05-20,EVE,898
1995-05-21,EVE,152
1995-05-22,EVE,220
1995-05-23,EVE,743
1995-05-24,EVE,781
1995-05-25,EVE,661
1995-05-26,EVE,069
1995-05-27,EVE,082
1995-05-28,EVE,973
1995-05-29,EVE,800
1995-05-30,EVE,217
1995-05-31,EVE,394
1995-06-01,EVE,322
1995-06-02,EVE,297
1995-06-03,EVE,760
1995-06-04,EVE,750
1995-06-05,EVE,719
1995-06-06,EVE,264
1995-06-07,EVE,718
1995-06-08,EVE,917
1995-06-09,EVE,265
1995-06-10,EVE,599
1995-06-11,EVE,703
1995-06-12,EVE,010
1995-06-13,EVE,528
1995-06-14,EVE,926
1995-06-15,EVE,721
1995-06-16,EVE,430
1995-06-17,EVE,978
1995-06-18,EVE,244
1995-06-19,EVE,090
1995-06-20,EVE,187
1995-06-21,EVE,181
1995-06-22,EVE,403
1995-06-23,EVE,246
1995-06-24,EVE,919
1995-06-25,EVE,003
1995-06-26,EVE,793
1995-06-27,EVE,777
1995-06-28,EVE,585
1995-06-29,EVE,379
1995-06-30,EVE,357
1995-07-01,EVE,807
1995-07-02,EVE,902
1995-07-03,EVE,400
1995-07-04,EVE,890
1995-07-05,EVE,187
1995-07-06,EVE,054
1995-07-07,EVE,078
1995-07-08,EVE,488
1995-07-09,EVE,358
1995-07-10,EVE,328
1995-07-11,EVE,160
1995-07-12,EVE,786
1995-07-13,EVE,030
1995-07-14,EVE,264
1995-07-15,EVE,113
1995-07-16,EVE,722
1995-07-17,EVE,980
1995-07-18,EVE,778
1995-07-19,EVE,941
1995-07-20,EVE,063
1995-07-21,EVE,599
1995-07-22,EVE,986
1995-07-23,EVE,638
1995-07-24,EVE,184
1995-07-25,EVE,769
1995-07-26,EVE,441
1995-07-27,EVE,540
1995-07-28,EVE,705
1995-07-29,EVE,436
1995-07-30,EVE,304
1995-07-31,EVE,965
1995-08-01,EVE,936
1995-08-02,EVE,443
1995-08-03,EVE,394
1995-08-04,EVE,500
1995-08-05,EVE,242
1995-08-06,EVE,811
1995-08-07,EVE,101
1995-08-08,EVE,745
1995-08-09,EVE,350
1995-08-10,EVE,764
1995-08-11,EVE,269
1995-08-12,EVE,058
1995-08-13,EVE,976
1995-08-14,EVE,596
1995-08-15,EVE,286
1995-08-16,EVE,528
1995-08-17,EVE,628
1995-08-18,EVE,327
1995-08-19,EVE,860
1995-08-20,EVE,777
1995-08-21,EVE,768
1995-08-22,EVE,651
1995-08-23,EVE,037
1995-08-24,EVE,589
1995-08-25,EVE,412
1995-08-26,EVE,137
1995-08-27,EVE,738
1995-08-28,EVE,830
1995-08-29,EVE,092
1995-08-30,EVE,410
1995-08-31,EVE,377
1995-09-01,EVE,901
1995-09-02,EVE,082
1995-09-03,EVE,038
1995-09-04,EVE,759
1995-09-05,EVE,000
1995-09-06,EVE,707
1995-09-07,EVE,322
1995-09-08,EVE,800
1995-09-09,EVE,810
1995-09-10,EVE,462
1995-09-11,EVE,903
1995-09-12,EVE,072
1995-09-13,EVE,477
1995-09-14,EVE,092
1995-09-15,EVE,553
1995-09-16,EVE,821
1995-09-17,EVE,925
1995-09-18,EVE,492
1995-09-19,EVE,456
1995-09-20,EVE,166
1995-09-21,EVE,302
1995-09-22,EVE,194
1995-09-23,EVE,953
1995-09-24,EVE,667
1995-09-25,EVE,910
1995-09-26,EVE,796
1995-09-27,EVE,080
1995-09-28,EVE,869
1995-09-29,EVE,840
1995-09-30,EVE,177
1995-10-01,EVE,140
1995-10-02,EVE,143
1995-10-03,EVE,562
1995-10-04,EVE,414
1995-10-05,EVE,304
1995-10-06,EVE,784
1995-10-07,EVE,750
1995-10-08,EVE,650
1995-10-09,EVE,794
1995-10-10,EVE,797
1995-10-11,EVE,796
1995-10-12,EVE,363
1995-10-13,EVE,089
1995-10-14,EVE,262
1995-10-15,EVE,634
1995-10-16,EVE,363
1995-10-17,EVE,848
1995-10-18,EVE,895
1995-10-19,EVE,162
1995-10-20,EVE,425
1995-10-21,EVE,330
1995-10-22,EVE,295
1995-10-23,EVE,640
1995-10-24,EVE,716
1995-10-25,EVE,274
1995-10-26,EVE,817
1995-10-27,EVE,088
1995-10-28,EVE,267
1995-10-29,EVE,162
1995-10-30,EVE,833
1995-10-31,EVE,236
1995-11-01,EVE,941
1995-11-02,EVE,166
1995-11-03,EVE,325
1995-11-04,EVE,196
1995-11-05,EVE,064
1995-11-06,EVE,032
1995-11-07,EVE,019
1995-11-08,EVE,496
1995-11-09,EVE,741
1995-11-10,EVE,467
1995-11-11,EVE,326
1995-11-12,EVE,395
1995-11-13,EVE,267
1995-11-14,EVE,185
1995-11-15,EVE,519
1995-11-16,EVE,171
1995-11-17,EVE,011
1995-11-18,EVE,924
1995-11-19,EVE,233
1995-11-20,EVE,190
1995-11-21,EVE,470
1995-11-22,EVE,207
1995-11-23,EVE,437
1995-11-24,EVE,645
1995-11-25,EVE,250
1995-11-26,EVE,054
1995-11-27,EVE,127
1995-11-28,EVE,946
1995-11-29,EVE,852
1995-11-30,EVE,807
1995-12-01,EVE,025
1995-12-02,EVE,418
1995-12-03,EVE,590
1995-12-04,EVE,839
1995-12-05,EVE,946
1995-12-06,EVE,950
1995-12-07,EVE,522
1995-12-08,EVE,967
1995-12-09,EVE,454
1995-12-10,EVE,530
1995-12-11,EVE,685
1995-12-12,EVE,129
1995-12-13,EVE,282
1995-12-14,EVE,074
1995-12-15,EVE,611
1995-12-16,EVE,026
1995-12-17,EVE,923
1995-12-18,EVE,536
1995-12-19,EVE,604
1995-12-20,EVE,233
1995-12-21,EVE,374
1995-12-22,EVE,969
1995-12-23,EVE,234
1995-12-24,EVE,973
1995-12-25,EVE,362
1995-12-26,EVE,489
1995-12-27,EVE,549
1995-12-28,EVE,208
1995-12-29,EVE,420
1995-12-30,EVE,616
1995-12-31,EVE,090
1996-01-01,EVE,664
1996-01-02,EVE,232
1996-01-03,EVE,323
1996-01-04,EVE,852
1996-01-05,EVE,858
1996-01-06,EVE,269
1996-01-07,EVE,628
1996-01-08,EVE,702
1996-01-09,EVE,013
1996-01-10,EVE,431
1996-01-11,EVE,898
1996-01-12,EVE,438
1996-01-13,EVE,318
1996-01-14,EVE,470
1996-01-15,EVE,457
1996-01-16,EVE,766
1996-01-17,EVE,466
1996-01-18,EVE,193
1996-01-19,EVE,525
1996-01-20,EVE,903
1996-01-21,EVE,500
1996-01-22,EVE,204
1996-01-23,EVE,281
1996-01-24,EVE,295
1996-01-25,EVE,651
1996-01-26,EVE,331
1996-01-27,EVE,351
1996-01-28,EVE,376
1996-01-29,EVE,126
1996-01-30,EVE,514
1996-01-31,EVE,241
1996-02-01,EVE,096
1996-02-02,EVE,875
1996-02-03,EVE,250
1996-02-04,EVE,475
1996-02-05,EVE,133
1996-02-06,EVE,331
1996-02-07,EVE,607
1996-02-08,EVE,352
1996-02-09,EVE,127
1996-02-10,EVE,930
1996-02-11,EVE,280
1996-02-12,EVE,589
1996-02-13,EVE,313
1996-02-14,EVE,463
1996-02-15,EVE,538
1996-02-16,EVE,085
1996-02-17,EVE,111
1996-02-18,EVE,660
1996-02-19,EVE,688
1996-02-20,EVE,234
1996-02-21,EVE,762
1996-02-22,EVE,632
1996-02-23,EVE,519
1996-02-24,EVE,300
1996-02-25,EVE,986
1996-02-26,EVE,916
1996-02-27,EVE,004
1996-02-28,EVE,954
1996-02-29,EVE,383
1996-03-01,EVE,895
1996-03-02,EVE,725
1996-03-03,EVE,771
1996-03-04,EVE,659
1996-03-05,EVE,469
1996-03-06,EVE,628
1996-03-07,EVE,677
1996-03-08,EVE,630
1996-03-09,EVE,030
1996-03-10,EVE,038
1996-03-11,EVE,261
1996-03-12,EVE,961
1996-03-13,EVE,588
1996-03-14,EVE,796
1996-03-15,EVE,338
1996-03-16,EVE,638
1996-03-17,EVE,509
1996-03-18,EVE,506
1996-03-19,EVE,190
1996-03-20,EVE,238
1996-03-21,EVE,039
1996-03-22,EVE,977
1996-03-23,EVE,530
1996-03-24,EVE,759
1996-03-25,EVE,048
1996-03-26,EVE,183
1996-03-27,EVE,116
1996-03-28,EVE,887
1996-03-29,EVE,519
1996-03-30,EVE,943
1996-03-31,EVE,152
1996-04-01,EVE,860
1996-04-02,EVE,307
1996-04-03,EVE,851
1996-04-04,EVE,666
1996-04-05,EVE,350
1996-04-06,EVE,543
1996-04-07,EVE,672
1996-04-08,EVE,629
1996-04-09,EVE,051
1996-04-10,EVE,550
1996-04-11,EVE,037
1996-04-12,EVE,199
1996-04-13,EVE,227
1996-04-14,EVE,104
1996-04-15,EVE,730
1996-04-16,EVE,238
1996-04-17,EVE,946
1996-04-18,EVE,328
1996-04-19,EVE,554
1996-04-20,EVE,142
1996-04-21,EVE,433
1996-04-22,EVE,647
1996-04-23,EVE,527
1996-04-24,EVE,038
1996-04-25,EVE,722
1996-04-26,EVE,771
1996-04-27,EVE,306
1996-04-28,EVE,930
1996-04-29,EVE,397
1996-04-30,EVE,421
1996-05-01,EVE,046
1996-05-02,EVE,464
1996-05-03,EVE,792
1996-05-04,EVE,614
1996-05-05,EVE,090
1996-05-06,EVE,945
1996-05-07,EVE,311
1996-05-08,EVE,601
1996-05-09,EVE,820
1996-05-10,EVE,369
1996-05-11,EVE,628
1996-05-12,EVE,932
1996-05-13,EVE,036
1996-05-14,EVE,947
1996-05-15,EVE,079
1996-05-16,EVE,624
1996-05-17,EVE,535
1996-05-18,EVE,750
1996-05-19,EVE,063
1996-05-20,EVE,139
1996-05-21,EVE,503
1996-05-22,EVE,289
1996-05-23,EVE,975
1996-05-24,EVE,085
1996-05-25,EVE,393
1996-05-26,EVE,625
1996-05-27,EVE,811
1996-05-28,EVE,510
1996-05-29,EVE,036
1996-05-30,EVE,363
1996-05-31,EVE,407
1996-06-01,EVE,952
1996-06-02,EVE,659
1996-06-03,EVE,799
1996-06-04,EVE,290
1996-06-05,EVE,641
1996-06-06,EVE,867
1996-06-07,EVE,163
1996-06-08,EVE,304
1996-06-09,EVE,231
1996-06-10,EVE,540
1996-06-11,EVE,250
1996-06-12,EVE,192
1996-06-13,EVE,267
1996-06-14,EVE,078
1996-06-15,EVE,332
1996-06-16,EVE,473
1996-06-17,EVE,044
1996-06-18,EVE,232
1996-06-19,EVE,909
1996-06-20,EVE,303
1996-06-21,EVE,440
1996-06-22,EVE,524
1996-06-23,EVE,606
1996-06-24,EVE,432
1996-06-25,EVE,561
1996-06-26,EVE,142
1996-06-27,EVE,836
1996-06-28,EVE,501
1996-06-29,EVE,841
1996-06-30,EVE,746
1996-07-01,EVE,868
1996-07-02,EVE,731
1996-07-03,EVE,151
1996-07-04,EVE,751
1996-07-05,EVE,198
1996-07-06,EVE,435
1996-07-07,EVE,727
1996-07-08,EVE,732
1996-07-09,EVE,702
1996-07-10,EVE,434
1996-07-11,EVE,469
1996-07-12,EVE,909
1996-07-13,EVE,661
1996-07-14,EVE,189
1996-07-15,EVE,221
1996-07-16,EVE,951
1996-07-17,EVE,690
1996-07-18,EVE,545
1996-07-19,EVE,549
1996-07-20,EVE,591
1996-07-21,EVE,815
1996-07-22,EVE,548
1996-07-23,EVE,779
1996-07-24,EVE,230
1996-07-25,EVE,454
1996-07-26,EVE,058
1996-07-27,EVE,706
1996-07-28,EVE,215
1996-07-29,EVE,007
1996-07-30,EVE,302
1996-07-31,EVE,770
1996-08-01,EVE,909
1996-08-02,EVE,519
1996-08-03,EVE,714
1996-08-04,EVE,723
1996-08-05,EVE,611
1996-08-06,EVE,205
1996-08-07,EVE,782
1996-08-08,EVE,477
1996-08-09,EVE,263
1996-08-10,EVE,155
1996-08-11,EVE,282
1996-08-12,EVE,373
1996-08-13,EVE,291
1996-08-14,EVE,932
1996-08-15,EVE,336
1996-08-16,EVE,599
1996-08-17,EVE,884
1996-08-18,EVE,157
1996-08-19,EVE,032
1996-08-20,EVE,351
1996-08-21,EVE,877
1996-08-22,EVE,072
1996-08-23,EVE,829
1996-08-24,EVE,182
1996-08-25,EVE,262
1996-08-26,EVE,320
1996-08-27,EVE,006
1996-08-28,EVE,429
1996-08-29,EVE,248
1996-08-30,EVE,138
1996-08-31,EVE,314
1996-09-01,EVE,589
1996-09-02,EVE,930
1996-09-03,EVE,490
1996-09-04,EVE,407
1996-09-05,EVE,848
1996-09-06,EVE,631
1996-09-07,EVE,938
1996-09-08,EVE,366
1996-09-09,EVE,281
1996-09-10,EVE,580
1996-09-11,EVE,813
1996-09-12,EVE,069
1996-09-13,EVE,524
1996-09-14,EVE,988
1996-09-15,EVE,853
1996-09-16,EVE,404
1996-09-17,EVE,640
1996-09-18,EVE,504
1996-09-19,EVE,590
1996-09-20,EVE,633
1996-09-21,EVE,414
1996-09-22,EVE,706
1996-09-23,EVE,391
1996-09-24,EVE,697
1996-09-25,EVE,356
1996-09-26,EVE,591
1996-09-27,EVE,393
1996-09-28,EVE,118
1996-09-29,EVE,164
1996-09-30,EVE,767
1996-10-01,EVE,719
1996-10-02,EVE,692
1996-10-03,EVE,097
1996-10-04,EVE,561
1996-10-05,EVE,331
1996-10-06,EVE,375
1996-10-07,EVE,846
1996-10-08,EVE,472
1996-10-09,EVE,046
1996-10-10,EVE,620
1996-10-11,EVE,461
1996-10-12,EVE,950
1996-10-13,EVE,644
1996-10-14,EVE,353
1996-10-15,EVE,755
1996-10-16,EVE,173
1996-10-17,EVE,692
1996-10-18,EVE,348
1996-10-19,EVE,746
1996-10-20,EVE,791
1996-10-21,EVE,788
1996-10-22,EVE,101
1996-10-23,EVE,863
1996-10-24,EVE,884
1996-10-25,EVE,301
1996-10-26,EVE,794
1996-10-27,EVE,004
1996-10-28,EVE,329
1996-10-29,EVE,382
1996-10-30,EVE,809
1996-10-31,EVE,445
1996-11-01,EVE,618
1996-11-02,EVE,621
1996-11-03,EVE,130
1996-11-04,EVE,949
1996-11-05,EVE,603
1996-11-06,EVE,037
1996-11-07,EVE,944
1996-11-08,EVE,106
1996-11-09,EVE,941
1996-11-10,EVE,783
1996-11-11,EVE,744
1996-11-12,EVE,738
1996-11-13,EVE,846
1996-11-14,EVE,259
1996-11-15,EVE,941
1996-11-16,EVE,683
1996-11-17,EVE,510
1996-11-18,EVE,280
1996-11-19,EVE,910
1996-11-20,EVE,844
1996-11-21,EVE,799
1996-11-22,EVE,924
1996-11-23,EVE,953
1996-11-24,EVE,088
1996-11-25,EVE,282
1996-11-26,EVE,244
1996-11-27,EVE,224
1996-11-28,EVE,831
1996-11-29,EVE,422
1996-11-30,EVE,778
1996-12-01,EVE,232
1996-12-02,EVE,918
1996-12-03,EVE,932
1996-12-04,EVE,010
1996-12-05,EVE,682
1996-12-06,EVE,067
1996-12-07,EVE,188
1996-12-08,EVE,022
1996-12-09,EVE,178
1996-12-10,EVE,476
1996-12-11,EVE,609
1996-12-12,EVE,492
1996-12-13,EVE,763
1996-12-14,EVE,337
1996-12-15,EVE,709
1996-12-16,EVE,588
1996-12-17,EVE,695
1996-12-18,EVE,206
1996-12-19,EVE,434
1996-12-20,EVE,935
1996-12-21,EVE,765
1996-12-22,EVE,851
1996-12-23,EVE,235
1996-12-24,EVE,465
1996-12-25,EVE,733
1996-12-26,EVE,537
1996-12-27,EVE,133
1996-12-28,EVE,123
1996-12-29,EVE,135
1996-12-30,EVE,265
1996-12-31,EVE,430
1997-01-01,EVE,990
1997-01-02,EVE,246
1997-01-03,EVE,024
1997-01-04,EVE,829
1997-01-05,EVE,224
1997-01-06,EVE,325
1997-01-07,EVE,519
1997-01-08,EVE,586
1997-01-09,EVE,491
1997-01-10,EVE,784
1997-01-11,EVE,920
1997-01-12,EVE,485
1997-01-13,EVE,924
1997-01-14,EVE,956
1997-01-15,EVE,403
1997-01-16,EVE,557
1997-01-17,EVE,867
1997-01-18,EVE,274
1997-01-19,EVE,260
1997-01-20,EVE,518
1997-01-21,EVE,893
1997-01-22,EVE,205
1997-01-23,EVE,046
1997-01-24,EVE,720
1997-01-25,EVE,262
1997-01-26,EVE,454
1997-01-27,EVE,506
1997-01-28,EVE,011
1997-01-29,EVE,926
1997-01-30,EVE,201
1997-01-31,EVE,206
1997-02-01,EVE,980
1997-02-02,EVE,338
1997-02-03,EVE,818
1997-02-04,EVE,106
1997-02-05,EVE,307
1997-02-06,EVE,862
1997-02-07,EVE,301
1997-02-08,EVE,596
1997-02-09,EVE,095
1997-02-10,EVE,571
1997-02-11,EVE,500
1997-02-12,EVE,172
1997-02-13,EVE,181
1997-02-14,EVE,985
1997-02-15,EVE,082
1997-02-16,EVE,764
1997-02-17,EVE,195
1997-02-18,EVE,667
1997-02-19,EVE,495
1997-02-20,EVE,104
1997-02-21,EVE,265
1997-02-22,EVE,301
1997-02-23,EVE,700
1997-02-24,EVE,013
1997-02-25,EVE,686
1997-02-26,EVE,308
1997-02-27,EVE,704
1997-02-28,EVE,443
1997-03-01,EVE,522
1997-03-02,EVE,712
1997-03-03,EVE,944
1997-03-04,EVE,846
1997-03-05,EVE,252
1997-03-06,EVE,266
1997-03-07,EVE,919
1997-03-08,EVE,722
1997-03-09,EVE,733
1997-03-10,EVE,432
1997-03-11,EVE,187
1997-03-12,EVE,422
1997-03-13,EVE,023
1997-03-14,EVE,586
1997-03-15,EVE,761
1997-03-16,EVE,648
1997-03-17,EVE,443
1997-03-18,EVE,490
1997-03-19,EVE,196
1997-03-20,EVE,074
1997-03-21,EVE,565
1997-03-22,EVE,596
1997-03-23,EVE,901
1997-03-24,EVE,751
1997-03-25,EVE,655
1997-03-26,EVE,396
1997-03-27,EVE,151
1997-03-28,EVE,657
1997-03-29,EVE,140
1997-03-30,EVE,678
1997-03-31,EVE,271
1997-04-01,EVE,455
1997-04-02,EVE,927
1997-04-03,EVE,567
1997-04-04,EVE,014
1997-04-05,EVE,766
1997-04-06,EVE,786
1997-04-07,EVE,838
1997-04-08,EVE,594
1997-04-09,EVE,395
1997-04-10,EVE,872
1997-04-11,EVE,531
1997-04-12,EVE,257
1997-04-13,EVE,319
1997-04-14,EVE,309
1997-04-15,EVE,758
1997-04-16,EVE,344
1997-04-17,EVE,655
1997-04-18,EVE,354
1997-04-19,EVE,349
1997-04-20,EVE,095
1997-04-21,EVE,945
1997-04-22,EVE,824
1997-04-23,EVE,381
1997-04-24,EVE,122
1997-04-25,EVE,271
1997-04-26,EVE,362
1997-04-27,EVE,315
1997-04-28,EVE,267
1997-04-29,EVE,864
1997-04-30,EVE,250
1997-05-01,EVE,042
1997-05-02,EVE,016
1997-05-03,EVE,887
1997-05-04,EVE,235
1997-05-05,EVE,942
1997-05-06,EVE,892
1997-05-07,EVE,408
1997-05-08,EVE,177
1997-05-09,EVE,434
1997-05-10,EVE,183
1997-05-11,EVE,249
1997-05-12,EVE,433
1997-05-13,EVE,862
1997-05-14,EVE,084
1997-05-15,EVE,569
1997-05-16,EVE,125
1997-05-17,EVE,593
1997-05-18,EVE,592
1997-05-19,EVE,394
1997-05-20,EVE,900
1997-05-21,EVE,010
1997-05-22,EVE,828
1997-05-23,EVE,391
1997-05-24,EVE,316
1997-05-25,EVE,288
1997-05-26,EVE,711
1997-05-27,EVE,787
1997-05-28,EVE,163
1997-05-29,EVE,758
1997-05-30,EVE,251
1997-05-31,EVE,253
1997-06-01,EVE,139
1997-06-02,EVE,217
1997-06-03,EVE,333
1997-06-04,EVE,853
1997-06-05,EVE,219
1997-06-06,EVE,571
1997-06-07,EVE,838
1997-06-08,EVE,753
1997-06-09,EVE,686
1997-06-10,EVE,205
1997-06-11,EVE,062
1997-06-12,EVE,084
1997-06-13,EVE,815
1997-06-14,EVE,023
1997-06-15,EVE,371
1997-06-16,EVE,223
1997-06-17,EVE,164
1997-06-18,EVE,150
1997-06-19,EVE,460
1997-06-20,EVE,173
1997-06-21,EVE,983
1997-06-22,EVE,690
1997-06-23,EVE,918
1997-06-24,EVE,540
1997-06-25,EVE,356
1997-06-26,EVE,327
1997-06-27,EVE,183
1997-06-28,EVE,481
1997-06-29,EVE,166
1997-06-30,EVE,578
1997-07-01,EVE,665
1997-07-02,EVE,322
1997-07-03,EVE,182
1997-07-04,EVE,508
1997-07-05,EVE,836
1997-07-06,EVE,743
1997-07-07,EVE,841
1997-07-08,EVE,025
1997-07-09,EVE,499
1997-07-10,EVE,889
1997-07-11,EVE,272
1997-07-12,EVE,448
1997-07-13,EVE,464
1997-07-14,EVE,569
1997-07-15,EVE,468
1997-07-16,EVE,740
1997-07-17,EVE,031
1997-07-18,EVE,374
1997-07-19,EVE,561
1997-07-20,EVE,894
1997-07-21,EVE,581
1997-07-22,EVE,552
1997-07-23,EVE,422
1997-07-24,EVE,844
1997-07-25,EVE,839
1997-07-26,EVE,913
1997-07-27,EVE,747
1997-07-28,EVE,286
1997-07-29,EVE,528
1997-07-30,EVE,998
1997-07-31,EVE,290
1997-08-01,EVE,903
1997-08-02,EVE,741
1997-08-03,EVE,742
1997-08-04,EVE,462
1997-08-05,EVE,423
1997-08-06,EVE,983
1997-08-07,EVE,000
1997-08-08,EVE,007
1997-08-09,EVE,927
1997-08-10,EVE,152
1997-08-11,EVE,881
1997-08-12,EVE,555
1997-08-13,EVE,446
1997-08-14,EVE,355
1997-08-15,EVE,918
1997-08-16,EVE,383
1997-08-17,EVE,750
1997-08-18,EVE,718
1997-08-19,EVE,455
1997-08-20,EVE,661
1997-08-21,EVE,966
1997-08-22,EVE,103
1997-08-23,EVE,114
1997-08-24,EVE,056
1997-08-25,EVE,220
1997-08-26,EVE,126
1997-08-27,EVE,324
1997-08-28,EVE,301
1997-08-29,EVE,071
1997-08-30,EVE,369
1997-08-31,EVE,721
1997-09-01,EVE,955
1997-09-02,EVE,353
1997-09-03,EVE,801
1997-09-04,EVE,176
1997-09-05,EVE,767
1997-09-06,EVE,530
1997-09-07,EVE,762
1997-09-08,EVE,735
1997-09-09,EVE,541
1997-09-10,EVE,538
1997-09-11,EVE,801
1997-09-12,EVE,785
1997-09-13,EVE,961
1997-09-14,EVE,751
1997-09-15,EVE,059
1997-09-16,EVE,207
1997-09-17,EVE,459
1997-09-18,EVE,618
1997-09-19,EVE,946
1997-09-20,EVE,023
1997-09-21,EVE,357
1997-09-22,EVE,440
1997-09-23,EVE,684
1997-09-24,EVE,592
1997-09-25,EVE,297
1997-09-26,EVE,388
1997-09-27,EVE,724
1997-09-28,EVE,115
1997-09-29,EVE,144
1997-09-30,EVE,245
1997-10-01,EVE,701
1997-10-02,EVE,293
1997-10-03,EVE,100
1997-10-04,EVE,847
1997-10-05,EVE,673
1997-10-06,EVE,920
1997-10-07,EVE,535
1997-10-08,EVE,147
1997-10-09,EVE,525
1997-10-10,EVE,719
1997-10-11,EVE,622
1997-10-12,EVE,646
1997-10-13,EVE,106
1997-10-14,EVE,042
1997-10-15,EVE,957
1997-10-16,EVE,839
1997-10-17,EVE,385
1997-10-18,EVE,064
1997-10-19,EVE,584
1997-10-20,EVE,334
1997-10-21,EVE,600
1997-10-22,EVE,483
1997-10-23,EVE,792
1997-10-24,EVE,288
1997-10-25,EVE,132
1997-10-26,EVE,697
1997-10-27,EVE,049
1997-10-28,EVE,337
1997-10-29,EVE,007
1997-10-30,EVE,299
1997-10-31,EVE,157
1997-11-01,EVE,436
1997-11-02,EVE,943
1997-11-03,EVE,311
1997-11-04,EVE,066
1997-11-05,EVE,831
1997-11-06,EVE,911
1997-11-07,EVE,558
1997-11-08,EVE,332
1997-11-09,EVE,166
1997-11-10,EVE,719
1997-11-11,EVE,597
1997-11-12,EVE,574
1997-11-13,EVE,616
1997-11-14,EVE,263
1997-11-15,EVE,856
1997-11-16,EVE,085
1997-11-17,EVE,813
1997-11-18,EVE,080
1997-11-19,EVE,292
1997-11-20,EVE,140
1997-11-21,EVE,900
1997-11-22,EVE,062
1997-11-23,EVE,096
1997-11-24,EVE,649
1997-11-25,EVE,234
1997-11-26,EVE,347
1997-11-27,EVE,431
1997-11-28,EVE,966
1997-11-29,EVE,983
1997-11-30,EVE,926
1997-12-01,EVE,350
1997-12-02,EVE,498
1997-12-03,EVE,363
1997-12-04,EVE,580
1997-12-05,EVE,213
1997-12-06,EVE,379
1997-12-07,EVE,203
1997-12-08,EVE,476
1997-12-09,EVE,359
1997-12-10,EVE,139
1997-12-11,EVE,235
1997-12-12,EVE,919
1997-12-13,EVE,444
1997-12-14,EVE,258
1997-12-15,EVE,230
1997-12-16,EVE,816
1997-12-17,EVE,842
1997-12-18,EVE,483
1997-12-19,EVE,626
1997-12-20,EVE,978
1997-12-21,EVE,014
1997-12-22,EVE,687
1997-12-23,EVE,717
1997-12-24,EVE,925
1997-12-25,EVE,422
1997-12-26,EVE,288
1997-12-27,EVE,574
1997-12-28,EVE,488
1997-12-29,EVE,763
1997-12-30,EVE,336
1997-12-31,EVE,787
1998-01-01,EVE,908
1998-01-02,EVE,440
1998-01-03,EVE,839
1998-01-04,EVE,784
1998-01-05,EVE,061
1998-01-06,EVE,408
1998-01-07,EVE,897
1998-01-08,EVE,796
1998-01-09,EVE,108
1998-01-10,EVE,334
1998-01-11,EVE,053
1998-01-12,EVE,497
1998-01-13,EVE,744
1998-01-14,EVE,448
1998-01-15,EVE,896
1998-01-16,EVE,992
1998-01-17,EVE,918
1998-01-18,EVE,708
1998-01-19,EVE,623
1998-01-20,EVE,003
1998-01-21,EVE,911
1998-01-22,EVE,372
1998-01-23,EVE,858
1998-01-24,EVE,523
1998-01-25,EVE,186
1998-01-26,EVE,337
1998-01-27,EVE,319
1998-01-28,EVE,354
1998-01-29,EVE,268
1998-01-30,EVE,772
1998-01-31,EVE,792
1998-02-01,EVE,525
1998-02-02,EVE,941
1998-02-03,EVE,570
1998-02-04,EVE,045
1998-02-05,EVE,765
1998-02-06,EVE,625
1998-02-07,EVE,854
1998-02-08,EVE,165
1998-02-09,EVE,621
1998-02-10,EVE,038
1998-02-11,EVE,988
1998-02-12,EVE,541
1998-02-13,EVE,396
1998-02-14,EVE,244
1998-02-15,EVE,289
1998-02-16,EVE,458
1998-02-17,EVE,747
1998-02-18,EVE,761
1998-02-19,EVE,065
1998-02-20,EVE,675
1998-02-21,EVE,357
1998-02-22,EVE,696
1998-02-23,EVE,782
1998-02-24,EVE,934
1998-02-25,EVE,887
1998-02-26,EVE,186
1998-02-27,EVE,516
1998-02-28,EVE,467
1998-03-01,EVE,241
1998-03-02,EVE,955
1998-03-03,EVE,335
1998-03-04,EVE,474
1998-03-05,EVE,372
1998-03-06,EVE,714
1998-03-07,EVE,301
1998-03-08,EVE,993
1998-03-09,EVE,854
1998-03-10,EVE,389
1998-03-11,EVE,953
1998-03-12,EVE,320
1998-03-13,EVE,622
1998-03-14,EVE,642
1998-03-15,EVE,330
1998-03-16,EVE,602
1998-03-17,EVE,649
1998-03-18,EVE,091
1998-03-19,EVE,136
1998-03-20,EVE,905
1998-03-21,EVE,495
1998-03-22,EVE,701
1998-03-23,EVE,057
1998-03-24,EVE,162
1998-03-25,EVE,872
1998-03-26,EVE,127
1998-03-27,EVE,462
1998-03-28,EVE,172
1998-03-29,EVE,562
1998-03-30,EVE,537
1998-03-31,EVE,547
1998-04-01,EVE,607
1998-04-02,EVE,304
1998-04-03,EVE,596
1998-04-04,EVE,908
1998-04-05,EVE,219
1998-04-06,EVE,523
1998-04-07,EVE,084
1998-04-08,EVE,607
1998-04-09,EVE,498
1998-04-10,EVE,683
1998-04-11,EVE,504
1998-04-12,EVE,342
1998-04-13,EVE,227
1998-04-14,EVE,511
1998-04-15,EVE,115
1998-04-16,EVE,826
1998-04-17,EVE,245
1998-04-18,EVE,475
1998-04-19,EVE,356
1998-04-20,EVE,203
1998-04-21,EVE,362
1998-04-22,EVE,069
1998-04-23,EVE,627
1998-04-24,EVE,414
1998-04-25,EVE,009
1998-04-26,EVE,979
1998-04-27,EVE,578
1998-04-28,EVE,769
1998-04-29,EVE,800
1998-04-30,EVE,602
1998-05-01,EVE,293
1998-05-02,EVE,455
1998-05-03,EVE,402
1998-05-04,EVE,942
1998-05-05,EVE,135
1998-05-06,EVE,045
1998-05-07,EVE,431
1998-05-08,EVE,021
1998-05-09,EVE,148
1998-05-10,EVE,499
1998-05-11,EVE,537
1998-05-12,EVE,414
1998-05-13,EVE,765
1998-05-14,EVE,527
1998-05-15,EVE,344
1998-05-16,EVE,333
1998-05-17,EVE,725
1998-05-18,EVE,187
1998-05-19,EVE,719
1998-05-20,EVE,465
1998-05-21,EVE,040
1998-05-22,EVE,688
1998-05-23,EVE,466
1998-05-24,EVE,180
1998-05-25,EVE,368
1998-05-26,EVE,173
1998-05-27,EVE,263
1998-05-28,EVE,562
1998-05-29,EVE,977
1998-05-30,EVE,547
1998-05-31,EVE,020
1998-06-01,EVE,783
1998-06-02,EVE,935
1998-06-03,EVE,978
1998-06-04,EVE,544
1998-06-05,EVE,316
1998-06-06,EVE,403
1998-06-07,EVE,951
1998-06-08,EVE,305
1998-06-09,EVE,022
1998-06-10,EVE,823
1998-06-11,EVE,186
1998-06-12,EVE,265
1998-06-13,EVE,616
1998-06-14,EVE,834
1998-06-15,EVE,001
1998-06-16,EVE,324
1998-06-17,EVE,936
1998-06-18,EVE,263
1998-06-19,EVE,246
1998-06-20,EVE,360
1998-06-21,EVE,403
1998-06-22,EVE,948
1998-06-23,EVE,007
1998-06-24,EVE,101
1998-06-25,EVE,654
1998-06-26,EVE,316
1998-06-27,EVE,119
1998-06-28,EVE,215
1998-06-29,EVE,144
1998-06-30,EVE,402
1998-07-01,EVE,160
1998-07-02,EVE,761
1998-07-03,EVE,706
1998-07-04,EVE,514
1998-07-05,EVE,827
1998-07-06,EVE,762
1998-07-07,EVE,612
1998-07-08,EVE,991
1998-07-09,EVE,134
1998-07-10,EVE,238
1998-07-11,EVE,674
1998-07-12,EVE,323
1998-07-13,EVE,907
1998-07-14,EVE,144
1998-07-15,EVE,047
1998-07-16,EVE,122
1998-07-17,EVE,419
1998-07-18,EVE,522
1998-07-19,EVE,897
1998-07-20,EVE,533
1998-07-21,EVE,011
1998-07-22,EVE,523
1998-07-23,EVE,238
1998-07-24,EVE,137
1998-07-25,EVE,057
1998-07-26,EVE,283
1998-07-27,EVE,432
1998-07-28,EVE,265
1998-07-29,EVE,082
1998-07-30,EVE,889
1998-07-31,EVE,554
1998-08-01,EVE,039
1998-08-02,EVE,165
1998-08-03,EVE,493
1998-08-04,EVE,222
1998-08-05,EVE,220
1998-08-06,EVE,420
1998-08-07,EVE,898
1998-08-08,EVE,250
1998-08-09,EVE,971
1998-08-10,EVE,560
1998-08-11,EVE,026
1998-08-12,EVE,291
1998-08-13,EVE,932
1998-08-14,EVE,058
1998-08-15,EVE,812
1998-08-16,EVE,325
1998-08-17,EVE,925
1998-08-18,EVE,513
1998-08-19,EVE,458
1998-08-20,EVE,455
1998-08-21,EVE,853
1998-08-22,EVE,952
1998-08-23,EVE,501
1998-08-24,EVE,245
1998-08-25,EVE,197
1998-08-26,EVE,547
1998-08-27,EVE,856
1998-08-28,EVE,529
1998-08-29,EVE,792
1998-08-30,EVE,630
1998-08-31,EVE,111
1998-09-01,EVE,358
1998-09-02,EVE,431
1998-09-03,EVE,043
1998-09-04,EVE,625
1998-09-05,EVE,022
1998-09-06,EVE,776
1998-09-07,EVE,264
1998-09-08,EVE,991
1998-09-09,EVE,570
1998-09-10,EVE,912
1998-09-11,EVE,626
1998-09-12,EVE,904
1998-09-13,EVE,747
1998-09-14,EVE,198
1998-09-15,EVE,879
1998-09-16,EVE,063
1998-09-17,EVE,790
1998-09-18,EVE,925
1998-09-19,EVE,688
1998-09-20,EVE,674
1998-09-21,EVE,974
1998-09-22,EVE,646
1998-09-23,EVE,222
1998-09-24,EVE,123
1998-09-25,EVE,756
1998-09-26,EVE,096
1998-09-27,EVE,237
1998-09-28,EVE,857
1998-09-29,EVE,965
1998-09-30,EVE,767
1998-10-01,EVE,686
1998-10-02,EVE,356
1998-10-03,EVE,512
1998-10-04,EVE,167
1998-10-05,EVE,150
1998-10-06,EVE,179
1998-10-07,EVE,387
1998-10-08,EVE,794
1998-10-09,EVE,198
1998-10-10,EVE,936
1998-10-11,EVE,055
1998-10-12,EVE,358
1998-10-13,EVE,238
1998-10-14,EVE,285
1998-10-15,EVE,972
1998-10-16,EVE,967
1998-10-17,EVE,474
1998-10-18,EVE,104
1998-10-19,EVE,618
1998-10-20,EVE,330
1998-10-21,EVE,448
1998-10-22,EVE,919
1998-10-23,EVE,737
1998-10-24,EVE,060
1998-10-25,EVE,887
1998-10-26,EVE,256
1998-10-27,EVE,309
1998-10-28,EVE,554
1998-10-29,EVE,695
1998-10-30,EVE,002
1998-10-31,EVE,178
1998-11-01,EVE,283
1998-11-02,EVE,306
1998-11-03,EVE,219
1998-11-04,EVE,183
1998-11-05,EVE,924
1998-11-06,EVE,185
1998-11-07,EVE,761
1998-11-08,EVE,872
1998-11-09,EVE,538
1998-11-10,EVE,779
1998-11-11,EVE,364
1998-11-12,EVE,717
1998-11-13,EVE,130
1998-11-14,EVE,121
1998-11-15,EVE,997
1998-11-16,EVE,419
1998-11-17,EVE,490
1998-11-18,EVE,412
1998-11-19,EVE,842
1998-11-20,EVE,231
1998-11-21,EVE,258
1998-11-22,EVE,775
1998-11-23,EVE,678
1998-11-24,EVE,715
1998-11-25,EVE,186
1998-11-26,EVE,615
1998-11-27,EVE,721
1998-11-28,EVE,863
1998-11-29,EVE,267
1998-11-30,EVE,197
1998-12-01,EVE,724
1998-12-02,EVE,270
1998-12-03,EVE,055
1998-12-04,EVE,487
1998-12-05,EVE,179
1998-12-06,EVE,536
1998-12-07,EVE,393
1998-12-08,EVE,616
1998-12-09,EVE,911
1998-12-10,EVE,490
1998-12-11,EVE,726
1998-12-12,EVE,840
1998-12-13,EVE,477
1998-12-14,EVE,648
1998-12-15,EVE,476
1998-12-16,EVE,584
1998-12-17,EVE,082
1998-12-18,EVE,699
1998-12-19,EVE,817
1998-12-20,EVE,672
1998-12-21,EVE,404
1998-12-22,EVE,952
1998-12-23,EVE,199
1998-12-24,EVE,973
1998-12-25,EVE,191
1998-12-26,EVE,813
1998-12-27,EVE,557
1998-12-28,EVE,131
1998-12-29,EVE,733
1998-12-30,EVE,585
1998-12-31,EVE,381
1999-01-01,EVE,504
1999-01-02,EVE,141
1999-01-03,EVE,803
1999-01-04,EVE,660
1999-01-05,EVE,536
1999-01-06,EVE,338
1999-01-07,EVE,872
1999-01-08,EVE,339
1999-01-09,EVE,689
1999-01-10,EVE,475
1999-01-11,EVE,650
1999-01-12,EVE,950
1999-01-13,EVE,148
1999-01-14,EVE,543
1999-01-15,EVE,846
1999-01-16,EVE,149
1999-01-17,EVE,009
1999-01-18,EVE,304
1999-01-19,EVE,785
1999-01-20,EVE,523
1999-01-21,EVE,791
1999-01-22,EVE,016
1999-01-23,EVE,925
1999-01-24,EVE,039
1999-01-25,EVE,194
1999-01-26,EVE,209
1999-01-27,EVE,152
1999-01-28,EVE,264
1999-01-29,EVE,865
1999-01-30,EVE,794
1999-01-31,EVE,332
1999-02-01,EVE,927
1999-02-02,EVE,679
1999-02-03,EVE,304
1999-02-04,EVE,182
1999-02-05,EVE,106
1999-02-06,EVE,411
1999-02-07,EVE,361
1999-02-08,EVE,796
1999-02-09,EVE,353
1999-02-10,EVE,715
1999-02-11,EVE,333
1999-02-12,EVE,229
1999-02-13,EVE,959
1999-02-14,EVE,685
1999-02-15,EVE,386
1999-02-16,EVE,177
1999-02-17,EVE,793
1999-02-18,EVE,079
1999-02-19,EVE,302
1999-02-20,EVE,014
1999-02-21,EVE,312
1999-02-22,EVE,319
1999-02-23,EVE,240
1999-02-24,EVE,004
1999-02-25,EVE,623
1999-02-26,EVE,120
1999-02-27,EVE,522
1999-02-28,EVE,467
1999-03-01,EVE,385
1999-03-02,EVE,957
1999-03-03,EVE,715
1999-03-04,EVE,093
1999-03-05,EVE,967
1999-03-06,EVE,283
1999-03-07,EVE,989
1999-03-08,EVE,468
1999-03-09,EVE,064
1999-03-10,EVE,263
1999-03-11,EVE,790
1999-03-12,EVE,089
1999-03-13,EVE,096
1999-03-14,EVE,860
1999-03-15,EVE,072
1999-03-16,EVE,812
1999-03-17,EVE,236
1999-03-18,EVE,721
1999-03-19,EVE,966
1999-03-20,EVE,864
1999-03-21,EVE,743
1999-03-22,EVE,697
1999-03-23,EVE,510
1999-03-24,EVE,556
1999-03-25,EVE,767
1999-03-26,EVE,116
1999-03-27,EVE,801
1999-03-28,EVE,692
1999-03-29,EVE,342
1999-03-30,EVE,329
1999-03-31,EVE,491
1999-04-01,EVE,246
1999-04-02,EVE,286
1999-04-03,EVE,442
1999-04-04,EVE,013
1999-04-05,EVE,504
1999-04-06,EVE,908
1999-04-07,EVE,725
1999-04-08,EVE,166
1999-04-09,EVE,745
1999-04-10,EVE,876
1999-04-11,EVE,515
1999-04-12,EVE,203
1999-04-13,EVE,337
1999-04-14,EVE,127
1999-04-15,EVE,135
1999-04-16,EVE,547
1999-04-17,EVE,410
1999-04-18,EVE,853
1999-04-19,EVE,821
1999-04-20,EVE,317
1999-04-21,EVE,325
1999-04-22,EVE,468
1999-04-23,EVE,452
1999-04-24,EVE,205
1999-04-25,EVE,820
1999-04-26,EVE,879
1999-04-27,EVE,187
1999-04-28,EVE,312
1999-04-29,EVE,651
1999-04-30,EVE,772
1999-05-01,EVE,621
1999-05-02,EVE,991
1999-05-03,EVE,146
1999-05-04,EVE,801
1999-05-05,EVE,255
1999-05-06,EVE,449
1999-05-07,EVE,736
1999-05-08,EVE,956
1999-05-09,EVE,145
1999-05-10,EVE,594
1999-05-11,EVE,484
1999-05-12,EVE,328
1999-05-13,EVE,467
1999-05-14,EVE,266
1999-05-15,EVE,054
1999-05-16,EVE,918
1999-05-17,EVE,789
1999-05-18,EVE,176
1999-05-19,EVE,161
1999-05-20,EVE,054
1999-05-21,EVE,988
1999-05-22,EVE,316
1999-05-23,EVE,854
1999-05-24,EVE,219
1999-05-25,EVE,901
1999-05-26,EVE,130
1999-05-27,EVE,614
1999-05-28,EVE,110
1999-05-29,EVE,477
1999-05-30,EVE,524
1999-05-31,EVE,999
1999-06-01,EVE,417
1999-06-02,EVE,224
1999-06-03,EVE,304
1999-06-04,EVE,635
1999-06-05,EVE,191
1999-06-06,EVE,619
1999-06-07,EVE,222
1999-06-08,EVE,936
1999-06-09,EVE,252
1999-06-10,EVE,276
1999-06-11,EVE,562
1999-06-12,EVE,506
1999-06-13,EVE,013
1999-06-14,EVE,814
1999-06-15,EVE,256
1999-06-16,EVE,024
1999-06-17,EVE,911
1999-06-18,EVE,427
1999-06-19,EVE,065
1999-06-20,EVE,077
1999-06-21,EVE,261
1999-06-22,EVE,956
1999-06-23,EVE,323
1999-06-24,EVE,261
1999-06-25,EVE,981
1999-06-26,EVE,542
1999-06-27,EVE,952
1999-06-28,EVE,698
1999-06-29,EVE,735
1999-06-30,EVE,667
1999-07-01,EVE,560
1999-07-02,EVE,239
1999-07-03,EVE,358
1999-07-04,EVE,449
1999-07-05,EVE,637
1999-07-06,EVE,016
1999-07-07,EVE,483
1999-07-08,EVE,473
1999-07-09,EVE,287
1999-07-10,EVE,123
1999-07-11,EVE,416
1999-07-12,EVE,106
1999-07-13,EVE,988
1999-07-14,EVE,164
1999-07-15,EVE,053
1999-07-16,EVE,901
1999-07-17,EVE,734
1999-07-18,EVE,130
1999-07-19,EVE,396
1999-07-20,EVE,542
1999-07-21,EVE,950
1999-07-22,EVE,825
1999-07-23,EVE,016
1999-07-24,EVE,011
1999-07-25,EVE,075
1999-07-26,EVE,957
1999-07-27,EVE,413
1999-07-28,EVE,288
1999-07-29,EVE,106
1999-07-30,EVE,769
1999-07-31,EVE,056
1999-08-01,EVE,157
1999-08-02,EVE,789
1999-08-03,EVE,025
1999-08-04,EVE,027
1999-08-05,EVE,616
1999-08-06,EVE,259
1999-08-07,EVE,164
1999-08-08,EVE,010
1999-08-09,EVE,076
1999-08-10,EVE,978
1999-08-11,EVE,864
1999-08-12,EVE,280
1999-08-13,EVE,938
1999-08-14,EVE,381
1999-08-15,EVE,725
1999-08-16,EVE,281
1999-08-17,EVE,419
1999-08-18,EVE,584
1999-08-19,EVE,943
1999-08-20,EVE,387
1999-08-21,EVE,479
1999-08-22,EVE,655
1999-08-23,EVE,940
1999-08-24,EVE,276
1999-08-25,EVE,810
1999-08-26,EVE,136
1999-08-27,EVE,700
1999-08-28,EVE,699
1999-08-29,EVE,128
1999-08-30,EVE,392
1999-08-31,EVE,232
1999-09-01,EVE,858
1999-09-02,EVE,072
1999-09-03,EVE,198
1999-09-04,EVE,626
1999-09-05,EVE,831
1999-09-06,EVE,624
1999-09-07,EVE,195
1999-09-08,EVE,595
1999-09-09,EVE,854
1999-09-10,EVE,744
1999-09-11,EVE,468
1999-09-12,EVE,553
1999-09-13,EVE,536
1999-09-14,EVE,063
1999-09-15,EVE,768
1999-09-16,EVE,668
1999-09-17,EVE,125
1999-09-18,EVE,264
1999-09-19,EVE,746
1999-09-20,EVE,546
1999-09-21,EVE,863
1999-09-22,EVE,856
1999-09-23,EVE,641
1999-09-24,EVE,462
1999-09-25,EVE,051
1999-09-26,EVE,122
1999-09-27,EVE,277
1999-09-28,EVE,087
1999-09-29,EVE,916
1999-09-30,EVE,868
1999-10-01,EVE,154
1999-10-02,EVE,997
1999-10-03,EVE,649
1999-10-04,EVE,051
1999-10-05,EVE,572
1999-10-06,EVE,699
1999-10-07,EVE,251
1999-10-08,EVE,833
1999-10-09,EVE,998
1999-10-10,EVE,469
1999-10-11,EVE,438
1999-10-12,EVE,866
1999-10-13,EVE,464
1999-10-14,EVE,105
1999-10-15,EVE,820
1999-10-16,EVE,360
1999-10-17,EVE,860
1999-10-18,EVE,862
1999-10-19,EVE,221
1999-10-20,EVE,377
1999-10-21,EVE,801
1999-10-22,EVE,934
1999-10-23,EVE,559
1999-10-24,EVE,022
1999-10-25,EVE,378
1999-10-26,EVE,917
1999-10-27,EVE,209
1999-10-28,EVE,820
1999-10-29,EVE,658
1999-10-30,EVE,137
1999-10-31,EVE,499
1999-11-01,EVE,589
1999-11-02,EVE,368
1999-11-03,EVE,795
1999-11-04,EVE,558
1999-11-05,EVE,033
1999-11-06,EVE,788
1999-11-07,EVE,771
1999-11-08,EVE,625
1999-11-09,EVE,515
1999-11-10,EVE,953
1999-11-11,EVE,539
1999-11-12,EVE,897
1999-11-13,EVE,056
1999-11-14,EVE,793
1999-11-15,EVE,411
1999-11-16,EVE,974
1999-11-17,EVE,911
1999-11-18,EVE,909
1999-11-19,EVE,733
1999-11-20,EVE,968
1999-11-21,EVE,547
1999-11-22,EVE,023
1999-11-23,EVE,295
1999-11-24,EVE,862
1999-11-25,EVE,180
1999-11-26,EVE,437
1999-11-27,EVE,750
1999-11-28,EVE,717
1999-11-29,EVE,778
1999-11-30,EVE,343
1999-12-01,EVE,373
1999-12-02,EVE,014
1999-12-03,EVE,496
1999-12-04,EVE,665
1999-12-05,EVE,495
1999-12-06,EVE,505
1999-12-07,EVE,805
1999-12-08,EVE,014
1999-12-09,EVE,291
1999-12-10,EVE,919
1999-12-11,EVE,234
1999-12-12,EVE,426
1999-12-13,EVE,591
1999-12-14,EVE,597
1999-12-15,EVE,326
1999-12-16,EVE,632
1999-12-17,EVE,568
1999-12-18,EVE,411
1999-12-19,EVE,875
1999-12-20,EVE,658
1999-12-21,EVE,525
1999-12-22,EVE,143
1999-12-23,EVE,497
1999-12-24,EVE,143
1999-12-25,EVE,796
1999-12-26,EVE,998
1999-12-27,EVE,478
1999-12-28,EVE,503
1999-12-29,EVE,787
1999-12-30,EVE,006
1999-12-31,EVE,566
2000-01-01,EVE,236
2000-01-02,EVE,088
2000-01-03,EVE,243
2000-01-04,EVE,270
2000-01-05,EVE,881
2000-01-06,EVE,068
2000-01-07,EVE,837
2000-01-08,EVE,960
2000-01-09,EVE,646
2000-01-10,EVE,499
2000-01-11,EVE,159
2000-01-12,EVE,690
2000-01-13,EVE,816
2000-01-14,EVE,005
2000-01-15,EVE,890
2000-01-16,EVE,634
2000-01-17,EVE,447
2000-01-18,EVE,380
2000-01-19,EVE,273
2000-01-20,EVE,788
2000-01-21,EVE,530
2000-01-22,EVE,016
2000-01-23,EVE,655
2000-01-24,EVE,723
2000-01-25,EVE,910
2000-01-26,EVE,221
2000-01-27,EVE,429
2000-01-28,EVE,526
2000-01-29,EVE,031
2000-01-30,EVE,064
2000-01-31,EVE,998
2000-02-01,EVE,331
2000-02-02,EVE,365
2000-02-03,EVE,460
2000-02-04,EVE,884
2000-02-05,EVE,117
2000-02-06,EVE,122
2000-02-07,EVE,868
2000-02-08,EVE,749
2000-02-09,EVE,794
2000-02-10,EVE,015
2000-02-11,EVE,389
2000-02-12,EVE,627
2000-02-13,EVE,511
2000-02-14,EVE,874
2000-02-15,EVE,646
2000-02-16,EVE,078
2000-02-17,EVE,836
2000-02-18,EVE,758
2000-02-19,EVE,844
2000-02-20,EVE,638
2000-02-21,EVE,099
2000-02-22,EVE,553
2000-02-23,EVE,828
2000-02-24,EVE,979
2000-02-25,EVE,209
2000-02-26,EVE,270
2000-02-27,EVE,754
2000-02-28,EVE,165
2000-02-29,EVE,483
2000-03-01,EVE,905
2000-03-02,EVE,588
2000-03-03,EVE,865
2000-03-04,EVE,489
2000-03-05,EVE,961
2000-03-06,EVE,343
2000-03-07,EVE,063
2000-03-08,EVE,858
2000-03-09,EVE,089
2000-03-10,EVE,281
2000-03-11,EVE,197
2000-03-12,EVE,275
2000-03-13,EVE,251
2000-03-14,EVE,709
2000-03-15,EVE,555
2000-03-16,EVE,661
2000-03-17,EVE,946
2000-03-18,EVE,047
2000-03-19,EVE,733
2000-03-20,EVE,649
2000-03-21,EVE,481
2000-03-22,EVE,801
2000-03-23,EVE,796
2000-03-24,EVE,105
2000-03-25,EVE,117
2000-03-26,EVE,413
2000-03-27,EVE,479
2000-03-28,EVE,468
2000-03-29,EVE,853
2000-03-30,EVE,206
2000-03-31,EVE,129
2000-04-01,EVE,903
2000-04-02,EVE,987
2000-04-03,EVE,992
2000-04-04,EVE,959
2000-04-05,EVE,235
2000-04-06,EVE,632
2000-04-07,EVE,513
2000-04-08,EVE,996
2000-04-09,EVE,856
2000-04-10,EVE,369
2000-04-11,EVE,044
2000-04-12,EVE,574
2000-04-13,EVE,292
2000-04-14,EVE,870
2000-04-15,EVE,326
2000-04-16,EVE,166
2000-04-17,EVE,579
2000-04-18,EVE,844
2000-04-19,EVE,477
2000-04-20,EVE,634
2000-04-21,EVE,611
2000-04-22,EVE,961
2000-04-23,EVE,704
2000-04-24,EVE,972
2000-04-25,EVE,358
2000-04-26,EVE,609
2000-04-27,EVE,712
2000-04-28,EVE,850
2000-04-29,EVE,458
2000-04-30,EVE,114
2000-05-01,EVE,894
2000-05-02,EVE,712
2000-05-03,EVE,217
2000-05-04,EVE,736
2000-05-05,EVE,334
2000-05-06,EVE,637
2000-05-07,EVE,247
2000-05-08,EVE,295
2000-05-09,EVE,107
2000-05-10,EVE,200
2000-05-11,EVE,413
2000-05-12,EVE,651
2000-05-13,EVE,341
2000-05-14,EVE,805
2000-05-15,EVE,446
2000-05-16,EVE,663
2000-05-17,EVE,559
2000-05-18,EVE,695
2000-05-19,EVE,092
2000-05-20,EVE,146
2000-05-21,EVE,425
2000-05-22,EVE,682
2000-05-23,EVE,887
2000-05-24,EVE,903
2000-05-25,EVE,143
2000-05-26,EVE,296
2000-05-27,EVE,952
2000-05-28,EVE,402
2000-05-29,EVE,256
2000-05-30,EVE,417
2000-05-31,EVE,107
2000-06-01,EVE,871
2000-06-02,EVE,752
2000-06-03,EVE,585
2000-06-04,EVE,921
2000-06-05,EVE,295
2000-06-06,EVE,497
2000-06-07,EVE,785
2000-06-08,EVE,842
2000-06-09,EVE,029
2000-06-10,EVE,759
2000-06-11,EVE,163
2000-06-12,EVE,413
2000-06-13,EVE,827
2000-06-14,EVE,277
2000-06-15,EVE,918
2000-06-16,EVE,757
2000-06-17,EVE,299
2000-06-18,EVE,232
2000-06-19,EVE,327
2000-06-20,EVE,188
2000-06-21,EVE,310
2000-06-22,EVE,223
2000-06-23,EVE,574
2000-06-24,EVE,184
2000-06-25,EVE,678
2000-06-26,EVE,121
2000-06-27,EVE,723
2000-06-28,EVE,148
2000-06-29,EVE,415
2000-06-30,EVE,374
2000-07-01,EVE,960
2000-07-02,EVE,160
2000-07-03,EVE,946
2000-07-04,EVE,912
2000-07-05,EVE,624
2000-07-06,EVE,692
2000-07-07,EVE,347
2000-07-08,EVE,038
2000-07-09,EVE,351
2000-07-10,EVE,457
2000-07-11,EVE,509
2000-07-12,EVE,721
2000-07-13,EVE,265
2000-07-14,EVE,774
2000-07-15,EVE,580
2000-07-16,EVE,044
2000-07-17,EVE,284
2000-07-18,EVE,135
2000-07-19,EVE,892
2000-07-20,EVE,066
2000-07-21,EVE,675
2000-07-22,EVE,775
2000-07-23,EVE,125
2000-07-24,EVE,763
2000-07-25,EVE,844
2000-07-26,EVE,763
2000-07-27,EVE,518
2000-07-28,EVE,280
2000-07-29,EVE,793
2000-07-30,EVE,829
2000-07-31,EVE,372
2000-08-01,EVE,735
2000-08-02,EVE,086
2000-08-03,EVE,121
2000-08-04,EVE,538
2000-08-05,EVE,223
2000-08-06,EVE,029
2000-08-07,EVE,418
2000-08-08,EVE,724
2000-08-09,EVE,682
2000-08-10,EVE,947
2000-08-11,EVE,636
2000-08-12,EVE,115
2000-08-13,EVE,454
2000-08-14,EVE,842
2000-08-15,EVE,470
2000-08-16,EVE,904
2000-08-17,EVE,361
2000-08-18,EVE,847
2000-08-19,EVE,246
2000-08-20,EVE,641
2000-08-21,EVE,677
2000-08-22,EVE,923
2000-08-23,EVE,972
2000-08-24,EVE,295
2000-08-25,EVE,975
2000-08-26,EVE,469
2000-08-27,EVE,262
2000-08-28,EVE,059
2000-08-29,EVE,538
2000-08-30,EVE,806
2000-08-31,EVE,700
2000-09-01,EVE,355
2000-09-02,EVE,123
2000-09-03,EVE,695
2000-09-04,EVE,402
2000-09-05,EVE,599
2000-09-06,EVE,101
2000-09-07,EVE,999
2000-09-08,EVE,704
2000-09-09,EVE,106
2000-09-10,EVE,148
2000-09-11,EVE,794
2000-09-12,EVE,995
2000-09-13,EVE,953
2000-09-14,EVE,371
2000-09-15,EVE,571
2000-09-16,EVE,688
2000-09-17,EVE,184
2000-09-18,EVE,796
2000-09-19,EVE,658
2000-09-20,EVE,449
2000-09-21,EVE,027
2000-09-22,EVE,514
2000-09-23,EVE,143
2000-09-24,EVE,815
2000-09-25,EVE,066
2000-09-26,EVE,178
2000-09-27,EVE,896
2000-09-28,EVE,529
2000-09-29,EVE,363
2000-09-30,EVE,705
2000-10-01,EVE,359
2000-10-02,EVE,037
2000-10-03,EVE,316
2000-10-04,EVE,091
2000-10-05,EVE,240
2000-10-06,EVE,605
2000-10-07,EVE,566
2000-10-08,EVE,786
2000-10-09,EVE,856
2000-10-10,EVE,267
2000-10-11,EVE,033
2000-10-12,EVE,536
2000-10-13,EVE,659
2000-10-14,EVE,384
2000-10-15,EVE,758
2000-10-16,EVE,875
2000-10-17,EVE,799
2000-10-18,EVE,959
2000-10-19,EVE,273
2000-10-20,EVE,324
2000-10-21,EVE,320
2000-10-22,EVE,625
2000-10-23,EVE,302
2000-10-24,EVE,751
2000-10-25,EVE,015
2000-10-26,EVE,999
2000-10-27,EVE,957
2000-10-28,EVE,674
2000-10-29,EVE,720
2000-10-30,EVE,578
2000-10-31,EVE,015
2000-11-01,EVE,909
2000-11-02,EVE,023
2000-11-03,EVE,571
2000-11-04,EVE,961
2000-11-05,EVE,556
2000-11-06,EVE,524
2000-11-07,EVE,194
2000-11-08,EVE,130
2000-11-09,EVE,927
2000-11-10,EVE,165
2000-11-11,EVE,047
2000-11-12,EVE,666
2000-11-13,EVE,577
2000-11-14,EVE,106
2000-11-15,EVE,328
2000-11-16,EVE,362
2000-11-17,EVE,900
2000-11-18,EVE,183
2000-11-19,EVE,302
2000-11-20,EVE,385
2000-11-21,EVE,248
2000-11-22,EVE,973
2000-11-23,EVE,038
2000-11-24,EVE,478
2000-11-25,EVE,402
2000-11-26,EVE,701
2000-11-27,EVE,805
2000-11-28,EVE,901
2000-11-29,EVE,811
2000-11-30,EVE,287
2000-12-01,EVE,909
2000-12-02,EVE,474
2000-12-03,EVE,784
2000-12-04,EVE,371
2000-12-05,EVE,761
2000-12-06,EVE,611
2000-12-07,EVE,814
2000-12-08,EVE,797
2000-12-09,EVE,776
2000-12-10,EVE,105
2000-12-11,EVE,091
2000-12-12,EVE,875
2000-12-13,EVE,856
2000-12-14,EVE,467
2000-12-15,EVE,757
2000-12-16,EVE,230
2000-12-17,EVE,656
2000-12-18,EVE,514
2000-12-19,EVE,025
2000-12-20,EVE,721
2000-12-21,EVE,098
2000-12-22,EVE,992
2000-12-23,EVE,798
2000-12-24,EVE,159
2000-12-25,EVE,254
2000-12-26,EVE,159
2000-12-27,EVE,737
2000-12-28,EVE,343
2000-12-29,EVE,761
2000-12-30,EVE,944
2000-12-31,EVE,066
2001-01-01,EVE,471
2001-01-02,EVE,380
2001-01-03,EVE,050
2001-01-04,EVE,651
2001-01-05,EVE,132
2001-01-06,EVE,512
2001-01-07,EVE,125
2001-01-08,EVE,039
2001-01-09,EVE,791
2001-01-10,EVE,201
2001-01-11,EVE,221
2001-01-12,EVE,510
2001-01-13,EVE,788
2001-01-14,EVE,478
2001-01-15,EVE,580
2001-01-16,EVE,440
2001-01-17,EVE,475
2001-01-18,EVE,262
2001-01-19,EVE,930
2001-01-20,EVE,104
2001-01-21,EVE,468
2001-01-22,EVE,178
2001-01-23,EVE,272
2001-01-24,EVE,560
2001-01-25,EVE,068
2001-01-26,EVE,360
2001-01-27,EVE,181
2001-01-28,EVE,150
2001-01-29,EVE,040
2001-01-30,EVE,642
2001-01-31,EVE,498
2001-02-01,EVE,516
2001-02-02,EVE,946
2001-02-03,EVE,542
2001-02-04,EVE,462
2001-02-05,EVE,477
2001-02-06,EVE,148
2001-02-07,EVE,560
2001-02-08,EVE,717
2001-02-09,EVE,679
2001-02-10,EVE,735
2001-02-11,EVE,690
2001-02-12,EVE,467
2001-02-13,EVE,041
2001-02-14,EVE,844
2001-02-15,EVE,552
2001-02-16,EVE,376
2001-02-17,EVE,028
2001-02-18,EVE,117
2001-02-19,EVE,720
2001-02-20,EVE,046
2001-02-21,EVE,458
2001-02-22,EVE,270
2001-02-23,EVE,944
2001-02-24,EVE,657
2001-02-25,EVE,058
2001-02-26,EVE,049
2001-02-27,EVE,660
2001-02-28,EVE,723
2001-03-01,EVE,784
2001-03-02,EVE,392
2001-03-03,EVE,295
2001-03-04,EVE,286
2001-03-05,EVE,098
2001-03-06,EVE,958
2001-03-07,EVE,740
2001-03-08,EVE,185
2001-03-09,EVE,253
2001-03-10,EVE,589
2001-03-11,EVE,967
2001-03-12,EVE,768
2001-03-13,EVE,423
2001-03-14,EVE,031
2001-03-15,EVE,092
2001-03-16,EVE,675
2001-03-17,EVE,229
2001-03-18,EVE,221
2001-03-19,EVE,521
2001-03-20,EVE,805
2001-03-21,EVE,201
2001-03-22,EVE,371
2001-03-23,EVE,830
2001-03-24,EVE,002
2001-03-25,EVE,772
2001-03-26,EVE,323
2001-03-27,EVE,141
2001-03-28,EVE,897
2001-03-29,EVE,686
2001-03-30,EVE,532
2001-03-31,EVE,848
2001-04-01,EVE,658
2001-04-02,EVE,635
2001-04-03,EVE,041
2001-04-04,EVE,623
2001-04-05,EVE,911
2001-04-06,EVE,967
2001-04-07,EVE,475
2001-04-08,EVE,883
2001-04-09,EVE,449
2001-04-10,EVE,012
2001-04-11,EVE,022
2001-04-12,EVE,701
2001-04-13,EVE,805
2001-04-14,EVE,841
2001-04-15,EVE,534
2001-04-16,EVE,106
2001-04-17,EVE,125
2001-04-18,EVE,895
2001-04-19,EVE,679
2001-04-20,EVE,014
2001-04-21,EVE,492
2001-04-22,EVE,877
2001-04-23,EVE,342
2001-04-24,EVE,770
2001-04-25,EVE,567
2001-04-26,EVE,065
2001-04-27,EVE,629
2001-04-28,EVE,330
2001-04-29,EVE,877
2001-04-30,EVE,303
2001-05-01,EVE,668
2001-05-02,EVE,837
2001-05-03,EVE,333
2001-05-04,EVE,891
2001-05-05,EVE,785
2001-05-06,EVE,604
2001-05-07,EVE,405
2001-05-08,EVE,874
2001-05-09,EVE,124
2001-05-10,EVE,180
2001-05-11,EVE,600
2001-05-12,EVE,790
2001-05-13,EVE,200
2001-05-14,EVE,571
2001-05-15,EVE,362
2001-05-16,EVE,885
2001-05-17,EVE,112
2001-05-18,EVE,313
2001-05-19,EVE,785
2001-05-20,EVE,866
2001-05-21,EVE,408
2001-05-22,EVE,093
2001-05-23,EVE,651
2001-05-24,EVE,528
2001-05-25,EVE,821
2001-05-26,EVE,560
2001-05-27,EVE,077
2001-05-28,EVE,523
2001-05-29,EVE,177
2001-05-30,EVE,391
2001-05-31,EVE,821
2001-06-01,EVE,626
2001-06-02,EVE,625
2001-06-03,EVE,850
2001-06-04,EVE,534
2001-06-05,EVE,149
2001-06-06,EVE,015
2001-06-07,EVE,100
2001-06-08,EVE,120
2001-06-09,EVE,639
2001-06-10,EVE,613
2001-06-11,EVE,482
2001-06-12,EVE,435
2001-06-13,EVE,878
2001-06-14,EVE,238
2001-06-15,EVE,144
2001-06-16,EVE,739
2001-06-17,EVE,510
2001-06-18,EVE,029
2001-06-19,EVE,395
2001-06-20,EVE,171
2001-06-21,EVE,018
2001-06-22,EVE,223
2001-06-23,EVE,912
2001-06-24,EVE,684
2001-06-25,EVE,066
2001-06-26,EVE,680
2001-06-27,EVE,331
2001-06-28,EVE,619
2001-06-29,EVE,006
2001-06-30,EVE,562
2001-07-01,EVE,588
2001-07-02,EVE,571
2001-07-03,EVE,378
2001-07-04,EVE,217
2001-07-05,EVE,276
2001-07-06,EVE,746
2001-07-07,EVE,012
2001-07-08,EVE,664
2001-07-09,EVE,820
2001-07-10,EVE,280
2001-07-11,EVE,609
2001-07-12,EVE,707
2001-07-13,EVE,215
2001-07-14,EVE,391
2001-07-15,EVE,230
2001-07-16,EVE,829
2001-07-17,EVE,947
2001-07-18,EVE,299
2001-07-19,EVE,745
2001-07-20,EVE,933
2001-07-21,EVE,379
2001-07-22,EVE,579
2001-07-23,EVE,140
2001-07-24,EVE,897
2001-07-25,EVE,489
2001-07-26,EVE,592
2001-07-27,EVE,787
2001-07-28,EVE,855
2001-07-29,EVE,201
2001-07-30,EVE,529
2001-07-31,EVE,790
2001-08-01,EVE,524
2001-08-02,EVE,689
2001-08-03,EVE,956
2001-08-04,EVE,248
2001-08-05,EVE,421
2001-08-06,EVE,258
2001-08-07,EVE,484
2001-08-08,EVE,440
2001-08-09,EVE,522
2001-08-10,EVE,723
2001-08-11,EVE,186
2001-08-12,EVE,664
2001-08-13,EVE,619
2001-08-14,EVE,010
2001-08-15,EVE,262
2001-08-16,EVE,562
2001-08-17,EVE,318
2001-08-18,EVE,051
2001-08-19,EVE,516
2001-08-20,EVE,546
2001-08-21,EVE,876
2001-08-22,EVE,298
2001-08-23,EVE,386
2001-08-24,EVE,872
2001-08-25,EVE,611
2001-08-26,EVE,627
2001-08-27,EVE,270
2001-08-28,EVE,535
2001-08-29,EVE,565
2001-08-30,EVE,204
2001-08-31,EVE,550
2001-09-01,EVE,520
2001-09-02,EVE,912
2001-09-03,EVE,670
2001-09-04,EVE,357
2001-09-05,EVE,458
2001-09-06,EVE,842
2001-09-07,EVE,268
2001-09-08,EVE,802
2001-09-09,EVE,612
2001-09-10,EVE,658
2001-09-11,EVE,719
2001-09-12,EVE,817
2001-09-13,EVE,070
2001-09-14,EVE,745
2001-09-15,EVE,474
2001-09-16,EVE,998
2001-09-17,EVE,145
2001-09-18,EVE,298
2001-09-19,EVE,016
2001-09-20,EVE,798
2001-09-21,EVE,936
2001-09-22,EVE,998
2001-09-23,EVE,658
2001-09-24,EVE,141
2001-09-25,EVE,923
2001-09-26,EVE,277
2001-09-27,EVE,845
2001-09-28,EVE,598
2001-09-29,EVE,110
2001-09-30,EVE,296
2001-10-01,EVE,371
2001-10-02,EVE,361
2001-10-03,EVE,586
2001-10-04,EVE,889
2001-10-05,EVE,122
2001-10-06,EVE,416
2001-10-07,EVE,428
2001-10-08,EVE,465
2001-10-09,EVE,198
2001-10-10,EVE,998
2001-10-11,EVE,135
2001-10-12,EVE,892
2001-10-13,EVE,565
2001-10-14,EVE,689
2001-10-15,EVE,930
2001-10-16,EVE,100
2001-10-17,EVE,869
2001-10-18,EVE,644
2001-10-19,EVE,046
2001-10-20,EVE,337
2001-10-21,EVE,952
2001-10-22,EVE,544
2001-10-23,EVE,071
2001-10-24,EVE,823
2001-10-25,EVE,158
2001-10-26,EVE,797
2001-10-27,EVE,069
2001-10-28,EVE,781
2001-10-29,EVE,998
2001-10-30,EVE,265
2001-10-31,EVE,988
2001-11-01,EVE,840
2001-11-02,EVE,374
2001-11-03,EVE,299
2001-11-04,EVE,222
2001-11-05,EVE,654
2001-11-06,EVE,613
2001-11-07,EVE,466
2001-11-08,EVE,887
2001-11-09,EVE,487
2001-11-10,EVE,019
2001-11-11,EVE,258
2001-11-12,EVE,872
2001-11-13,EVE,251
2001-11-14,EVE,729
2001-11-15,EVE,885
2001-11-16,EVE,905
2001-11-17,EVE,005
2001-11-18,EVE,966
2001-11-19,EVE,417
2001-11-20,EVE,799
2001-11-21,EVE,261
2001-11-22,EVE,622
2001-11-23,EVE,616
2001-11-24,EVE,322
2001-11-25,EVE,729
2001-11-26,EVE,942
2001-11-27,EVE,972
2001-11-28,EVE,234
2001-11-29,EVE,350
2001-11-30,EVE,295
2001-12-01,EVE,046
2001-12-02,EVE,012
2001-12-03,EVE,164
2001-12-04,EVE,255
2001-12-05,EVE,409
2001-12-06,EVE,027
2001-12-07,EVE,399
2001-12-08,EVE,254
2001-12-09,EVE,529
2001-12-10,EVE,686
2001-12-11,EVE,309
2001-12-12,EVE,482
2001-12-13,EVE,745
2001-12-14,EVE,298
2001-12-15,EVE,849
2001-12-16,EVE,313
2001-12-17,EVE,023
2001-12-18,EVE,950
2001-12-19,EVE,460
2001-12-20,EVE,188
2001-12-21,EVE,192
2001-12-22,EVE,067
2001-12-23,EVE,525
2001-12-24,EVE,807
2001-12-25,EVE,224
2001-12-26,EVE,939
2001-12-27,EVE,288
2001-12-28,EVE,307
2001-12-29,EVE,131
2001-12-30,EVE,668
2001-12-31,EVE,143
2002-01-01,EVE,331
2002-01-02,EVE,895
2002-01-03,EVE,970
2002-01-04,EVE,497
2002-01-05,EVE,250
2002-01-06,EVE,214
2002-01-07,EVE,761
2002-01-08,EVE,998
2002-01-09,EVE,153
2002-01-10,EVE,789
2002-01-11,EVE,626
2002-01-12,EVE,289
2002-01-13,EVE,839
2002-01-14,EVE,631
2002-01-15,EVE,724
2002-01-16,EVE,915
2002-01-17,EVE,087
2002-01-18,EVE,496
2002-01-19,EVE,282
2002-01-20,EVE,277
2002-01-21,EVE,964
2002-01-22,EVE,482
2002-01-23,EVE,740
2002-01-24,EVE,077
2002-01-25,EVE,441
2002-01-26,EVE,399
2002-01-27,EVE,588
2002-01-28,EVE,825
2002-01-29,EVE,064
2002-01-30,EVE,015
2002-01-31,EVE,524
2002-02-01,EVE,355
2002-02-02,EVE,710
2002-02-03,EVE,460
2002-02-04,EVE,685
2002-02-05,EVE,880
2002-02-06,EVE,214
2002-02-07,EVE,537
2002-02-08,EVE,695
2002-02-09,EVE,780
2002-02-10,EVE,903
2002-02-11,EVE,929
2002-02-12,EVE,573
2002-02-13,EVE,203
2002-02-14,EVE,138
2002-02-15,EVE,076
2002-02-16,EVE,593
2002-02-17,EVE,432
2002-02-18,EVE,576
2002-02-19,EVE,112
2002-02-20,EVE,741
2002-02-21,EVE,990
2002-02-22,EVE,849
2002-02-23,EVE,579
2002-02-24,EVE,272
2002-02-25,EVE,355
2002-02-26,EVE,104
2002-02-27,EVE,273
2002-02-28,EVE,192
2002-03-01,EVE,049
2002-03-02,EVE,821
2002-03-03,EVE,212
2002-03-04,EVE,128
2002-03-05,EVE,144
2002-03-06,EVE,913
2002-03-07,EVE,666
2002-03-08,EVE,356
2002-03-09,EVE,043
2002-03-10,EVE,972
2002-03-11,EVE,753
2002-03-12,EVE,860
2002-03-13,EVE,165
2002-03-14,EVE,600
2002-03-15,EVE,029
2002-03-16,EVE,887
2002-03-17,EVE,384
2002-03-18,EVE,427
2002-03-19,EVE,399
2002-03-20,EVE,845
2002-03-21,EVE,775
2002-03-22,EVE,317
2002-03-23,EVE,131
2002-03-24,EVE,972
2002-03-25,EVE,229
2002-03-26,EVE,702
2002-03-27,EVE,102
2002-03-28,EVE,726
2002-03-29,EVE,289
2002-03-30,EVE,957
2002-03-31,EVE,558
2002-04-01,EVE,045
2002-04-02,EVE,263
2002-04-03,EVE,368
2002-04-04,EVE,300
2002-04-05,EVE,757
2002-04-06,EVE,046
2002-04-07,EVE,819
2002-04-08,EVE,695
2002-04-09,EVE,736
2002-04-10,EVE,473
2002-04-11,EVE,314
2002-04-12,EVE,808
2002-04-13,EVE,486
2002-04-14,EVE,972
2002-04-15,EVE,987
2002-04-16,EVE,358
2002-04-17,EVE,837
2002-04-18,EVE,836
2002-04-19,EVE,821
2002-04-20,EVE,308
2002-04-21,EVE,056
2002-04-22,EVE,987
2002-04-23,EVE,532
2002-04-24,EVE,157
2002-04-25,EVE,671
2002-04-26,EVE,368
2002-04-27,EVE,843
2002-04-28,EVE,417
2002-04-29,EVE,607
2002-04-30,EVE,256
2002-05-01,EVE,846
2002-05-02,EVE,483
2002-05-03,EVE,416
2002-05-04,EVE,919
2002-05-05,EVE,577
2002-05-06,EVE,724
2002-05-07,EVE,138
2002-05-08,EVE,522
2002-05-09,EVE,276
2002-05-10,EVE,550
2002-05-11,EVE,926
2002-05-12,EVE,157
2002-05-13,EVE,784
2002-05-14,EVE,992
2002-05-15,EVE,379
2002-05-16,EVE,476
2002-05-17,EVE,490
2002-05-18,EVE,977
2002-05-19,EVE,499
2002-05-20,EVE,461
2002-05-21,EVE,570
2002-05-22,EVE,229
2002-05-23,EVE,182
2002-05-24,EVE,976
2002-05-25,EVE,058
2002-05-26,EVE,777
2002-05-27,EVE,813
2002-05-28,EVE,885
2002-05-29,EVE,246
2002-05-30,EVE,447
2002-05-31,EVE,510
2002-06-01,EVE,424
2002-06-02,EVE,743
2002-06-03,EVE,950
2002-06-04,EVE,945
2002-06-05,EVE,353
2002-06-06,EVE,961
2002-06-07,EVE,526
2002-06-08,EVE,203
2002-06-09,EVE,861
2002-06-10,EVE,667
2002-06-11,EVE,345
2002-06-12,EVE,404
2002-06-13,EVE,929
2002-06-14,EVE,434
2002-06-15,EVE,169
2002-06-16,EVE,008
2002-06-17,EVE,443
2002-06-18,EVE,999
2002-06-19,EVE,552
2002-06-20,EVE,501
2002-06-21,EVE,320
2002-06-22,EVE,236
2002-06-23,EVE,408
2002-06-24,EVE,779
2002-06-25,EVE,477
2002-06-26,EVE,597
2002-06-27,EVE,841
2002-06-28,EVE,562
2002-06-29,EVE,894
2002-06-30,EVE,260
2002-07-01,EVE,799
2002-07-02,EVE,003
2002-07-03,EVE,057
2002-07-04,EVE,327
2002-07-05,EVE,159
2002-07-06,EVE,024
2002-07-07,EVE,581
2002-07-08,EVE,691
2002-07-09,EVE,139
2002-07-10,EVE,343
2002-07-11,EVE,700
2002-07-12,EVE,635
2002-07-13,EVE,544
2002-07-14,EVE,780
2002-07-15,EVE,937
2002-07-16,EVE,188
2002-07-17,EVE,349
2002-07-18,EVE,615
2002-07-19,EVE,085
2002-07-20,EVE,476
2002-07-21,EVE,747
2002-07-22,EVE,443
2002-07-23,EVE,042
2002-07-24,EVE,230
2002-07-25,EVE,615
2002-07-26,EVE,728
2002-07-27,EVE,225
2002-07-28,EVE,127
2002-07-29,EVE,903
2002-07-30,EVE,997
2002-07-31,EVE,755
2002-08-01,EVE,556
2002-08-02,EVE,796
2002-08-03,EVE,294
2002-08-04,EVE,805
2002-08-05,EVE,208
2002-08-06,EVE,653
2002-08-07,EVE,096
2002-08-08,EVE,620
2002-08-09,EVE,498
2002-08-10,EVE,434
2002-08-11,EVE,649
2002-08-12,EVE,684
2002-08-13,EVE,722
2002-08-14,EVE,909
2002-08-15,EVE,903
2002-08-16,EVE,900
2002-08-17,EVE,644
2002-08-18,EVE,348
2002-08-19,EVE,825
2002-08-20,EVE,006
2002-08-21,EVE,424
2002-08-22,EVE,705
2002-08-23,EVE,448
2002-08-24,EVE,160
2002-08-25,EVE,663
2002-08-26,EVE,803
2002-08-27,EVE,493
2002-08-28,EVE,449
2002-08-29,EVE,412
2002-08-30,EVE,464
2002-08-31,EVE,898
2002-09-01,EVE,279
2002-09-02,EVE,949
2002-09-03,EVE,007
2002-09-04,EVE,092
2002-09-05,EVE,990
2002-09-06,EVE,489
2002-09-07,EVE,078
2002-09-08,EVE,801
2002-09-09,EVE,030
2002-09-10,EVE,045
2002-09-11,EVE,431
2002-09-12,EVE,044
2002-09-13,EVE,509
2002-09-14,EVE,711
2002-09-15,EVE,245
2002-09-16,EVE,374
2002-09-17,EVE,086
2002-09-18,EVE,851
2002-09-19,EVE,104
2002-09-20,EVE,896
2002-09-21,EVE,681
2002-09-22,EVE,926
2002-09-23,EVE,128
2002-09-24,EVE,756
2002-09-25,EVE,955
2002-09-26,EVE,721
2002-09-27,EVE,090
2002-09-28,EVE,572
2002-09-29,EVE,288
2002-09-30,EVE,519
2002-10-01,EVE,318
2002-10-02,EVE,035
2002-10-03,EVE,039
2002-10-04,EVE,392
2002-10-05,EVE,523
2002-10-06,EVE,661
2002-10-07,EVE,261
2002-10-08,EVE,806
2002-10-09,EVE,260
2002-10-10,EVE,226
2002-10-11,EVE,013
2002-10-12,EVE,886
2002-10-13,EVE,524
2002-10-14,EVE,399
2002-10-15,EVE,438
2002-10-16,EVE,495
2002-10-17,EVE,011
2002-10-18,EVE,782
2002-10-19,EVE,238
2002-10-20,EVE,687
2002-10-21,EVE,017
2002-10-22,EVE,229
2002-10-23,EVE,747
2002-10-24,EVE,236
2002-10-25,EVE,116
2002-10-26,EVE,387
2002-10-27,EVE,917
2002-10-28,EVE,330
2002-10-29,EVE,954
2002-10-30,EVE,447
2002-10-31,EVE,334
2002-11-01,EVE,041
2002-11-02,EVE,754
2002-11-03,EVE,627
2002-11-04,EVE,070
2002-11-05,EVE,272
2002-11-06,EVE,087
2002-11-07,EVE,400
2002-11-08,EVE,740
2002-11-09,EVE,874
2002-11-10,EVE,762
2002-11-11,EVE,802
2002-11-12,EVE,884
2002-11-13,EVE,731
2002-11-14,EVE,168
2002-11-15,EVE,006
2002-11-16,EVE,368
2002-11-17,EVE,654
2002-11-18,EVE,852
2002-11-19,EVE,504
2002-11-20,EVE,391
2002-11-21,EVE,097
2002-11-22,EVE,863
2002-11-23,EVE,908
2002-11-24,EVE,064
2002-11-25,EVE,378
2002-11-26,EVE,027
2002-11-27,EVE,344
2002-11-28,EVE,981
2002-11-29,EVE,943
2002-11-30,EVE,293
2002-12-01,EVE,838
2002-12-02,EVE,386
2002-12-03,EVE,094
2002-12-04,EVE,163
2002-12-05,EVE,568
2002-12-06,EVE,429
2002-12-07,EVE,613
2002-12-08,EVE,080
2002-12-09,EVE,144
2002-12-10,EVE,284
2002-12-11,EVE,687
2002-12-12,EVE,061
2002-12-13,EVE,600
2002-12-14,EVE,651
2002-12-15,EVE,026
2002-12-16,EVE,084
2002-12-17,EVE,160
2002-12-18,EVE,549
2002-12-19,EVE,706
2002-12-20,EVE,239
2002-12-21,EVE,624
2002-12-22,EVE,058
2002-12-23,EVE,490
2002-12-24,EVE,287
2002-12-25,EVE,692
2002-12-26,EVE,933
2002-12-27,EVE,555
2002-12-28,EVE,106
2002-12-29,EVE,277
2002-12-30,EVE,894
2002-12-31,EVE,433
2003-01-01,EVE,681
2003-01-02,EVE,024
2003-01-03,EVE,267
2003-01-04,EVE,841
2003-01-05,EVE,247
2003-01-06,EVE,049
2003-01-07,EVE,698
2003-01-08,EVE,739
2003-01-09,EVE,992
2003-01-10,EVE,480
2003-01-11,EVE,131
2003-01-12,EVE,219
2003-01-13,EVE,928
2003-01-14,EVE,257
2003-01-15,EVE,644
2003-01-16,EVE,792
2003-01-17,EVE,301
2003-01-18,EVE,012
2003-01-19,EVE,928
2003-01-20,EVE,369
2003-01-21,EVE,206
2003-01-22,EVE,796
2003-01-23,EVE,193
2003-01-24,EVE,479
2003-01-25,EVE,776
2003-01-26,EVE,501
2003-01-27,EVE,011
2003-01-28,EVE,368
2003-01-29,EVE,298
2003-01-30,EVE,591
2003-01-31,EVE,725
2003-02-01,EVE,957
2003-02-02,EVE,792
2003-02-03,EVE,185
2003-02-04,EVE,371
2003-02-05,EVE,917
2003-02-06,EVE,426
2003-02-07,EVE,665
2003-02-08,EVE,856
2003-02-09,EVE,643
2003-02-10,EVE,076
2003-02-11,EVE,611
2003-02-12,EVE,665
2003-02-13,EVE,757
2003-02-14,EVE,515
2003-02-15,EVE,222
2003-02-16,EVE,271
2003-02-17,EVE,565
2003-02-18,EVE,799
2003-02-19,EVE,440
2003-02-20,EVE,127
2003-02-21,EVE,683
2003-02-22,EVE,347
2003-02-23,EVE,933
2003-02-24,EVE,210
2003-02-25,EVE,551
2003-02-26,EVE,694
2003-02-27,EVE,465
2003-02-28,EVE,839
2003-03-01,EVE,909
2003-03-02,EVE,433
2003-03-03,EVE,285
2003-03-04,EVE,789
2003-03-05,EVE,061
2003-03-06,EVE,822
2003-03-07,EVE,963
2003-03-08,EVE,822
2003-03-09,EVE,448
2003-03-10,EVE,109
2003-03-11,EVE,156
2003-03-12,EVE,677
2003-03-13,EVE,166
2003-03-14,EVE,001
2003-03-15,EVE,347
2003-03-16,EVE,026
2003-03-17,EVE,662
2003-03-18,EVE,393
2003-03-19,EVE,157
2003-03-20,EVE,466
2003-03-21,EVE,996
2003-03-22,EVE,633
2003-03-23,EVE,674
2003-03-24,EVE,041
2003-03-25,EVE,490
2003-03-26,EVE,629
2003-03-27,EVE,519
2003-03-28,EVE,527
2003-03-29,EVE,140
2003-03-30,EVE,112
2003-03-31,EVE,819
2003-04-01,EVE,319
2003-04-02,EVE,732
2003-04-03,EVE,800
2003-04-04,EVE,522
2003-04-05,EVE,268
2003-04-06,EVE,320
2003-04-07,EVE,649
2003-04-08,EVE,803
2003-04-09,EVE,407
2003-04-10,EVE,313
2003-04-11,EVE,030
2003-04-12,EVE,353
2003-04-13,EVE,210
2003-04-14,EVE,191
2003-04-15,EVE,328
2003-04-16,EVE,694
2003-04-17,EVE,659
2003-04-18,EVE,318
2003-04-19,EVE,157
2003-04-20,EVE,900
2003-04-21,EVE,590
2003-04-22,EVE,420
2003-04-23,EVE,924
2003-04-24,EVE,559
2003-04-25,EVE,500
2003-04-26,EVE,778
2003-04-27,EVE,008
2003-04-28,EVE,456
2003-04-29,EVE,097
2003-04-30,EVE,873
2003-05-01,EVE,413
2003-05-02,EVE,426
2003-05-03,EVE,848
2003-05-04,EVE,670
2003-05-05,EVE,727
2003-05-06,EVE,582
2003-05-07,EVE,989
2003-05-08,EVE,987
2003-05-09,EVE,156
2003-05-10,EVE,425
2003-05-11,EVE,352
2003-05-12,EVE,042
2003-05-13,EVE,675
2003-05-14,EVE,309
2003-05-15,EVE,346
2003-05-16,EVE,544
2003-05-17,EVE,380
2003-05-18,EVE,127
2003-05-19,EVE,053
2003-05-20,EVE,992
2003-05-21,EVE,506
2003-05-22,EVE,058
2003-05-23,EVE,546
2003-05-24,EVE,648
2003-05-25,EVE,580
2003-05-26,EVE,011
2003-05-27,EVE,664
2003-05-28,EVE,368
2003-05-29,EVE,675
2003-05-30,EVE,359
2003-05-31,EVE,172
2003-06-01,EVE,261
2003-06-02,EVE,914
2003-06-03,EVE,530
2003-06-04,EVE,513
2003-06-05,EVE,896
2003-06-06,EVE,294
2003-06-07,EVE,917
2003-06-08,EVE,372
2003-06-09,EVE,410
2003-06-10,EVE,642
2003-06-11,EVE,678
2003-06-12,EVE,472
2003-06-13,EVE,211
2003-06-14,EVE,796
2003-06-15,EVE,369
2003-06-16,EVE,542
2003-06-17,EVE,854
2003-06-18,EVE,976
2003-06-19,EVE,926
2003-06-20,EVE,245
2003-06-21,EVE,466
2003-06-22,EVE,835
2003-06-23,EVE,445
2003-06-24,EVE,251
2003-06-25,EVE,791
2003-06-26,EVE,129
2003-06-27,EVE,109
2003-06-28,EVE,948
2003-06-29,EVE,608
2003-06-30,EVE,613
2003-07-01,EVE,285
2003-07-02,EVE,408
2003-07-03,EVE,384
2003-07-04,EVE,999
2003-07-05,EVE,453
2003-07-06,EVE,138
2003-07-07,EVE,004
2003-07-08,EVE,710
2003-07-09,EVE,447
2003-07-10,EVE,261
2003-07-11,EVE,816
2003-07-12,EVE,659
2003-07-13,EVE,950
2003-07-14,EVE,317
2003-07-15,EVE,154
2003-07-16,EVE,000
2003-07-17,EVE,748
2003-07-18,EVE,965
2003-07-19,EVE,922
2003-07-20,EVE,613
2003-07-21,EVE,534
2003-07-22,EVE,262
2003-07-23,EVE,976
2003-07-24,EVE,458
2003-07-25,EVE,848
2003-07-26,EVE,137
2003-07-27,EVE,833
2003-07-28,EVE,582
2003-07-29,EVE,402
2003-07-30,EVE,323
2003-07-31,EVE,720
2003-08-01,EVE,003
2003-08-02,EVE,708
2003-08-03,EVE,380
2003-08-04,EVE,570
2003-08-05,EVE,722
2003-08-06,EVE,199
2003-08-07,EVE,436
2003-08-08,EVE,209
2003-08-09,EVE,947
2003-08-10,EVE,972
2003-08-11,EVE,008
2003-08-12,EVE,634
2003-08-13,EVE,371
2003-08-14,EVE,015
2003-08-15,EVE,159
2003-08-16,EVE,251
2003-08-17,EVE,328
2003-08-18,EVE,106
2003-08-19,EVE,167
2003-08-20,EVE,315
2003-08-21,EVE,702
2003-08-22,EVE,404
2003-08-23,EVE,501
2003-08-24,EVE,737
2003-08-25,EVE,772
2003-08-26,EVE,807
2003-08-27,EVE,368
2003-08-28,EVE,234
2003-08-29,EVE,178
2003-08-30,EVE,346
2003-08-31,EVE,723
2003-09-01,EVE,361
2003-09-02,EVE,908
2003-09-03,EVE,892
2003-09-04,EVE,230
2003-09-05,EVE,516
2003-09-06,EVE,245
2003-09-07,EVE,953
2003-09-08,EVE,881
2003-09-09,EVE,271
2003-09-10,EVE,947
2003-09-11,EVE,603
2003-09-12,EVE,279
2003-09-13,EVE,491
2003-09-14,EVE,742
2003-09-15,EVE,907
2003-09-16,EVE,573
2003-09-17,EVE,184
2003-09-18,EVE,034
2003-09-19,EVE,469
2003-09-20,EVE,635
2003-09-21,EVE,673
2003-09-22,EVE,680
2003-09-23,EVE,193
2003-09-24,EVE,384
2003-09-25,EVE,901
2003-09-26,EVE,725
2003-09-27,EVE,861
2003-09-28,EVE,402
2003-09-29,EVE,347
2003-09-30,EVE,534
2003-10-01,EVE,320
2003-10-02,EVE,711
2003-10-03,EVE,955
2003-10-04,EVE,726
2003-10-05,EVE,968
2003-10-06,EVE,316
2003-10-07,EVE,025
2003-10-08,EVE,071
2003-10-09,EVE,279
2003-10-10,EVE,311
2003-10-11,EVE,505
2003-10-12,EVE,893
2003-10-13,EVE,886
2003-10-14,EVE,506
2003-10-15,EVE,418
2003-10-16,EVE,305
2003-10-17,EVE,644
2003-10-18,EVE,400
2003-10-19,EVE,502
2003-10-20,EVE,069
2003-10-21,EVE,169
2003-10-22,EVE,379
2003-10-23,EVE,624
2003-10-24,EVE,816
2003-10-25,EVE,840
2003-10-26,EVE,272
2003-10-27,EVE,932
2003-10-28,EVE,315
2003-10-29,EVE,638
2003-10-30,EVE,069
2003-10-31,EVE,204
2003-11-01,EVE,972
2003-11-02,EVE,970
2003-11-03,EVE,269
2003-11-04,EVE,412
2003-11-05,EVE,117
2003-11-06,EVE,845
2003-11-07,EVE,112
2003-11-08,EVE,183
2003-11-09,EVE,111
2003-11-10,EVE,023
2003-11-11,EVE,415
2003-11-12,EVE,107
2003-11-13,EVE,748
2003-11-14,EVE,396
2003-11-15,EVE,486
2003-11-16,EVE,971
2003-11-17,EVE,674
2003-11-18,EVE,389
2003-11-19,EVE,858
2003-11-20,EVE,610
2003-11-21,EVE,720
2003-11-22,EVE,349
2003-11-23,EVE,503
2003-11-24,EVE,623
2003-11-25,EVE,161
2003-11-26,EVE,381
2003-11-27,EVE,888
2003-11-28,EVE,361
2003-11-29,EVE,635
2003-11-30,EVE,093
2003-12-01,EVE,286
2003-12-02,EVE,779
2003-12-03,EVE,670
2003-12-04,EVE,911
2003-12-05,EVE,042
2003-12-06,EVE,122
2003-12-07,EVE,213
2003-12-08,EVE,236
2003-12-09,EVE,135
2003-12-10,EVE,077
2003-12-11,EVE,154
2003-12-12,EVE,077
2003-12-13,EVE,603
2003-12-14,EVE,402
2003-12-15,EVE,536
2003-12-16,EVE,316
2003-12-17,EVE,233
2003-12-18,EVE,756
2003-12-19,EVE,871
2003-12-20,EVE,569
2003-12-21,EVE,309
2003-12-22,EVE,509
2003-12-23,EVE,399
2003-12-24,EVE,794
2003-12-25,EVE,917
2003-12-26,EVE,395
2003-12-27,EVE,495
2003-12-28,EVE,320
2003-12-29,EVE,877
2003-12-30,EVE,547
2003-12-31,EVE,466
2004-01-01,EVE,970
2004-01-02,EVE,426
2004-01-03,EVE,441
2004-01-04,EVE,365
2004-01-05,EVE,568
2004-01-06,EVE,861
2004-01-07,EVE,417
2004-01-08,EVE,574
2004-01-09,EVE,799
2004-01-10,EVE,932
2004-01-11,EVE,252
2004-01-12,EVE,964
2004-01-13,EVE,084
2004-01-14,EVE,798
2004-01-15,EVE,894
2004-01-16,EVE,391
2004-01-17,EVE,008
2004-01-18,EVE,674
2004-01-19,EVE,495
2004-01-20,EVE,313
2004-01-21,EVE,263
2004-01-22,EVE,668
2004-01-23,EVE,829
2004-01-24,EVE,865
2004-01-25,EVE,560
2004-01-26,EVE,550
2004-01-27,EVE,881
2004-01-28,EVE,214
2004-01-29,EVE,858
2004-01-30,EVE,383
2004-01-31,EVE,791
2004-02-01,EVE,301
2004-02-02,EVE,614
2004-02-03,EVE,872
2004-02-04,EVE,120
2004-02-05,EVE,100
2004-02-06,EVE,060
2004-02-07,EVE,300
2004-02-08,EVE,049
2004-02-09,EVE,027
2004-02-10,EVE,465
2004-02-11,EVE,442
2004-02-12,EVE,455
2004-02-13,EVE,340
2004-02-14,EVE,796
2004-02-15,EVE,609
2004-02-16,EVE,223
2004-02-17,EVE,970
2004-02-18,EVE,720
2004-02-19,EVE,729
2004-02-20,EVE,428
2004-02-21,EVE,908
2004-02-22,EVE,468
2004-02-23,EVE,525
2004-02-24,EVE,453
2004-02-25,EVE,326
2004-02-26,EVE,377
2004-02-27,EVE,978
2004-02-28,EVE,757
2004-02-29,EVE,956
2004-03-01,EVE,866
2004-03-02,EVE,819
2004-03-03,EVE,570
2004-03-04,EVE,785
2004-03-05,EVE,811
2004-03-06,EVE,331
2004-03-07,EVE,192
2004-03-08,EVE,846
2004-03-09,EVE,836
2004-03-10,EVE,939
2004-03-11,EVE,810
2004-03-12,EVE,508
2004-03-13,EVE,966
2004-03-14,EVE,520
2004-03-15,EVE,392
2004-03-16,EVE,385
2004-03-17,EVE,848
2004-03-18,EVE,923
2004-03-19,EVE,141
2004-03-20,EVE,290
2004-03-21,EVE,831
2004-03-22,EVE,637
2004-03-23,EVE,166
2004-03-24,EVE,395
2004-03-25,EVE,011
2004-03-26,EVE,868
2004-03-27,EVE,324
2004-03-28,EVE,844
2004-03-29,EVE,445
2004-03-30,EVE,641
2004-03-31,EVE,854
2004-04-01,EVE,974
2004-04-02,EVE,530
2004-04-03,EVE,359
2004-04-04,EVE,987
2004-04-05,EVE,857
2004-04-06,EVE,833
2004-04-07,EVE,837
2004-04-08,EVE,330
2004-04-09,EVE,915
2004-04-10,EVE,307
2004-04-11,EVE,295
2004-04-12,EVE,416
2004-04-13,EVE,099
2004-04-14,EVE,458
2004-04-15,EVE,323
2004-04-16,EVE,462
2004-04-17,EVE,890
2004-04-18,EVE,223
2004-04-19,EVE,615
2004-04-20,EVE,569
2004-04-21,EVE,091
2004-04-22,EVE,419
2004-04-23,EVE,273
2004-04-24,EVE,111
2004-04-25,EVE,559
2004-04-26,EVE,556
2004-04-27,EVE,532
2004-04-28,EVE,346
2004-04-29,EVE,850
2004-04-30,EVE,706
2004-05-01,EVE,696
2004-05-02,EVE,499
2004-05-03,EVE,984
2004-05-04,EVE,430
2004-05-05,EVE,189
2004-05-06,EVE,987
2004-05-07,EVE,647
2004-05-08,EVE,411
2004-05-09,EVE,850
2004-05-10,EVE,979
2004-05-11,EVE,425
2004-05-12,EVE,410
2004-05-13,EVE,279
2004-05-14,EVE,224
2004-05-15,EVE,725
2004-05-16,EVE,548
2004-05-17,EVE,084
2004-05-18,EVE,155
2004-05-19,EVE,941
2004-05-20,EVE,233
2004-05-21,EVE,053
2004-05-22,EVE,034
2004-05-23,EVE,189
2004-05-24,EVE,156
2004-05-25,EVE,607
2004-05-26,EVE,596
2004-05-27,EVE,939
2004-05-28,EVE,952
2004-05-29,EVE,952
2004-05-30,EVE,809
2004-05-31,EVE,442
2004-06-01,EVE,542
2004-06-02,EVE,149
2004-06-03,EVE,365
2004-06-04,EVE,247
2004-06-05,EVE,482
2004-06-06,EVE,772
2004-06-07,EVE,551
2004-06-08,EVE,539
2004-06-09,EVE,141
2004-06-10,EVE,786
2004-06-11,EVE,219
2004-06-12,EVE,224
2004-06-13,EVE,094
2004-06-14,EVE,643
2004-06-15,EVE,006
2004-06-16,EVE,510
2004-06-17,EVE,772
2004-06-18,EVE,167
2004-06-19,EVE,950
2004-06-20,EVE,476
2004-06-21,EVE,718
2004-06-22,EVE,790
2004-06-23,EVE,831
2004-06-24,EVE,314
2004-06-25,EVE,987
2004-06-26,EVE,146
2004-06-27,EVE,538
2004-06-28,EVE,561
2004-06-29,EVE,362
2004-06-30,EVE,330
2004-07-01,EVE,850
2004-07-02,EVE,469
2004-07-03,EVE,828
2004-07-04,EVE,283
2004-07-05,EVE,124
2004-07-06,EVE,028
2004-07-07,EVE,253
2004-07-08,EVE,845
2004-07-09,EVE,791
2004-07-10,EVE,985
2004-07-11,EVE,685
2004-07-12,EVE,627
2004-07-13,EVE,063
2004-07-14,EVE,219
2004-07-15,EVE,692
2004-07-16,EVE,613
2004-07-17,EVE,403
2004-07-18,EVE,384
2004-07-19,EVE,831
2004-07-20,EVE,425
2004-07-21,EVE,601
2004-07-22,EVE,604
2004-07-23,EVE,174
2004-07-24,EVE,839
2004-07-25,EVE,598
2004-07-26,EVE,563
2004-07-27,EVE,406
2004-07-28,EVE,912
2004-07-29,EVE,414
2004-07-30,EVE,081
2004-07-31,EVE,109
2004-08-01,EVE,720
2004-08-02,EVE,905
2004-08-03,EVE,966
2004-08-04,EVE,278
2004-08-05,EVE,781
2004-08-06,EVE,508
2004-08-07,EVE,443
2004-08-08,EVE,646
2004-08-09,EVE,989
2004-08-10,EVE,810
2004-08-11,EVE,833
2004-08-12,EVE,923
2004-08-13,EVE,437
2004-08-14,EVE,183
2004-08-15,EVE,859
2004-08-16,EVE,808
2004-08-17,EVE,803
2004-08-18,EVE,701
2004-08-19,EVE,512
2004-08-20,EVE,421
2004-08-21,EVE,456
2004-08-22,EVE,986
2004-08-23,EVE,192
2004-08-24,EVE,949
2004-08-25,EVE,226
2004-08-26,EVE,207
2004-08-27,EVE,230
2004-08-28,EVE,733
2004-08-29,EVE,154
2004-08-30,EVE,064
2004-08-31,EVE,994
2004-09-01,EVE,634
2004-09-02,EVE,379
2004-09-03,EVE,633
2004-09-04,EVE,565
2004-09-05,EVE,244
2004-09-06,EVE,006
2004-09-07,EVE,670
2004-09-08,EVE,409
2004-09-09,EVE,688
2004-09-10,EVE,347
2004-09-11,EVE,425
2004-09-12,EVE,753
2004-09-13,EVE,633
2004-09-14,EVE,505
2004-09-15,EVE,199
2004-09-16,EVE,237
2004-09-17,EVE,259
2004-09-18,EVE,847
2004-09-19,EVE,531
2004-09-20,EVE,122
2004-09-21,EVE,063
2004-09-22,EVE,738
2004-09-23,EVE,506
2004-09-24,EVE,081
2004-09-25,EVE,190
2004-09-26,EVE,314
2004-09-27,EVE,642
2004-09-28,EVE,444
2004-09-29,EVE,431
2004-09-30,EVE,226
2004-10-01,EVE,557
2004-10-02,EVE,885
2004-10-03,EVE,029
2004-10-04,EVE,565
2004-10-05,EVE,292
2004-10-06,EVE,554
2004-10-07,EVE,484
2004-10-08,EVE,102
2004-10-09,EVE,624
2004-10-10,EVE,473
2004-10-11,EVE,455
2004-10-12,EVE,184
2004-10-13,EVE,265
2004-10-14,EVE,474
2004-10-15,EVE,526
2004-10-16,EVE,168
2004-10-17,EVE,924
2004-10-18,EVE,747
2004-10-19,EVE,951
2004-10-20,EVE,205
2004-10-21,EVE,549
2004-10-22,EVE,950
2004-10-23,EVE,466
2004-10-24,EVE,294
2004-10-25,EVE,082
2004-10-26,EVE,090
2004-10-27,EVE,926
2004-10-28,EVE,853
2004-10-29,EVE,482
2004-10-30,EVE,608
2004-10-31,EVE,430
2004-11-01,EVE,653
2004-11-02,EVE,133
2004-11-03,EVE,342
2004-11-04,EVE,989
2004-11-05,EVE,630
2004-11-06,EVE,869
2004-11-07,EVE,729
2004-11-08,EVE,697
2004-11-09,EVE,504
2004-11-10,EVE,469
2004-11-11,EVE,568
2004-11-12,EVE,993
2004-11-13,EVE,969
2004-11-14,EVE,718
2004-11-15,EVE,514
2004-11-16,EVE,620
2004-11-17,EVE,035
2004-11-18,EVE,486
2004-11-19,EVE,219
2004-11-20,EVE,832
2004-11-21,EVE,274
2004-11-22,EVE,986
2004-11-23,EVE,320
2004-11-24,EVE,926
2004-11-25,EVE,662
2004-11-26,EVE,291
2004-11-27,EVE,326
2004-11-28,EVE,689
2004-11-29,EVE,209
2004-11-30,EVE,801
2004-12-01,EVE,706
2004-12-02,EVE,428
2004-12-03,EVE,309
2004-12-04,EVE,106
2004-12-05,EVE,358
2004-12-06,EVE,446
2004-12-07,EVE,728
2004-12-08,EVE,996
2004-12-09,EVE,716
2004-12-10,EVE,093
2004-12-11,EVE,290
2004-12-12,EVE,789
2004-12-13,EVE,009
2004-12-14,EVE,405
2004-12-15,EVE,262
2004-12-16,EVE,037
2004-12-17,EVE,427
2004-12-18,EVE,671
2004-12-19,EVE,625
2004-12-20,EVE,822
2004-12-21,EVE,851
2004-12-22,EVE,868
2004-12-23,EVE,652
2004-12-24,EVE,917
2004-12-25,EVE,550
2004-12-26,EVE,151
2004-12-27,EVE,508
2004-12-28,EVE,788
2004-12-29,EVE,372
2004-12-30,EVE,962
2004-12-31,EVE,841
2005-01-01,EVE,489
2005-01-02,EVE,647
2005-01-03,EVE,045
2005-01-04,EVE,923
2005-01-05,EVE,822
2005-01-06,EVE,034
2005-01-07,EVE,473
2005-01-08,EVE,727
2005-01-09,EVE,830
2005-01-10,EVE,312
2005-01-11,EVE,889
2005-01-12,EVE,063
2005-01-13,EVE,909
2005-01-14,EVE,258
2005-01-15,EVE,925
2005-01-16,EVE,289
2005-01-17,EVE,925
2005-01-18,EVE,450
2005-01-19,EVE,877
2005-01-20,EVE,221
2005-01-21,EVE,109
2005-01-22,EVE,177
2005-01-23,EVE,356
2005-01-24,EVE,082
2005-01-25,EVE,002
2005-01-26,EVE,674
2005-01-27,EVE,341
2005-01-28,EVE,262
2005-01-29,EVE,657
2005-01-30,EVE,258
2005-01-31,EVE,550
2005-02-01,EVE,114
2005-02-02,EVE,098
2005-02-03,EVE,196
2005-02-04,EVE,691
2005-02-05,EVE,980
2005-02-06,EVE,093
2005-02-07,EVE,987
2005-02-08,EVE,513
2005-02-09,EVE,783
2005-02-10,EVE,044
2005-02-11,EVE,322
2005-02-12,EVE,442
2005-02-13,EVE,863
2005-02-14,EVE,554
2005-02-15,EVE,774
2005-02-16,EVE,414
2005-02-17,EVE,534
2005-02-18,EVE,215
2005-02-19,EVE,860
2005-02-20,EVE,651
2005-02-21,EVE,433
2005-02-22,EVE,449
2005-02-23,EVE,881
2005-02-24,EVE,792
2005-02-25,EVE,032
2005-02-26,EVE,514
2005-02-27,EVE,903
2005-02-28,EVE,037
2005-03-01,EVE,887
2005-03-02,EVE,010
2005-03-03,EVE,702
2005-03-04,EVE,839
2005-03-05,EVE,377
2005-03-06,EVE,738
2005-03-07,EVE,126
2005-03-08,EVE,152
2005-03-09,EVE,867
2005-03-10,EVE,803
2005-03-11,EVE,801
2005-03-12,EVE,619
2005-03-13,EVE,645
2005-03-14,EVE,081
2005-03-15,EVE,801
2005-03-16,EVE,425
2005-03-17,EVE,956
2005-03-18,EVE,646
2005-03-19,EVE,735
2005-03-20,EVE,070
2005-03-21,EVE,794
2005-03-22,EVE,778
2005-03-23,EVE,083
2005-03-24,EVE,547
2005-03-25,EVE,692
2005-03-26,EVE,126
2005-03-27,EVE,409
2005-03-28,EVE,826
2005-03-29,EVE,709
2005-03-30,EVE,769
2005-03-31,EVE,705
2005-04-01,EVE,540
2005-04-02,EVE,066
2005-04-03,EVE,839
2005-04-04,EVE,599
2005-04-05,EVE,164
2005-04-06,EVE,142
2005-04-07,EVE,108
2005-04-08,EVE,929
2005-04-09,EVE,075
2005-04-10,EVE,390
2005-04-11,EVE,835
2005-04-12,EVE,289
2005-04-13,EVE,948
2005-04-14,EVE,225
2005-04-15,EVE,701
2005-04-16,EVE,963
2005-04-17,EVE,587
2005-04-18,EVE,843
2005-04-19,EVE,076
2005-04-20,EVE,096
2005-04-21,EVE,902
2005-04-22,EVE,666
2005-04-23,EVE,491
2005-04-24,EVE,561
2005-04-25,EVE,103
2005-04-26,EVE,048
2005-04-27,EVE,913
2005-04-28,EVE,817
2005-04-29,EVE,529
2005-04-30,EVE,711
2005-05-01,EVE,995
2005-05-02,EVE,919
2005-05-03,EVE,434
2005-05-04,EVE,527
2005-05-05,EVE,419
2005-05-06,EVE,237
2005-05-07,EVE,264
2005-05-08,EVE,316
2005-05-09,EVE,879
2005-05-10,EVE,023
2005-05-11,EVE,375
2005-05-12,EVE,236
2005-05-13,EVE,315
2005-05-14,EVE,648
2005-05-15,EVE,160
2005-05-16,EVE,000
2005-05-17,EVE,948
2005-05-18,EVE,037
2005-05-19,EVE,246
2005-05-20,EVE,520
2005-05-21,EVE,384
2005-05-22,EVE,731
2005-05-23,EVE,055
2005-05-24,EVE,038
2005-05-25,EVE,984
2005-05-26,EVE,044
2005-05-27,EVE,157
2005-05-28,EVE,117
2005-05-29,EVE,272
2005-05-30,EVE,664
2005-05-31,EVE,528
2005-06-01,EVE,363
2005-06-02,EVE,718
2005-06-03,EVE,135
2005-06-04,EVE,493
2005-06-05,EVE,562
2005-06-06,EVE,453
2005-06-07,EVE,508
2005-06-08,EVE,730
2005-06-09,EVE,291
2005-06-10,EVE,468
2005-06-11,EVE,058
2005-06-12,EVE,719
2005-06-13,EVE,237
2005-06-14,EVE,142
2005-06-15,EVE,124
2005-06-16,EVE,279
2005-06-17,EVE,709
2005-06-18,EVE,566
2005-06-19,EVE,090
2005-06-20,EVE,160
2005-06-21,EVE,299
2005-06-22,EVE,161
2005-06-23,EVE,527
2005-06-24,EVE,626
2005-06-25,EVE,833
2005-06-26,EVE,734
2005-06-27,EVE,535
2005-06-28,EVE,256
2005-06-29,EVE,728
2005-06-30,EVE,895
2005-07-01,EVE,287
2005-07-02,EVE,255
2005-07-03,EVE,869
2005-07-04,EVE,133
2005-07-05,EVE,950
2005-07-06,EVE,189
2005-07-07,EVE,778
2005-07-08,EVE,254
2005-07-09,EVE,310
2005-07-10,EVE,518
2005-07-11,EVE,454
2005-07-12,EVE,574
2005-07-13,EVE,133
2005-07-14,EVE,224
2005-07-15,EVE,150
2005-07-16,EVE,313
2005-07-17,EVE,978
2005-07-18,EVE,718
2005-07-19,EVE,058
2005-07-20,EVE,885
2005-07-21,EVE,041
2005-07-22,EVE,392
2005-07-23,EVE,751
2005-07-24,EVE,634
2005-07-25,EVE,239
2005-07-26,EVE,784
2005-07-27,EVE,158
2005-07-28,EVE,814
2005-07-29,EVE,989
2005-07-30,EVE,152
2005-07-31,EVE,772
2005-08-01,EVE,587
2005-08-02,EVE,377
2005-08-03,EVE,212
2005-08-04,EVE,346
2005-08-05,EVE,740
2005-08-06,EVE,504
2005-08-07,EVE,029
2005-08-08,EVE,775
2005-08-09,EVE,980
2005-08-10,EVE,087
2005-08-11,EVE,672
2005-08-12,EVE,806
2005-08-13,EVE,886
2005-08-14,EVE,688
2005-08-15,EVE,428
2005-08-16,EVE,700
2005-08-17,EVE,242
2005-08-18,EVE,400
2005-08-19,EVE,693
2005-08-20,EVE,232
2005-08-21,EVE,756
2005-08-22,EVE,089
2005-08-23,EVE,772
2005-08-24,EVE,322
2005-08-25,EVE,570
2005-08-26,EVE,653
2005-08-27,EVE,379
2005-08-28,EVE,320
2005-08-29,EVE,562
2005-08-30,EVE,865
2005-08-31,EVE,255
2005-09-01,EVE,128
2005-09-02,EVE,523
2005-09-03,EVE,631
2005-09-04,EVE,875
2005-09-05,EVE,624
2005-09-06,EVE,299
2005-09-07,EVE,229
2005-09-08,EVE,282
2005-09-09,EVE,425
2005-09-10,EVE,626
2005-09-11,EVE,112
2005-09-12,EVE,936
2005-09-13,EVE,242
2005-09-14,EVE,086
2005-09-15,EVE,656
2005-09-16,EVE,266
2005-09-17,EVE,607
2005-09-18,EVE,046
2005-09-19,EVE,244
2005-09-20,EVE,695
2005-09-21,EVE,604
2005-09-22,EVE,815
2005-09-23,EVE,584
2005-09-24,EVE,031
2005-09-25,EVE,938
2005-09-26,EVE,761
2005-09-27,EVE,656
2005-09-28,EVE,354
2005-09-29,EVE,272
2005-09-30,EVE,626
2005-10-01,EVE,500
2005-10-02,EVE,729
2005-10-03,EVE,238
2005-10-04,EVE,650
2005-10-05,EVE,695
2005-10-06,EVE,774
2005-10-07,EVE,166
2005-10-08,EVE,087
2005-10-09,EVE,637
2005-10-10,EVE,808
2005-10-11,EVE,134
2005-10-12,EVE,563
2005-10-13,EVE,722
2005-10-14,EVE,160
2005-10-15,EVE,092
2005-10-16,EVE,292
2005-10-17,EVE,096
2005-10-18,EVE,868
2005-10-19,EVE,665
2005-10-20,EVE,560
2005-10-21,EVE,810
2005-10-22,EVE,775
2005-10-23,EVE,374
2005-10-24,EVE,154
2005-10-25,EVE,792
2005-10-26,EVE,460
2005-10-27,EVE,801
2005-10-28,EVE,224
2005-10-29,EVE,528
2005-10-30,EVE,369
2005-10-31,EVE,712
2005-11-01,EVE,983
2005-11-02,EVE,174
2005-11-03,EVE,227
2005-11-04,EVE,594
2005-11-05,EVE,317
2005-11-06,EVE,860
2005-11-07,EVE,815
2005-11-08,EVE,032
2005-11-09,EVE,475
2005-11-10,EVE,290
2005-11-11,EVE,518
2005-11-12,EVE,394
2005-11-13,EVE,286
2005-11-14,EVE,103
2005-11-15,EVE,120
2005-11-16,EVE,953
2005-11-17,EVE,608
2005-11-18,EVE,753
2005-11-19,EVE,560
2005-11-20,EVE,226
2005-11-21,EVE,911
2005-11-22,EVE,990
2005-11-23,EVE,695
2005-11-24,EVE,672
2005-11-25,EVE,068
2005-11-26,EVE,442
2005-11-27,EVE,660
2005-11-28,EVE,636
2005-11-29,EVE,094
2005-11-30,EVE,950
2005-12-01,EVE,934
2005-12-02,EVE,513
2005-12-03,EVE,643
2005-12-04,EVE,289
2005-12-05,EVE,527
2005-12-06,EVE,578
2005-12-07,EVE,037
2005-12-08,EVE,874
2005-12-09,EVE,079
2005-12-10,EVE,826
2005-12-11,EVE,374
2005-12-12,EVE,597
2005-12-13,EVE,537
2005-12-14,EVE,068
2005-12-15,EVE,011
2005-12-16,EVE,485
2005-12-17,EVE,956
2005-12-18,EVE,793
2005-12-19,EVE,520
2005-12-20,EVE,988
2005-12-21,EVE,958
2005-12-22,EVE,863
2005-12-23,EVE,549
2005-12-24,EVE,117
2005-12-25,EVE,530
2005-12-26,EVE,170
2005-12-27,EVE,317
2005-12-28,EVE,442
2005-12-29,EVE,548
2005-12-30,EVE,599
2005-12-31,EVE,104
2006-01-01,EVE,747
2006-01-02,EVE,797
2006-01-03,EVE,327
2006-01-04,EVE,470
2006-01-05,EVE,119
2006-01-06,EVE,508
2006-01-07,EVE,359
2006-01-08,EVE,535
2006-01-09,EVE,885
2006-01-10,EVE,000
2006-01-11,EVE,914
2006-01-12,EVE,219
2006-01-13,EVE,622
2006-01-14,EVE,480
2006-01-15,EVE,667
2006-01-16,EVE,046
2006-01-17,EVE,487
2006-01-18,EVE,923
2006-01-19,EVE,395
2006-01-20,EVE,364
2006-01-21,EVE,733
2006-01-22,EVE,086
2006-01-23,EVE,185
2006-01-24,EVE,957
2006-01-25,EVE,634
2006-01-26,EVE,962
2006-01-27,EVE,253
2006-01-28,EVE,943
2006-01-29,EVE,464
2006-01-30,EVE,158
2006-01-31,EVE,586
2006-02-01,EVE,375
2006-02-02,EVE,532
2006-02-03,EVE,183
2006-02-04,EVE,336
2006-02-05,EVE,060
2006-02-06,EVE,374
2006-02-07,EVE,501
2006-02-08,EVE,798
2006-02-09,EVE,760
2006-02-10,EVE,304
2006-02-11,EVE,677
2006-02-12,EVE,606
2006-02-13,EVE,625
2006-02-14,EVE,313
2006-02-15,EVE,867
2006-02-16,EVE,050
2006-02-17,EVE,402
2006-02-18,EVE,351
2006-02-19,EVE,680
2006-02-20,EVE,713
2006-02-21,EVE,755
2006-02-22,EVE,956
2006-02-23,EVE,390
2006-02-24,EVE,562
2006-02-25,EVE,515
2006-02-26,EVE,092
2006-02-27,EVE,587
2006-02-28,EVE,732
2006-03-01,EVE,332
2006-03-02,EVE,448
2006-03-03,EVE,693
2006-03-04,EVE,540
2006-03-05,EVE,977
2006-03-06,EVE,109
2006-03-07,EVE,466
2006-03-08,EVE,730
2006-03-09,EVE,705
2006-03-10,EVE,304
2006-03-11,EVE,369
2006-03-12,EVE,066
2006-03-13,EVE,005
2006-03-14,EVE,738
2006-03-15,EVE,337
2006-03-16,EVE,881
2006-03-17,EVE,124
2006-03-18,EVE,438
2006-03-19,EVE,752
2006-03-20,EVE,463
2006-03-21,EVE,323
2006-03-22,EVE,751
2006-03-23,EVE,747
2006-03-24,EVE,579
2006-03-25,EVE,342
2006-03-26,EVE,670
2006-03-27,EVE,215
2006-03-28,EVE,631
2006-03-29,EVE,267
2006-03-30,EVE,723
2006-03-31,EVE,651
2006-04-01,EVE,256
2006-04-02,EVE,683
2006-04-03,EVE,884
2006-04-04,EVE,508
2006-04-05,EVE,101
2006-04-06,EVE,870
2006-04-07,EVE,915
2006-04-08,EVE,167
2006-04-09,EVE,540
2006-04-10,EVE,434
2006-04-11,EVE,404
2006-04-12,EVE,821
2006-04-13,EVE,009
2006-04-14,EVE,475
2006-04-15,EVE,694
2006-04-16,EVE,147
2006-04-17,EVE,530
2006-04-18,EVE,333
2006-04-19,EVE,687
2006-04-20,EVE,037
2006-04-21,EVE,144
2006-04-22,EVE,382
2006-04-23,EVE,734
2006-04-24,EVE,527
2006-04-25,EVE,168
2006-04-26,EVE,894
2006-04-27,EVE,199
2006-04-28,EVE,958
2006-04-29,EVE,474
2006-04-30,EVE,022
2006-05-01,EVE,424
2006-05-02,EVE,262
2006-05-03,EVE,450
2006-05-04,EVE,155
2006-05-05,EVE,020
2006-05-06,EVE,730
2006-05-07,EVE,382
2006-05-08,EVE,488
2006-05-09,EVE,335
2006-05-10,EVE,537
2006-05-11,EVE,921
2006-05-12,EVE,663
2006-05-13,EVE,271
2006-05-14,EVE,137
2006-05-15,EVE,742
2006-05-16,EVE,064
2006-05-17,EVE,666
2006-05-18,EVE,540
2006-05-19,EVE,075
2006-05-20,EVE,079
2006-05-21,EVE,773
2006-05-22,EVE,285
2006-05-23,EVE,750
2006-05-24,EVE,747
2006-05-25,EVE,244
2006-05-26,EVE,942
2006-05-27,EVE,289
2006-05-28,EVE,991
2006-05-29,EVE,439
2006-05-30,EVE,063
2006-05-31,EVE,183
2006-06-01,EVE,918
2006-06-02,EVE,578
2006-06-03,EVE,184
2006-06-04,EVE,914
2006-06-05,EVE,224
2006-06-06,EVE,167
2006-06-07,EVE,238
2006-06-08,EVE,909
2006-06-09,EVE,518
2006-06-10,EVE,530
2006-06-11,EVE,495
2006-06-12,EVE,253
2006-06-13,EVE,244
2006-06-14,EVE,424
2006-06-15,EVE,304
2006-06-16,EVE,072
2006-06-17,EVE,534
2006-06-18,EVE,448
2006-06-19,EVE,174
2006-06-20,EVE,052
2006-06-21,EVE,225
2006-06-22,EVE,109
2006-06-23,EVE,544
2006-06-24,EVE,116
2006-06-25,EVE,036
2006-06-26,EVE,837
2006-06-27,EVE,013
2006-06-28,EVE,553
2006-06-29,EVE,966
2006-06-30,EVE,178
2006-07-01,EVE,451
2006-07-02,EVE,999
2006-07-03,EVE,235
2006-07-04,EVE,373
2006-07-05,EVE,465
2006-07-06,EVE,736
2006-07-07,EVE,859
2006-07-08,EVE,104
2006-07-09,EVE,573
2006-07-10,EVE,782
2006-07-11,EVE,908
2006-07-12,EVE,813
2006-07-13,EVE,052
2006-07-14,EVE,109
2006-07-15,EVE,134
2006-07-16,EVE,256
2006-07-17,EVE,075
2006-07-18,EVE,986
2006-07-19,EVE,234
2006-07-20,EVE,119
2006-07-21,EVE,606
2006-07-22,EVE,149
2006-07-23,EVE,952
2006-07-24,EVE,253
2006-07-25,EVE,497
2006-07-26,EVE,510
2006-07-27,EVE,765
2006-07-28,EVE,374
2006-07-29,EVE,693
2006-07-30,EVE,197
2006-07-31,EVE,472
2006-08-01,EVE,670
2006-08-02,EVE,848
2006-08-03,EVE,722
2006-08-04,EVE,422
2006-08-05,EVE,737
2006-08-06,EVE,951
2006-08-07,EVE,684
2006-08-08,EVE,147
2006-08-09,EVE,291
2006-08-10,EVE,672
2006-08-11,EVE,752
2006-08-12,EVE,094
2006-08-13,EVE,745
2006-08-14,EVE,238
2006-08-15,EVE,541
2006-08-16,EVE,852
2006-08-17,EVE,288
2006-08-18,EVE,014
2006-08-19,EVE,030
2006-08-20,EVE,651
2006-08-21,EVE,069
2006-08-22,EVE,706
2006-08-23,EVE,266
2006-08-24,EVE,219
2006-08-25,EVE,158
2006-08-26,EVE,016
2006-08-27,EVE,965
2006-08-28,EVE,825
2006-08-29,EVE,961
2006-08-30,EVE,920
2006-08-31,EVE,251
2006-09-01,EVE,098
2006-09-02,EVE,740
2006-09-03,EVE,365
2006-09-04,EVE,185
2006-09-05,EVE,864
2006-09-06,EVE,395
2006-09-07,EVE,338
2006-09-08,EVE,916
2006-09-09,EVE,719
2006-09-10,EVE,001
2006-09-11,EVE,582
2006-09-12,EVE,392
2006-09-13,EVE,371
2006-09-14,EVE,550
2006-09-15,EVE,145
2006-09-16,EVE,327
2006-09-17,EVE,769
2006-09-18,EVE,627
2006-09-19,EVE,480
2006-09-20,EVE,183
2006-09-21,EVE,800
2006-09-22,EVE,960
2006-09-23,EVE,264
2006-09-24,EVE,395
2006-09-25,EVE,934
2006-09-26,EVE,876
2006-09-27,EVE,726
2006-09-28,EVE,289
2006-09-29,EVE,493
2006-09-30,EVE,612
2006-10-01,EVE,459
2006-10-02,EVE,468
2006-10-03,EVE,369
2006-10-04,EVE,086
2006-10-05,EVE,106
2006-10-06,EVE,093
2006-10-07,EVE,338
2006-10-08,EVE,311
2006-10-09,EVE,735
2006-10-10,EVE,482
2006-10-11,EVE,286
2006-10-12,EVE,612
2006-10-13,EVE,581
2006-10-14,EVE,317
2006-10-15,EVE,695
2006-10-16,EVE,450
2006-10-17,EVE,504
2006-10-18,EVE,149
2006-10-19,EVE,046
2006-10-20,EVE,663
2006-10-21,EVE,685
2006-10-22,EVE,392
2006-10-23,EVE,612
2006-10-24,EVE,354
2006-10-25,EVE,098
2006-10-26,EVE,034
2006-10-27,EVE,031
2006-10-28,EVE,750
2006-10-29,EVE,326
2006-10-30,EVE,932
2006-10-31,EVE,719
2006-11-01,EVE,895
2006-11-02,EVE,471
2006-11-03,EVE,808
2006-11-04,EVE,687
2006-11-05,EVE,286
2006-11-06,EVE,434
2006-11-07,EVE,773
2006-11-08,EVE,086
2006-11-09,EVE,037
2006-11-10,EVE,466
2006-11-11,EVE,755
2006-11-12,EVE,357
2006-11-13,EVE,591
2006-11-14,EVE,151
2006-11-15,EVE,735
2006-11-16,EVE,390
2006-11-17,EVE,077
2006-11-18,EVE,371
2006-11-19,EVE,679
2006-11-20,EVE,449
2006-11-21,EVE,583
2006-11-22,EVE,732
2006-11-23,EVE,889
2006-11-24,EVE,691
2006-11-25,EVE,035
2006-11-26,EVE,264
2006-11-27,EVE,496
2006-11-28,EVE,693
2006-11-29,EVE,949
2006-11-30,EVE,170
2006-12-01,EVE,104
2006-12-02,EVE,305
2006-12-03,EVE,777
2006-12-04,EVE,871
2006-12-05,EVE,923
2006-12-06,EVE,400
2006-12-07,EVE,930
2006-12-08,EVE,729
2006-12-09,EVE,424
2006-12-10,EVE,992
2006-12-11,EVE,475
2006-12-12,EVE,267
2006-12-13,EVE,950
2006-12-14,EVE,665
2006-12-15,EVE,363
2006-12-16,EVE,722
2006-12-17,EVE,876
2006-12-18,EVE,738
2006-12-19,EVE,955
2006-12-20,EVE,542
2006-12-21,EVE,416
2006-12-22,EVE,235
2006-12-23,EVE,728
2006-12-24,EVE,347
2006-12-25,EVE,988
2006-12-26,EVE,247
2006-12-27,EVE,623
2006-12-28,EVE,287
2006-12-29,EVE,690
2006-12-30,EVE,821
2006-12-31,EVE,937
2007-01-01,EVE,732
2007-01-02,EVE,627
2007-01-03,EVE,444
2007-01-04,EVE,951
2007-01-05,EVE,445
2007-01-06,EVE,455
2007-01-07,EVE,857
2007-01-08,EVE,411
2007-01-09,EVE,568
2007-01-10,EVE,189
2007-01-11,EVE,897
2007-01-12,EVE,865
2007-01-13,EVE,313
2007-01-14,EVE,772
2007-01-15,EVE,715
2007-01-16,EVE,083
2007-01-17,EVE,727
2007-01-18,EVE,131
2007-01-19,EVE,487
2007-01-20,EVE,182
2007-01-21,EVE,669
2007-01-22,EVE,796
2007-01-23,EVE,020
2007-01-24,EVE,469
2007-01-25,EVE,427
2007-01-26,EVE,867
2007-01-27,EVE,002
2007-01-28,EVE,460
2007-01-29,EVE,724
2007-01-30,EVE,708
2007-01-31,EVE,525
2007-02-01,EVE,759
2007-02-02,EVE,702
2007-02-03,EVE,544
2007-02-04,EVE,686
2007-02-05,EVE,016
2007-02-06,EVE,674
2007-02-07,EVE,676
2007-02-08,EVE,223
2007-02-09,EVE,483
2007-02-10,EVE,039
2007-02-11,EVE,814
2007-02-12,EVE,849
2007-02-13,EVE,594
2007-02-14,EVE,973
2007-02-15,EVE,956
2007-02-16,EVE,198
2007-02-17,EVE,581
2007-02-18,EVE,518
2007-02-19,EVE,468
2007-02-20,EVE,722
2007-02-21,EVE,042
2007-02-22,EVE,486
2007-02-23,EVE,845
2007-02-24,EVE,550
2007-02-25,EVE,128
2007-02-26,EVE,362
2007-02-27,EVE,339
2007-02-28,EVE,874
2007-03-01,EVE,423
2007-03-02,EVE,352
2007-03-03,EVE,836
2007-03-04,EVE,748
2007-03-05,EVE,793
2007-03-06,EVE,221
2007-03-07,EVE,569
2007-03-08,EVE,128
2007-03-09,EVE,710
2007-03-10,EVE,802
2007-03-11,EVE,770
2007-03-12,EVE,580
2007-03-13,EVE,990
2007-03-14,EVE,812
2007-03-15,EVE,166
2007-03-16,EVE,372
2007-03-17,EVE,471
2007-03-18,EVE,689
2007-03-19,EVE,504
2007-03-20,EVE,362
2007-03-21,EVE,950
2007-03-22,EVE,237
2007-03-23,EVE,306
2007-03-24,EVE,637
2007-03-25,EVE,027
2007-03-26,EVE,781
2007-03-27,EVE,762
2007-03-28,EVE,931
2007-03-29,EVE,580
2007-03-30,EVE,587
2007-03-31,EVE,962
2007-04-01,EVE,410
2007-04-02,EVE,573
2007-04-03,EVE,418
2007-04-04,EVE,668
2007-04-05,EVE,992
2007-04-06,EVE,907
2007-04-07,EVE,619
2007-04-08,EVE,955
2007-04-09,EVE,415
2007-04-10,EVE,658
2007-04-11,EVE,220
2007-04-12,EVE,574
2007-04-13,EVE,623
2007-04-14,EVE,854
2007-04-15,EVE,367
2007-04-16,EVE,646
2007-04-17,EVE,348
2007-04-18,EVE,514
2007-04-19,EVE,344
2007-04-20,EVE,992
2007-04-21,EVE,446
2007-04-22,EVE,001
2007-04-23,EVE,476
2007-04-24,EVE,832
2007-04-25,EVE,627
2007-04-26,EVE,432
2007-04-27,EVE,925
2007-04-28,EVE,706
2007-04-29,EVE,544
2007-04-30,EVE,021
2007-05-01,EVE,586
2007-05-02,EVE,106
2007-05-03,EVE,128
2007-05-04,EVE,491
2007-05-05,EVE,635
2007-05-06,EVE,218
2007-05-07,EVE,382
2007-05-08,EVE,896
2007-05-09,EVE,334
2007-05-10,EVE,922
2007-05-11,EVE,115
2007-05-12,EVE,258
2007-05-13,EVE,011
2007-05-14,EVE,494
2007-05-15,EVE,886
2007-05-16,EVE,529
2007-05-17,EVE,071
2007-05-18,EVE,932
2007-05-19,EVE,889
2007-05-20,EVE,935
2007-05-21,EVE,062
2007-05-22,EVE,002
2007-05-23,EVE,485
2007-05-24,EVE,163
2007-05-25,EVE,439
2007-05-26,EVE,473
2007-05-27,EVE,813
2007-05-28,EVE,955
2007-05-29,EVE,694
2007-05-30,EVE,712
2007-05-31,EVE,968
2007-06-01,EVE,689
2007-06-02,EVE,356
2007-06-03,EVE,603
2007-06-04,EVE,247
2007-06-05,EVE,000
2007-06-06,EVE,785
2007-06-07,EVE,224
2007-06-08,EVE,262
2007-06-09,EVE,389
2007-06-10,EVE,674
2007-06-11,EVE,074
2007-06-12,EVE,320
2007-06-13,EVE,869
2007-06-14,EVE,685
2007-06-15,EVE,025
2007-06-16,EVE,276
2007-06-17,EVE,822
2007-06-18,EVE,872
2007-06-19,EVE,447
2007-06-20,EVE,576
2007-06-21,EVE,463
2007-06-22,EVE,699
2007-06-23,EVE,365
2007-06-24,EVE,903
2007-06-25,EVE,359
2007-06-26,EVE,954
2007-06-27,EVE,901
2007-06-28,EVE,004
2007-06-29,EVE,997
2007-06-30,EVE,803
2007-07-01,EVE,499
2007-07-02,EVE,151
2007-07-03,EVE,191
2007-07-04,EVE,712
2007-07-05,EVE,570
2007-07-06,EVE,016
2007-07-07,EVE,632
2007-07-08,EVE,179
2007-07-09,EVE,649
2007-07-10,EVE,973
2007-07-11,EVE,462
2007-07-12,EVE,684
2007-07-13,EVE,453
2007-07-14,EVE,397
2007-07-15,EVE,066
2007-07-16,EVE,337
2007-07-17,EVE,579
2007-07-18,EVE,453
2007-07-19,EVE,133
2007-07-20,EVE,613
2007-07-21,EVE,133
2007-07-22,EVE,382
2007-07-23,EVE,658
2007-07-24,EVE,242
2007-07-25,EVE,791
2007-07-26,EVE,839
2007-07-27,EVE,611
2007-07-28,EVE,107
2007-07-29,EVE,800
2007-07-30,EVE,050
2007-07-31,EVE,013
2007-08-01,EVE,848
2007-08-02,EVE,281
2007-08-03,EVE,348
2007-08-04,EVE,162
2007-08-05,EVE,939
2007-08-06,EVE,443
2007-08-07,EVE,721
2007-08-08,EVE,263
2007-08-09,EVE,989
2007-08-10,EVE,506
2007-08-11,EVE,010
2007-08-12,EVE,233
2007-08-13,EVE,919
2007-08-14,EVE,083
2007-08-15,EVE,657
2007-08-16,EVE,554
2007-08-17,EVE,781
2007-08-18,EVE,963
2007-08-19,EVE,654
2007-08-20,EVE,963
2007-08-21,EVE,005
2007-08-22,EVE,746
2007-08-23,EVE,786
2007-08-24,EVE,507
2007-08-25,EVE,705
2007-08-26,EVE,104
2007-08-27,EVE,900
2007-08-28,EVE,837
2007-08-29,EVE,022
2007-08-30,EVE,093
2007-08-31,EVE,092
2007-09-01,EVE,384
2007-09-02,EVE,035
2007-09-03,EVE,804
2007-09-04,EVE,020
2007-09-05,EVE,756
2007-09-06,EVE,808
2007-09-07,EVE,365
2007-09-08,EVE,251
2007-09-09,EVE,854
2007-09-10,EVE,685
2007-09-11,EVE,899
2007-09-12,EVE,287
2007-09-13,EVE,987
2007-09-14,EVE,784
2007-09-15,EVE,893
2007-09-16,EVE,067
2007-09-17,EVE,055
2007-09-18,EVE,903
2007-09-19,EVE,179
2007-09-20,EVE,170
2007-09-21,EVE,157
2007-09-22,EVE,868
2007-09-23,EVE,357
2007-09-24,EVE,162
2007-09-25,EVE,935
2007-09-26,EVE,675
2007-09-27,EVE,646
2007-09-28,EVE,190
2007-09-29,EVE,844
2007-09-30,EVE,578
2007-10-01,EVE,998
2007-10-02,EVE,872
2007-10-03,EVE,052
2007-10-04,EVE,396
2007-10-05,EVE,134
2007-10-06,EVE,616
2007-10-07,EVE,876
2007-10-08,EVE,184
2007-10-09,EVE,689
2007-10-10,EVE,266
2007-10-11,EVE,300
2007-10-12,EVE,078
2007-10-13,EVE,592
2007-10-14,EVE,632
2007-10-15,EVE,177
2007-10-16,EVE,871
2007-10-17,EVE,850
2007-10-18,EVE,283
2007-10-19,EVE,281
2007-10-20,EVE,965
2007-10-21,EVE,130
2007-10-22,EVE,864
2007-10-23,EVE,558
2007-10-24,EVE,281
2007-10-25,EVE,656
2007-10-26,EVE,299
2007-10-27,EVE,578
2007-10-28,EVE,321
2007-10-29,EVE,663
2007-10-30,EVE,385
2007-10-31,EVE,242
2007-11-01,EVE,759
2007-11-02,EVE,120
2007-11-03,EVE,659
2007-11-04,EVE,520
2007-11-05,EVE,758
2007-11-06,EVE,983
2007-11-07,EVE,706
2007-11-08,EVE,490
2007-11-09,EVE,782
2007-11-10,EVE,551
2007-11-11,EVE,281
2007-11-12,EVE,799
2007-11-13,EVE,273
2007-11-14,EVE,094
2007-11-15,EVE,290
2007-11-16,EVE,671
2007-11-17,EVE,795
2007-11-18,EVE,569
2007-11-19,EVE,736
2007-11-20,EVE,763
2007-11-21,EVE,928
2007-11-22,EVE,814
2007-11-23,EVE,820
2007-11-24,EVE,990
2007-11-25,EVE,707
2007-11-26,EVE,430
2007-11-27,EVE,192
2007-11-28,EVE,290
2007-11-29,EVE,598
2007-11-30,EVE,299
2007-12-01,EVE,564
2007-12-02,EVE,398
2007-12-03,EVE,668
2007-12-04,EVE,455
2007-12-05,EVE,764
2007-12-06,EVE,007
2007-12-07,EVE,259
2007-12-08,EVE,595
2007-12-09,EVE,508
2007-12-10,EVE,733
2007-12-11,EVE,494
2007-12-12,EVE,637
2007-12-13,EVE,713
2007-12-14,EVE,548
2007-12-15,EVE,979
2007-12-16,EVE,553
2007-12-17,EVE,844
2007-12-18,EVE,043
2007-12-19,EVE,001
2007-12-20,EVE,124
2007-12-21,EVE,522
2007-12-22,EVE,547
2007-12-23,EVE,145
2007-12-24,EVE,746
2007-12-25,EVE,681
2007-12-26,EVE,411
2007-12-27,EVE,282
2007-12-28,EVE,626
2007-12-29,EVE,607
2007-12-30,EVE,836
2007-12-31,EVE,159
2008-01-01,EVE,452
2008-01-02,EVE,201
2008-01-03,EVE,033
2008-01-04,EVE,777
2008-01-05,EVE,674
2008-01-06,EVE,658
2008-01-07,EVE,643
2008-01-08,EVE,578
2008-01-09,EVE,384
2008-01-10,EVE,041
2008-01-11,EVE,898
2008-01-12,EVE,007
2008-01-13,EVE,419
2008-01-14,EVE,276
2008-01-15,EVE,015
2008-01-16,EVE,714
2008-01-17,EVE,253
2008-01-18,EVE,739
2008-01-19,EVE,694
2008-01-20,EVE,234
2008-01-21,EVE,774
2008-01-22,EVE,546
2008-01-23,EVE,238
2008-01-24,EVE,983
2008-01-25,EVE,470
2008-01-26,EVE,512
2008-01-27,EVE,283
2008-01-28,EVE,577
2008-01-29,EVE,310
2008-01-30,EVE,576
2008-01-31,EVE,007
2008-02-01,EVE,895
2008-02-02,EVE,182
2008-02-03,EVE,330
2008-02-04,EVE,870
2008-02-05,EVE,118
2008-02-06,EVE,739
2008-02-07,EVE,747
2008-02-08,EVE,501
2008-02-09,EVE,554
2008-02-10,EVE,112
2008-02-11,EVE,141
2008-02-12,EVE,782
2008-02-13,EVE,521
2008-02-14,EVE,695
2008-02-15,EVE,359
2008-02-16,EVE,983
2008-02-17,EVE,541
2008-02-18,EVE,928
2008-02-19,EVE,835
2008-02-20,EVE,608
2008-02-21,EVE,882
2008-02-22,EVE,014
2008-02-23,EVE,785
2008-02-24,EVE,233
2008-02-25,EVE,037
2008-02-26,EVE,782
2008-02-27,EVE,429
2008-02-28,EVE,074
2008-02-29,EVE,264
2008-03-01,EVE,443
2008-03-02,EVE,914
2008-03-03,EVE,347
2008-03-04,EVE,896
2008-03-05,EVE,408
2008-03-06,EVE,153
2008-03-07,EVE,351
2008-03-08,EVE,462
2008-03-09,EVE,883
2008-03-10,EVE,509
2008-03-11,EVE,385
2008-03-12,EVE,127
2008-03-13,EVE,127
2008-03-14,EVE,955
2008-03-15,EVE,772
2008-03-16,EVE,583
2008-03-17,EVE,015
2008-03-18,EVE,447
2008-03-19,EVE,890
2008-03-20,EVE,780
2008-03-21,EVE,263
2008-03-22,EVE,117
2008-03-23,EVE,179
2008-03-24,EVE,358
2008-03-25,EVE,781
2008-03-26,EVE,163
2008-03-27,EVE,285
2008-03-28,EVE,044
2008-03-29,EVE,436
2008-03-30,EVE,745
2008-03-31,EVE,046
2008-04-01,EVE,476
2008-04-02,EVE,794
2008-04-03,EVE,653
2008-04-04,EVE,681
2008-04-05,EVE,012
2008-04-06,EVE,011
2008-04-07,EVE,203
2008-04-08,EVE,538
2008-04-09,EVE,969
2008-04-10,EVE,385
2008-04-11,EVE,580
2008-04-12,EVE,276
2008-04-13,EVE,044
2008-04-14,EVE,102
2008-04-15,EVE,741
2008-04-16,EVE,355
2008-04-17,EVE,494
2008-04-18,EVE,702
2008-04-19,EVE,956
2008-04-20,EVE,201
2008-04-21,EVE,624
2008-04-22,EVE,061
2008-04-23,EVE,960
2008-04-24,EVE,469
2008-04-25,EVE,495
2008-04-26,EVE,599
2008-04-27,EVE,657
2008-04-28,EVE,249
2008-04-29,EVE,253
2008-04-30,EVE,298
2008-05-01,EVE,592
2008-05-02,EVE,275
2008-05-03,EVE,384
2008-05-04,EVE,456
2008-05-05,EVE,308
2008-05-06,EVE,279
2008-05-07,EVE,188
2008-05-08,EVE,122
2008-05-09,EVE,683
2008-05-10,EVE,269
2008-05-11,EVE,522
2008-05-12,EVE,047
2008-05-13,EVE,756
2008-05-14,EVE,124
2008-05-15,EVE,271
2008-05-16,EVE,132
2008-05-17,EVE,446
2008-05-18,EVE,279
2008-05-19,MID,100
2008-05-19,EVE,817
2008-05-20,MID,924
2008-05-20,EVE,864
2008-05-21,MID,269
2008-05-21,EVE,981
2008-05-22,MID,525
2008-05-22,EVE,674
2008-05-23,MID,003
2008-05-23,EVE,690
2008-05-24,MID,834
2008-05-24,EVE,382
2008-05-25,MID,619
2008-05-25,EVE,061
2008-05-26,MID,252
2008-05-26,EVE,159
2008-05-27,MID,041
2008-05-27,EVE,917
2008-05-28,MID,779
2008-05-28,EVE,529
2008-05-29,MID,498
2008-05-29,EVE,049
2008-05-30,MID,910
2008-05-30,EVE,664
2008-05-31,MID,952
2008-05-31,EVE,941
2008-06-01,MID,194
2008-06-01,EVE,384
2008-06-02,MID,844
2008-06-02,EVE,751
2008-06-03,MID,433
2008-06-03,EVE,044
2008-06-04,MID,719
2008-06-04,EVE,249
2008-06-05,MID,055
2008-06-05,EVE,607
2008-06-06,MID,892
2008-06-06,EVE,662
2008-06-07,MID,994
2008-06-07,EVE,990
2008-06-08,MID,676
2008-06-08,EVE,887
2008-06-09,MID,086
2008-06-09,EVE,854
2008-06-10,MID,695
2008-06-10,EVE,285
2008-06-11,MID,025
2008-06-11,EVE,746
2008-06-12,MID,541
2008-06-12,EVE,899
2008-06-13,MID,154
2008-06-13,EVE,961
2008-06-14,MID,146
2008-06-14,EVE,152
2008-06-15,MID,962
2008-06-15,EVE,015
2008-06-16,MID,458
2008-06-16,EVE,322
2008-06-17,MID,924
2008-06-17,EVE,583
2008-06-18,MID,712
2008-06-18,EVE,782
2008-06-19,MID,786
2008-06-19,EVE,803
2008-06-20,MID,351
2008-06-20,EVE,525
2008-06-21,MID,285
2008-06-21,EVE,783
2008-06-22,MID,617
2008-06-22,EVE,567
2008-06-23,MID,156
2008-06-23,EVE,012
2008-06-24,MID,614
2008-06-24,EVE,260
2008-06-25,MID,699
2008-06-25,EVE,175
2008-06-26,MID,187
2008-06-26,EVE,226
2008-06-27,MID,010
2008-06-27,EVE,870
2008-06-28,MID,829
2008-06-28,EVE,927
2008-06-29,MID,365
2008-06-29,EVE,702
2008-06-30,MID,948
2008-06-30,EVE,197
2008-07-01,MID,916
2008-07-01,EVE,527
2008-07-02,MID,225
2008-07-02,EVE,608
2008-07-03,MID,092
2008-07-03,EVE,460
2008-07-04,MID,419
2008-07-04,EVE,102
2008-07-05,MID,587
2008-07-05,EVE,810
2008-07-06,MID,960
2008-07-06,EVE,455
2008-07-07,MID,920
2008-07-07,EVE,707
2008-07-08,MID,658
2008-07-08,EVE,563
2008-07-09,MID,530
2008-07-09,EVE,195
2008-07-10,MID,401
2008-07-10,EVE,431
2008-07-11,MID,977
2008-07-11,EVE,330
2008-07-12,MID,967
2008-07-12,EVE,500
2008-07-13,MID,107
2008-07-13,EVE,140
2008-07-14,MID,108
2008-07-14,EVE,009
2008-07-15,MID,067
2008-07-15,EVE,927
2008-07-16,MID,628
2008-07-16,EVE,369
2008-07-17,MID,294
2008-07-17,EVE,843
2008-07-18,MID,619
2008-07-18,EVE,987
2008-07-19,MID,741
2008-07-19,EVE,907
2008-07-20,MID,413
2008-07-20,EVE,452
2008-07-21,MID,799
2008-07-21,EVE,580
2008-07-22,MID,311
2008-07-22,EVE,473
2008-07-23,MID,023
2008-07-23,EVE,605
2008-07-24,MID,295
2008-07-24,EVE,522
2008-07-25,MID,989
2008-07-25,EVE,934
2008-07-26,MID,992
2008-07-26,EVE,608
2008-07-27,MID,252
2008-07-27,EVE,014
2008-07-28,MID,796
2008-07-28,EVE,445
2008-07-29,MID,556
2008-07-29,EVE,420
2008-07-30,MID,695
2008-07-30,EVE,349
2008-07-31,MID,151
2008-07-31,EVE,864
2008-08-01,MID,180
2008-08-01,EVE,277
2008-08-02,MID,373
2008-08-02,EVE,270
2008-08-03,MID,990
2008-08-03,EVE,073
2008-08-04,MID,559
2008-08-04,EVE,493
2008-08-05,MID,612
2008-08-05,EVE,374
2008-08-06,MID,595
2008-08-06,EVE,421
2008-08-07,MID,089
2008-08-07,EVE,928
2008-08-08,MID,493
2008-08-08,EVE,136
2008-08-09,MID,835
2008-08-09,EVE,710
2008-08-10,MID,561
2008-08-10,EVE,142
2008-08-11,MID,547
2008-08-11,EVE,333
2008-08-12,MID,703
2008-08-12,EVE,259
2008-08-13,MID,587
2008-08-13,EVE,550
2008-08-14,MID,907
2008-08-14,EVE,211
2008-08-15,MID,679
2008-08-15,EVE,667
2008-08-16,MID,589
2008-08-16,EVE,435
2008-08-17,MID,846
2008-08-17,EVE,309
2008-08-18,MID,629
2008-08-18,EVE,953
2008-08-19,MID,655
2008-08-19,EVE,944
2008-08-20,MID,266
2008-08-20,EVE,610
2008-08-21,MID,381
2008-08-21,EVE,584
2008-08-22,MID,905
2008-08-22,EVE,995
2008-08-23,MID,727
2008-08-23,EVE,908
2008-08-24,MID,485
2008-08-24,EVE,290
2008-08-25,MID,543
2008-08-25,EVE,317
2008-08-26,MID,973
2008-08-26,EVE,438
2008-08-27,MID,429
2008-08-27,EVE,015
2008-08-28,MID,016
2008-08-28,EVE,533
2008-08-29,MID,249
2008-08-29,EVE,237
2008-08-30,MID,758
2008-08-30,EVE,074
2008-08-31,MID,710
2008-08-31,EVE,826
2008-09-01,MID,912
2008-09-01,EVE,098
2008-09-02,MID,862
2008-09-02,EVE,309
2008-09-03,MID,243
2008-09-03,EVE,897
2008-09-04,MID,042
2008-09-04,EVE,390
2008-09-05,MID,666
2008-09-05,EVE,975
2008-09-06,MID,956
2008-09-06,EVE,153
2008-09-07,MID,974
2008-09-07,EVE,240
2008-09-08,MID,363
2008-09-08,EVE,161
2008-09-09,MID,854
2008-09-09,EVE,060
2008-09-10,MID,098
2008-09-10,EVE,855
2008-09-11,MID,607
2008-09-11,EVE,905
2008-09-12,MID,259
2008-09-12,EVE,784
2008-09-13,MID,800
2008-09-13,EVE,009
2008-09-14,MID,944
2008-09-14,EVE,132
2008-09-15,MID,110
2008-09-15,EVE,710
2008-09-16,MID,367
2008-09-16,EVE,547
2008-09-17,MID,065
2008-09-17,EVE,816
2008-09-18,MID,325
2008-09-18,EVE,798
2008-09-19,MID,878
2008-09-19,EVE,397
2008-09-20,MID,711
2008-09-20,EVE,814
2008-09-21,MID,287
2008-09-21,EVE,776
2008-09-22,MID,006
2008-09-22,EVE,090
2008-09-23,MID,730
2008-09-23,EVE,949
2008-09-24,MID,080
2008-09-24,EVE,410
2008-09-25,MID,573
2008-09-25,EVE,043
2008-09-26,MID,075
2008-09-26,EVE,356
2008-09-27,MID,093
2008-09-27,EVE,793
2008-09-28,MID,963
2008-09-28,EVE,962
2008-09-29,MID,781
2008-09-29,EVE,524
2008-09-30,MID,303
2008-09-30,EVE,627
2008-10-01,MID,696
2008-10-01,EVE,839
2008-10-02,MID,819
2008-10-02,EVE,138
2008-10-03,MID,259
2008-10-03,EVE,484
2008-10-04,MID,263
2008-10-04,EVE,873
2008-10-05,MID,798
2008-10-05,EVE,229
2008-10-06,MID,891
2008-10-06,EVE,802
2008-10-07,MID,512
2008-10-07,EVE,533
2008-10-08,MID,285
2008-10-08,EVE,359
2008-10-09,MID,270
2008-10-09,EVE,981
2008-10-10,MID,417
2008-10-10,EVE,033
2008-10-11,MID,851
2008-10-11,EVE,422
2008-10-12,MID,076
2008-10-12,EVE,257
2008-10-13,MID,577
2008-10-13,EVE,571
2008-10-14,MID,390
2008-10-14,EVE,461
2008-10-15,MID,545
2008-10-15,EVE,019
2008-10-16,MID,256
2008-10-16,EVE,331
2008-10-17,MID,670
2008-10-17,EVE,259
2008-10-18,MID,327
2008-10-18,EVE,043
2008-10-19,MID,711
2008-10-19,EVE,438
2008-10-20,MID,988
2008-10-20,EVE,530
2008-10-21,MID,519
2008-10-21,EVE,191
2008-10-22,MID,175
2008-10-22,EVE,793
2008-10-23,MID,888
2008-10-23,EVE,727
2008-10-24,MID,875
2008-10-24,EVE,374
2008-10-25,MID,650
2008-10-25,EVE,268
2008-10-26,MID,328
2008-10-26,EVE,484
2008-10-27,MID,601
2008-10-27,EVE,075
2008-10-28,MID,359
2008-10-28,EVE,214
2008-10-29,MID,053
2008-10-29,EVE,176
2008-10-30,MID,487
2008-10-30,EVE,374
2008-10-31,MID,946
2008-10-31,EVE,618
2008-11-01,MID,395
2008-11-01,EVE,225
2008-11-02,MID,636
2008-11-02,EVE,323
2008-11-03,MID,191
2008-11-03,EVE,397
2008-11-04,MID,398
2008-11-04,EVE,269
2008-11-05,MID,884
2008-11-05,EVE,010
2008-11-06,MID,080
2008-11-06,EVE,680
2008-11-07,MID,322
2008-11-07,EVE,143
2008-11-08,MID,239
2008-11-08,EVE,042
2008-11-09,MID,627
2008-11-09,EVE,595
2008-11-10,MID,534
2008-11-10,EVE,177
2008-11-11,MID,742
2008-11-11,EVE,747
2008-11-12,MID,992
2008-11-12,EVE,094
2008-11-13,MID,200
2008-11-13,EVE,898
2008-11-14,MID,033
2008-11-14,EVE,745
2008-11-15,MID,706
2008-11-15,EVE,501
2008-11-16,MID,360
2008-11-16,EVE,294
2008-11-17,MID,431
2008-11-17,EVE,138
2008-11-18,MID,972
2008-11-18,EVE,403
2008-11-19,MID,020
2008-11-19,EVE,423
2008-11-20,MID,965
2008-11-20,EVE,360
2008-11-21,MID,998
2008-11-21,EVE,767
2008-11-22,MID,307
2008-11-22,EVE,251
2008-11-23,MID,101
2008-11-23,EVE,080
2008-11-24,MID,874
2008-11-24,EVE,764
2008-11-25,MID,998
2008-11-25,EVE,331
2008-11-26,MID,946
2008-11-26,EVE,479
2008-11-27,MID,803
2008-11-27,EVE,673
2008-11-28,MID,234
2008-11-28,EVE,714
2008-11-29,MID,466
2008-11-29,EVE,831
2008-11-30,MID,516
2008-11-30,EVE,790
2008-12-01,MID,274
2008-12-01,EVE,712
2008-12-02,MID,250
2008-12-02,EVE,971
2008-12-03,MID,004
2008-12-03,EVE,061
2008-12-04,MID,906
2008-12-04,EVE,055
2008-12-05,MID,696
2008-12-05,EVE,046
2008-12-06,MID,506
2008-12-06,EVE,647
2008-12-07,MID,685
2008-12-07,EVE,717
2008-12-08,MID,794
2008-12-08,EVE,434
2008-12-09,MID,131
2008-12-09,EVE,887
2008-12-10,MID,264
2008-12-10,EVE,662
2008-12-11,MID,652
2008-12-11,EVE,671
2008-12-12,MID,881
2008-12-12,EVE,103
2008-12-13,MID,079
2008-12-13,EVE,734
2008-12-14,MID,338
2008-12-14,EVE,911
2008-12-15,MID,579
2008-12-15,EVE,815
2008-12-16,MID,933
2008-12-16,EVE,923
2008-12-17,MID,217
2008-12-17,EVE,895
2008-12-18,MID,396
2008-12-18,EVE,697
2008-12-19,MID,019
2008-12-19,EVE,087
2008-12-20,MID,929
2008-12-20,EVE,905
2008-12-21,MID,960
2008-12-21,EVE,232
2008-12-22,MID,433
2008-12-22,EVE,155
2008-12-23,MID,574
2008-12-23,EVE,820
2008-12-24,MID,851
2008-12-24,EVE,384
2008-12-25,MID,054
2008-12-25,EVE,257
2008-12-26,MID,944
2008-12-26,EVE,644
2008-12-27,MID,379
2008-12-27,EVE,741
2008-12-28,MID,530
2008-12-28,EVE,794
2008-12-29,MID,978
2008-12-29,EVE,665
2008-12-30,MID,774
2008-12-30,EVE,170
2008-12-31,MID,622
2008-12-31,EVE,419
2009-01-01,MID,207
2009-01-01,EVE,639
2009-01-02,MID,190
2009-01-02,EVE,646
2009-01-03,MID,506
2009-01-03,EVE,146
2009-01-04,MID,195
2009-01-04,EVE,839
2009-01-05,MID,697
2009-01-05,EVE,163
2009-01-06,MID,570
2009-01-06,EVE,122
2009-01-07,MID,082
2009-01-07,EVE,130
2009-01-08,MID,288
2009-01-08,EVE,874
2009-01-09,MID,401
2009-01-09,EVE,158
2009-01-10,MID,161
2009-01-10,EVE,992
2009-01-11,MID,880
2009-01-11,EVE,826
2009-01-12,MID,454
2009-01-12,EVE,748
2009-01-13,MID,268
2009-01-13,EVE,224
2009-01-14,MID,088
2009-01-14,EVE,890
2009-01-15,MID,463
2009-01-15,EVE,925
2009-01-16,MID,221
2009-01-16,EVE,609
2009-01-17,MID,993
2009-01-17,EVE,528
2009-01-18,MID,516
2009-01-18,EVE,555
2009-01-19,MID,710
2009-01-19,EVE,354
2009-01-20,MID,354
2009-01-20,EVE,765
2009-01-21,MID,348
2009-01-21,EVE,820
2009-01-22,MID,462
2009-01-22,EVE,012
2009-01-23,MID,539
2009-01-23,EVE,929
2009-01-24,MID,436
2009-01-24,EVE,881
2009-01-25,MID,074
2009-01-25,EVE,748
2009-01-26,MID,445
2009-01-26,EVE,384
2009-01-27,MID,944
2009-01-27,EVE,925
2009-01-28,MID,113
2009-01-28,EVE,995
2009-01-29,MID,870
2009-01-29,EVE,042
2009-01-30,MID,071
2009-01-30,EVE,109
2009-01-31,MID,227
2009-01-31,EVE,932
2009-02-01,MID,544
2009-02-01,EVE,803
2009-02-02,MID,935
2009-02-02,EVE,592
2009-02-03,MID,538
2009-02-03,EVE,405
2009-02-04,MID,547
2009-02-04,EVE,855
2009-02-05,MID,738
2009-02-05,EVE,574
2009-02-06,MID,309
2009-02-06,EVE,160
2009-02-07,MID,364
2009-02-07,EVE,135
2009-02-08,MID,028
2009-02-08,EVE,449
2009-02-09,MID,200
2009-02-09,EVE,637
2009-02-10,MID,618
2009-02-10,EVE,071
2009-02-11,MID,026
2009-02-11,EVE,202
2009-02-12,MID,498
2009-02-12,EVE,898
2009-02-13,MID,299
2009-02-13,EVE,723
2009-02-14,MID,772
2009-02-14,EVE,701
2009-02-15,MID,140
2009-02-15,EVE,447
2009-02-16,MID,853
2009-02-16,EVE,765
2009-02-17,MID,288
2009-02-17,EVE,923
2009-02-18,MID,810
2009-02-18,EVE,646
2009-02-19,MID,572
2009-02-19,EVE,220
2009-02-20,MID,560
2009-02-20,EVE,034
2009-02-21,MID,230
2009-02-21,EVE,773
2009-02-22,MID,063
2009-02-22,EVE,814
2009-02-23,MID,827
2009-02-23,EVE,901
2009-02-24,MID,189
2009-02-24,EVE,976
2009-02-25,MID,484
2009-02-25,EVE,284
2009-02-26,MID,445
2009-02-26,EVE,141
2009-02-27,MID,917
2009-02-27,EVE,493
2009-02-28,MID,373
2009-02-28,EVE,985
2009-03-01,MID,567
2009-03-01,EVE,909
2009-03-02,MID,393
2009-03-02,EVE,571
2009-03-03,MID,471
2009-03-03,EVE,267
2009-03-04,MID,501
2009-03-04,EVE,844
2009-03-05,MID,640
2009-03-05,EVE,769
2009-03-06,MID,029
2009-03-06,EVE,986
2009-03-07,MID,140
2009-03-07,EVE,483
2009-03-08,MID,721
2009-03-08,EVE,645
2009-03-09,MID,399
2009-03-09,EVE,729
2009-03-10,MID,606
2009-03-10,EVE,772
2009-03-11,MID,822
2009-03-11,EVE,931
2009-03-12,MID,611
2009-03-12,EVE,188
2009-03-13,MID,670
2009-03-13,EVE,221
2009-03-14,MID,133
2009-03-14,EVE,909
2009-03-15,MID,467
2009-03-15,EVE,522
2009-03-16,MID,077
2009-03-16,EVE,718
2009-03-17,MID,218
2009-03-17,EVE,574
2009-03-18,MID,850
2009-03-18,EVE,701
2009-03-19,MID,623
2009-03-19,EVE,591
2009-03-20,MID,680
2009-03-20,EVE,941
2009-03-21,MID,839
2009-03-21,EVE,063
2009-03-22,MID,701
2009-03-22,EVE,880
2009-03-23,MID,761
2009-03-23,EVE,315
2009-03-24,MID,992
2009-03-24,EVE,323
2009-03-25,MID,388
2009-03-25,EVE,759
2009-03-26,MID,774
2009-03-26,EVE,826
2009-03-27,MID,044
2009-03-27,EVE,360
2009-03-28,MID,670
2009-03-28,EVE,185
2009-03-29,MID,716
2009-03-29,EVE,991
2009-03-30,MID,308
2009-03-30,EVE,564
2009-03-31,MID,578
2009-03-31,EVE,159
2009-04-01,MID,757
2009-04-01,EVE,480
2009-04-02,MID,439
2009-04-02,EVE,581
2009-04-03,MID,702
2009-04-03,EVE,161
2009-04-04,MID,830
2009-04-04,EVE,424
2009-04-05,MID,464
2009-04-05,EVE,264
2009-04-06,MID,294
2009-04-06,EVE,297
2009-04-07,MID,182
2009-04-07,EVE,927
2009-04-08,MID,493
2009-04-08,EVE,338
2009-04-09,MID,871
2009-04-09,EVE,474
2009-04-10,MID,412
2009-04-10,EVE,740
2009-04-11,MID,109
2009-04-11,EVE,099
2009-04-12,MID,578
2009-04-12,EVE,324
2009-04-13,MID,133
2009-04-13,EVE,192
2009-04-14,MID,192
2009-04-14,EVE,905
2009-04-15,MID,199
2009-04-15,EVE,105
2009-04-16,MID,394
2009-04-16,EVE,615
2009-04-17,MID,624
2009-04-17,EVE,206
2009-04-18,MID,237
2009-04-18,EVE,240
2009-04-19,MID,987
2009-04-19,EVE,378
2009-04-20,MID,574
2009-04-20,EVE,623
2009-04-21,MID,706
2009-04-21,EVE,991
2009-04-22,MID,787
2009-04-22,EVE,808
2009-04-23,MID,614
2009-04-23,EVE,407
2009-04-24,MID,707
2009-04-24,EVE,614
2009-04-25,MID,584
2009-04-25,EVE,373
2009-04-26,MID,249
2009-04-26,EVE,476
2009-04-27,MID,464
2009-04-27,EVE,224
2009-04-28,MID,846
2009-04-28,EVE,438
2009-04-29,MID,260
2009-04-29,EVE,142
2009-04-30,MID,066
2009-04-30,EVE,595
2009-05-01,MID,319
2009-05-01,EVE,922
2009-05-02,MID,810
2009-05-02,EVE,795
2009-05-03,MID,497
2009-05-03,EVE,280
2009-05-04,MID,864
2009-05-04,EVE,114
2009-05-05,MID,569
2009-05-05,EVE,947
2009-05-06,MID,661
2009-05-06,EVE,558
2009-05-07,MID,700
2009-05-07,EVE,536
2009-05-08,MID,005
2009-05-08,EVE,655
2009-05-09,MID,293
2009-05-09,EVE,719
2009-05-10,MID,153
2009-05-10,EVE,738
2009-05-11,MID,764
2009-05-11,EVE,595
2009-05-12,MID,388
2009-05-12,EVE,681
2009-05-13,MID,636
2009-05-13,EVE,879
2009-05-14,MID,246
2009-05-14,EVE,386
2009-05-15,MID,987
2009-05-15,EVE,719
2009-05-16,MID,191
2009-05-16,EVE,521
2009-05-17,MID,186
2009-05-17,EVE,648
2009-05-18,MID,059
2009-05-18,EVE,562
2009-05-19,MID,160
2009-05-19,EVE,406
2009-05-20,MID,834
2009-05-20,EVE,988
2009-05-21,MID,722
2009-05-21,EVE,018
2009-05-22,MID,185
2009-05-22,EVE,646
2009-05-23,MID,804
2009-05-23,EVE,363
2009-05-24,MID,754
2009-05-24,EVE,511
2009-05-25,MID,129
2009-05-25,EVE,208
2009-05-26,MID,676
2009-05-26,EVE,414
2009-05-27,MID,631
2009-05-27,EVE,057
2009-05-28,MID,725
2009-05-28,EVE,899
2009-05-29,MID,074
2009-05-29,EVE,570
2009-05-30,MID,997
2009-05-30,EVE,166
2009-05-31,MID,465
2009-05-31,EVE,011
2009-06-01,MID,105
2009-06-01,EVE,184
2009-06-02,MID,880
2009-06-02,EVE,427
2009-06-03,MID,549
2009-06-03,EVE,287
2009-06-04,MID,521
2009-06-04,EVE,846
2009-06-05,MID,462
2009-06-05,EVE,961
2009-06-06,MID,405
2009-06-06,EVE,743
2009-06-07,MID,154
2009-06-07,EVE,621
2009-06-08,MID,630
2009-06-08,EVE,513
2009-06-09,MID,692
2009-06-09,EVE,316
2009-06-10,MID,592
2009-06-10,EVE,151
2009-06-11,MID,606
2009-06-11,EVE,455
2009-06-12,MID,125
2009-06-12,EVE,085
2009-06-13,MID,496
2009-06-13,EVE,135
2009-06-14,MID,466
2009-06-14,EVE,429
2009-06-15,MID,937
2009-06-15,EVE,848
2009-06-16,MID,890
2009-06-16,EVE,109
2009-06-17,MID,952
2009-06-17,EVE,601
2009-06-18,MID,047
2009-06-18,EVE,773
2009-06-19,MID,027
2009-06-19,EVE,288
2009-06-20,MID,506
2009-06-20,EVE,379
2009-06-21,MID,734
2009-06-21,EVE,879
2009-06-22,MID,738
2009-06-22,EVE,737
2009-06-23,MID,443
2009-06-23,EVE,291
2009-06-24,MID,975
2009-06-24,EVE,219
2009-06-25,MID,800
2009-06-25,EVE,405
2009-06-26,MID,155
2009-06-26,EVE,761
2009-06-27,MID,981
2009-06-27,EVE,527
2009-06-28,MID,365
2009-06-28,EVE,907
2009-06-29,MID,741
2009-06-29,EVE,999
2009-06-30,MID,091
2009-06-30,EVE,138
2009-07-01,MID,765
2009-07-01,EVE,508
2009-07-02,MID,297
2009-07-02,EVE,378
2009-07-03,MID,193
2009-07-03,EVE,311
2009-07-04,MID,405
2009-07-04,EVE,033
2009-07-05,MID,608
2009-07-05,EVE,759
2009-07-06,MID,460
2009-07-06,EVE,749
2009-07-07,MID,700
2009-07-07,EVE,459
2009-07-08,MID,511
2009-07-08,EVE,496
2009-07-09,MID,342
2009-07-09,EVE,943
2009-07-10,MID,821
2009-07-10,EVE,508
2009-07-11,MID,871
2009-07-11,EVE,562
2009-07-12,MID,037
2009-07-12,EVE,871
2009-07-13,MID,132
2009-07-13,EVE,748
2009-07-14,MID,929
2009-07-14,EVE,800
2009-07-15,MID,103
2009-07-15,EVE,908
2009-07-16,MID,973
2009-07-16,EVE,053
2009-07-17,MID,508
2009-07-17,EVE,494
2009-07-18,MID,744
2009-07-18,EVE,752
2009-07-19,MID,109
2009-07-19,EVE,457
2009-07-20,MID,277
2009-07-20,EVE,067
2009-07-21,MID,148
2009-07-21,EVE,170
2009-07-22,MID,473
2009-07-22,EVE,260
2009-07-23,MID,165
2009-07-23,EVE,253
2009-07-24,MID,111
2009-07-24,EVE,947
2009-07-25,MID,503
2009-07-25,EVE,261
2009-07-26,MID,431
2009-07-26,EVE,801
2009-07-27,MID,584
2009-07-27,EVE,842
2009-07-28,MID,070
2009-07-28,EVE,394
2009-07-29,MID,003
2009-07-29,EVE,214
2009-07-30,MID,372
2009-07-30,EVE,550
2009-07-31,MID,687
2009-07-31,EVE,189
2009-08-01,MID,019
2009-08-01,EVE,189
2009-08-02,MID,563
2009-08-02,EVE,199
2009-08-03,MID,558
2009-08-03,EVE,541
2009-08-04,MID,692
2009-08-04,EVE,998
2009-08-05,MID,874
2009-08-05,EVE,890
2009-08-06,MID,288
2009-08-06,EVE,714
2009-08-07,MID,410
2009-08-07,EVE,274
2009-08-08,MID,108
2009-08-08,EVE,255
2009-08-09,MID,153
2009-08-09,EVE,476
2009-08-10,MID,659
2009-08-10,EVE,135
2009-08-11,MID,357
2009-08-11,EVE,304
2009-08-12,MID,674
2009-08-12,EVE,317
2009-08-13,MID,843
2009-08-13,EVE,499
2009-08-14,MID,381
2009-08-14,EVE,178
2009-08-15,MID,869
2009-08-15,EVE,597
2009-08-16,MID,636
2009-08-16,EVE,383
2009-08-17,MID,121
2009-08-17,EVE,912
2009-08-18,MID,637
2009-08-18,EVE,318
2009-08-19,MID,262
2009-08-19,EVE,593
2009-08-20,MID,098
2009-08-20,EVE,596
2009-08-21,MID,917
2009-08-21,EVE,839
2009-08-22,MID,021
2009-08-22,EVE,076
2009-08-23,MID,170
2009-08-23,EVE,724
2009-08-24,MID,677
2009-08-24,EVE,826
2009-08-25,MID,080
2009-08-25,EVE,016
2009-08-26,MID,566
2009-08-26,EVE,902
2009-08-27,MID,629
2009-08-27,EVE,228
2009-08-28,MID,553
2009-08-28,EVE,989
2009-08-29,MID,411
2009-08-29,EVE,273
2009-08-30,MID,714
2009-08-30,EVE,605
2009-08-31,MID,504
2009-08-31,EVE,457
2009-09-01,MID,639
2009-09-01,EVE,564
2009-09-02,MID,097
2009-09-02,EVE,497
2009-09-03,MID,595
2009-09-03,EVE,627
2009-09-04,MID,769
2009-09-04,EVE,570
2009-09-05,MID,754
2009-09-05,EVE,776
2009-09-06,MID,164
2009-09-06,EVE,499
2009-09-07,MID,904
2009-09-07,EVE,236
2009-09-08,MID,670
2009-09-08,EVE,355
2009-09-09,MID,243
2009-09-09,EVE,546
2009-09-10,MID,393
2009-09-10,EVE,604
2009-09-11,MID,101
2009-09-11,EVE,774
2009-09-12,MID,756
2009-09-12,EVE,010
2009-09-13,MID,904
2009-09-13,EVE,596
2009-09-14,MID,983
2009-09-14,EVE,835
2009-09-15,MID,872
2009-09-15,EVE,295
2009-09-16,MID,853
2009-09-16,EVE,018
2009-09-17,MID,886
2009-09-17,EVE,182
2009-09-18,MID,794
2009-09-18,EVE,060
2009-09-19,MID,063
2009-09-19,EVE,270
2009-09-20,MID,885
2009-09-20,EVE,804
2009-09-21,MID,233
2009-09-21,EVE,492
2009-09-22,MID,459
2009-09-22,EVE,387
2009-09-23,MID,829
2009-09-23,EVE,799
2009-09-24,MID,743
2009-09-24,EVE,090
2009-09-25,MID,994
2009-09-25,EVE,518
2009-09-26,MID,292
2009-09-26,EVE,678
2009-09-27,MID,801
2009-09-27,EVE,453
2009-09-28,MID,681
2009-09-28,EVE,171
2009-09-29,MID,110
2009-09-29,EVE,371
2009-09-30,MID,143
2009-09-30,EVE,292
2009-10-01,MID,996
2009-10-01,EVE,253
2009-10-02,MID,761
2009-10-02,EVE,956
2009-10-03,MID,083
2009-10-03,EVE,456
2009-10-04,MID,216
2009-10-04,EVE,196
2009-10-05,MID,167
2009-10-05,EVE,526
2009-10-06,MID,866
2009-10-06,EVE,202
2009-10-07,MID,151
2009-10-07,EVE,477
2009-10-08,MID,219
2009-10-08,EVE,390
2009-10-09,MID,524
2009-10-09,EVE,014
2009-10-10,MID,673
2009-10-10,EVE,412
2009-10-11,MID,725
2009-10-11,EVE,880
2009-10-12,MID,056
2009-10-12,EVE,411
2009-10-13,MID,882
2009-10-13,EVE,358
2009-10-14,MID,744
2009-10-14,EVE,870
2009-10-15,MID,465
2009-10-15,EVE,616
2009-10-16,MID,506
2009-10-16,EVE,584
2009-10-17,MID,208
2009-10-17,EVE,078
2009-10-18,MID,030
2009-10-18,EVE,709
2009-10-19,MID,084
2009-10-19,EVE,948
2009-10-20,MID,869
2009-10-20,EVE,465
2009-10-21,MID,530
2009-10-21,EVE,785
2009-10-22,MID,114
2009-10-22,EVE,971
2009-10-23,MID,267
2009-10-23,EVE,931
2009-10-24,MID,081
2009-10-24,EVE,169
2009-10-25,MID,436
2009-10-25,EVE,574
2009-10-26,MID,058
2009-10-26,EVE,374
2009-10-27,MID,421
2009-10-27,EVE,289
2009-10-28,MID,278
2009-10-28,EVE,434
2009-10-29,MID,003
2009-10-29,EVE,586
2009-10-30,MID,418
2009-10-30,EVE,638
2009-10-31,MID,082
2009-10-31,EVE,691
2009-11-01,MID,632
2009-11-01,EVE,548
2009-11-02,MID,159
2009-11-02,EVE,343
2009-11-03,MID,313
2009-11-03,EVE,037
2009-11-04,MID,067
2009-11-04,EVE,646
2009-11-05,MID,718
2009-11-05,EVE,175
2009-11-06,MID,643
2009-11-06,EVE,288
2009-11-07,MID,315
2009-11-07,EVE,387
2009-11-08,MID,565
2009-11-08,EVE,114
2009-11-09,MID,270
2009-11-09,EVE,113
2009-11-10,MID,338
2009-11-10,EVE,981
2009-11-11,MID,427
2009-11-11,EVE,088
2009-11-12,MID,565
2009-11-12,EVE,246
2009-11-13,MID,121
2009-11-13,EVE,409
2009-11-14,MID,552
2009-11-14,EVE,981
2009-11-15,MID,121
2009-11-15,EVE,763
2009-11-16,MID,742
2009-11-16,EVE,638
2009-11-17,MID,353
2009-11-17,EVE,368
2009-11-18,MID,129
2009-11-18,EVE,717
2009-11-19,MID,888
2009-11-19,EVE,287
2009-11-20,MID,346
2009-11-20,EVE,855
2009-11-21,MID,903
2009-11-21,EVE,389
2009-11-22,MID,528
2009-11-22,EVE,393
2009-11-23,MID,770
2009-11-23,EVE,339
2009-11-24,MID,300
2009-11-24,EVE,642
2009-11-25,MID,780
2009-11-25,EVE,639
2009-11-26,MID,577
2009-11-26,EVE,257
2009-11-27,MID,768
2009-11-27,EVE,798
2009-11-28,MID,163
2009-11-28,EVE,922
2009-11-29,MID,963
2009-11-29,EVE,284
2009-11-30,MID,477
2009-11-30,EVE,429
2009-12-01,MID,452
2009-12-01,EVE,833
2009-12-02,MID,195
2009-12-02,EVE,364
2009-12-03,MID,814
2009-12-03,EVE,868
2009-12-04,MID,382
2009-12-04,EVE,707
2009-12-05,MID,549
2009-12-05,EVE,389
2009-12-06,MID,723
2009-12-06,EVE,604
2009-12-07,MID,023
2009-12-07,EVE,052
2009-12-08,MID,605
2009-12-08,EVE,084
2009-12-09,MID,806
2009-12-09,EVE,121
2009-12-10,MID,053
2009-12-10,EVE,635
2009-12-11,MID,173
2009-12-11,EVE,782
2009-12-12,MID,368
2009-12-12,EVE,024
2009-12-13,MID,427
2009-12-13,EVE,061
2009-12-14,MID,828
2009-12-14,EVE,789
2009-12-15,MID,816
2009-12-15,EVE,153
2009-12-16,MID,910
2009-12-16,EVE,784
2009-12-17,MID,311
2009-12-17,EVE,399
2009-12-18,MID,286
2009-12-18,EVE,077
2009-12-19,MID,763
2009-12-19,EVE,424
2009-12-20,MID,317
2009-12-20,EVE,453
2009-12-21,MID,507
2009-12-21,EVE,906
2009-12-22,MID,506
2009-12-22,EVE,645
2009-12-23,MID,841
2009-12-23,EVE,514
2009-12-24,MID,118
2009-12-24,EVE,819
2009-12-25,MID,249
2009-12-25,EVE,066
2009-12-26,MID,900
2009-12-26,EVE,718
2009-12-27,MID,432
2009-12-27,EVE,656
2009-12-28,MID,452
2009-12-28,EVE,131
2009-12-29,MID,193
2009-12-29,EVE,997
2009-12-30,MID,381
2009-12-30,EVE,093
2009-12-31,MID,849
2009-12-31,EVE,904
2010-01-01,MID,736
2010-01-01,EVE,635
2010-01-02,MID,619
2010-01-02,EVE,225
2010-01-03,MID,286
2010-01-03,EVE,133
2010-01-04,MID,768
2010-01-04,EVE,599
2010-01-05,MID,179
2010-01-05,EVE,512
2010-01-06,MID,277
2010-01-06,EVE,873
2010-01-07,MID,210
2010-01-07,EVE,277
2010-01-08,MID,616
2010-01-08,EVE,195
2010-01-09,MID,456
2010-01-09,EVE,793
2010-01-10,MID,164
2010-01-10,EVE,139
2010-01-11,MID,737
2010-01-11,EVE,420
2010-01-12,MID,765
2010-01-12,EVE,131
2010-01-13,MID,598
2010-01-13,EVE,155
2010-01-14,MID,204
2010-01-14,EVE,002
2010-01-15,MID,857
2010-01-15,EVE,930
2010-01-16,MID,796
2010-01-16,EVE,942
2010-01-17,MID,065
2010-01-17,EVE,631
2010-01-18,MID,586
2010-01-18,EVE,199
2010-01-19,MID,966
2010-01-19,EVE,940
2010-01-20,MID,106
2010-01-20,EVE,265
2010-01-21,MID,450
2010-01-21,EVE,206
2010-01-22,MID,770
2010-01-22,EVE,525
2010-01-23,MID,540
2010-01-23,EVE,706
2010-01-24,MID,202
2010-01-24,EVE,352
2010-01-25,MID,159
2010-01-25,EVE,764
2010-01-26,MID,320
2010-01-26,EVE,352
2010-01-27,MID,457
2010-01-27,EVE,886
2010-01-28,MID,632
2010-01-28,EVE,205
2010-01-29,MID,836
2010-01-29,EVE,263
2010-01-30,MID,015
2010-01-30,EVE,600
2010-01-31,MID,455
2010-01-31,EVE,979
2010-02-01,MID,244
2010-02-01,EVE,532
2010-02-02,MID,636
2010-02-02,EVE,634
2010-02-03,MID,003
2010-02-03,EVE,309
2010-02-04,MID,994
2010-02-04,EVE,607
2010-02-05,MID,044
2010-02-05,EVE,530
2010-02-06,MID,367
2010-02-06,EVE,561
2010-02-07,MID,509
2010-02-07,EVE,799
2010-02-08,MID,665
2010-02-08,EVE,011
2010-02-09,MID,036
2010-02-09,EVE,446
2010-02-10,MID,698
2010-02-10,EVE,593
2010-02-11,MID,545
2010-02-11,EVE,151
2010-02-12,MID,537
2010-02-12,EVE,759
2010-02-13,MID,294
2010-02-13,EVE,606
2010-02-14,MID,371
2010-02-14,EVE,576
2010-02-15,MID,382
2010-02-15,EVE,463
2010-02-16,MID,330
2010-02-16,EVE,033
2010-02-17,MID,309
2010-02-17,EVE,376
2010-02-18,MID,115
2010-02-18,EVE,472
2010-02-19,MID,669
2010-02-19,EVE,741
2010-02-20,MID,624
2010-02-20,EVE,010
2010-02-21,MID,927
2010-02-21,EVE,264
2010-02-22,MID,282
2010-02-22,EVE,498
2010-02-23,MID,889
2010-02-23,EVE,487
2010-02-24,MID,432
2010-02-24,EVE,868
2010-02-25,MID,831
2010-02-25,EVE,114
2010-02-26,MID,240
2010-02-26,EVE,758
2010-02-27,MID,903
2010-02-27,EVE,363
2010-02-28,MID,482
2010-02-28,EVE,536
2010-03-01,MID,383
2010-03-01,EVE,951
2010-03-02,MID,918
2010-03-02,EVE,202
2010-03-03,MID,139
2010-03-03,EVE,797
2010-03-04,MID,626
2010-03-04,EVE,707
2010-03-05,MID,560
2010-03-05,EVE,991
2010-03-06,MID,856
2010-03-06,EVE,849
2010-03-07,MID,558
2010-03-07,EVE,467
2010-03-08,MID,423
2010-03-08,EVE,820
2010-03-09,MID,486
2010-03-09,EVE,545
2010-03-10,MID,039
2010-03-10,EVE,345
2010-03-11,MID,652
2010-03-11,EVE,808
2010-03-12,MID,548
2010-03-12,EVE,820
2010-03-13,MID,522
2010-03-13,EVE,232
2010-03-14,MID,310
2010-03-14,EVE,084
2010-03-15,MID,023
2010-03-15,EVE,586
2010-03-16,MID,376
2010-03-16,EVE,576
2010-03-17,MID,177
2010-03-17,EVE,546
2010-03-18,MID,899
2010-03-18,EVE,715
2010-03-19,MID,323
2010-03-19,EVE,757
2010-03-20,MID,583
2010-03-20,EVE,197
2010-03-21,MID,502
2010-03-21,EVE,117
2010-03-22,MID,953
2010-03-22,EVE,425
2010-03-23,MID,181
2010-03-23,EVE,559
2010-03-24,MID,136
2010-03-24,EVE,116
2010-03-25,MID,075
2010-03-25,EVE,058
2010-03-26,MID,451
2010-03-26,EVE,929
2010-03-27,MID,185
2010-03-27,EVE,933
2010-03-28,MID,166
2010-03-28,EVE,932
2010-03-29,MID,464
2010-03-29,EVE,430
2010-03-30,MID,913
2010-03-30,EVE,906
2010-03-31,MID,120
2010-03-31,EVE,779
2010-04-01,MID,498
2010-04-01,EVE,824
2010-04-02,MID,346
2010-04-02,EVE,890
2010-04-03,MID,340
2010-04-03,EVE,389
2010-04-04,MID,192
2010-04-04,EVE,802
2010-04-05,MID,333
2010-04-05,EVE,438
2010-04-06,MID,779
2010-04-06,EVE,227
2010-04-07,MID,318
2010-04-07,EVE,913
2010-04-08,MID,365
2010-04-08,EVE,128
2010-04-09,MID,905
2010-04-09,EVE,556
2010-04-10,MID,016
2010-04-10,EVE,867
2010-04-11,MID,406
2010-04-11,EVE,642
2010-04-12,MID,367
2010-04-12,EVE,901
2010-04-13,MID,228
2010-04-13,EVE,342
2010-04-14,MID,827
2010-04-14,EVE,315
2010-04-15,MID,406
2010-04-15,EVE,090
2010-04-16,MID,611
2010-04-16,EVE,013
2010-04-17,MID,735
2010-04-17,EVE,864
2010-04-18,MID,317
2010-04-18,EVE,818
2010-04-19,MID,078
2010-04-19,EVE,399
2010-04-20,MID,951
2010-04-20,EVE,780
2010-04-21,MID,310
2010-04-21,EVE,619
2010-04-22,MID,264
2010-04-22,EVE,713
2010-04-23,MID,816
2010-04-23,EVE,017
2010-04-24,MID,595
2010-04-24,EVE,539
2010-04-25,MID,640
2010-04-25,EVE,065
2010-04-26,MID,536
2010-04-26,EVE,738
2010-04-27,MID,938
2010-04-27,EVE,490
2010-04-28,MID,943
2010-04-28,EVE,513
2010-04-29,MID,035
2010-04-29,EVE,295
2010-04-30,MID,348
2010-04-30,EVE,800
2010-05-01,MID,136
2010-05-01,EVE,477
2010-05-02,MID,837
2010-05-02,EVE,879
2010-05-03,MID,496
2010-05-03,EVE,488
2010-05-04,MID,232
2010-05-04,EVE,471
2010-05-05,MID,173
2010-05-05,EVE,868
2010-05-06,MID,387
2010-05-06,EVE,743
2010-05-07,MID,003
2010-05-07,EVE,681
2010-05-08,MID,135
2010-05-08,EVE,338
2010-05-09,MID,354
2010-05-09,EVE,719
2010-05-10,MID,160
2010-05-10,EVE,679
2010-05-11,MID,318
2010-05-11,EVE,137
2010-05-12,MID,689
2010-05-12,EVE,228
2010-05-13,MID,777
2010-05-13,EVE,515
2010-05-14,MID,802
2010-05-14,EVE,193
2010-05-15,MID,913
2010-05-15,EVE,149
2010-05-16,MID,232
2010-05-16,EVE,702
2010-05-17,MID,060
2010-05-17,EVE,403
2010-05-18,MID,562
2010-05-18,EVE,781
2010-05-19,MID,421
2010-05-19,EVE,265
2010-05-20,MID,387
2010-05-20,EVE,309
2010-05-21,MID,408
2010-05-21,EVE,783
2010-05-22,MID,042
2010-05-22,EVE,781
2010-05-23,MID,394
2010-05-23,EVE,775
2010-05-24,MID,511
2010-05-24,EVE,298
2010-05-25,MID,606
2010-05-25,EVE,155
2010-05-26,MID,404
2010-05-26,EVE,084
2010-05-27,MID,337
2010-05-27,EVE,079
2010-05-28,MID,459
2010-05-28,EVE,878
2010-05-29,MID,088
2010-05-29,EVE,880
2010-05-30,MID,762
2010-05-30,EVE,064
2010-05-31,MID,513
2010-05-31,EVE,788
2010-06-01,MID,716
2010-06-01,EVE,546
2010-06-02,MID,033
2010-06-02,EVE,516
2010-06-03,MID,825
2010-06-03,EVE,050
2010-06-04,MID,732
2010-06-04,EVE,800
2010-06-05,MID,221
2010-06-05,EVE,930
2010-06-06,MID,539
2010-06-06,EVE,908
2010-06-07,MID,201
2010-06-07,EVE,020
2010-06-08,MID,454
2010-06-08,EVE,320
2010-06-09,MID,982
2010-06-09,EVE,607
2010-06-10,MID,243
2010-06-10,EVE,218
2010-06-11,MID,604
2010-06-11,EVE,237
2010-06-12,MID,584
2010-06-12,EVE,028
2010-06-13,MID,269
2010-06-13,EVE,632
2010-06-14,MID,257
2010-06-14,EVE,587
2010-06-15,MID,033
2010-06-15,EVE,469
2010-06-16,MID,714
2010-06-16,EVE,473
2010-06-17,MID,775
2010-06-17,EVE,205
2010-06-18,MID,134
2010-06-18,EVE,295
2010-06-19,MID,339
2010-06-19,EVE,950
2010-06-20,MID,498
2010-06-20,EVE,822
2010-06-21,MID,440
2010-06-21,EVE,385
2010-06-22,MID,883
2010-06-22,EVE,416
2010-06-23,MID,416
2010-06-23,EVE,882
2010-06-24,MID,801
2010-06-24,EVE,239
2010-06-25,MID,885
2010-06-25,EVE,749
2010-06-26,MID,747
2010-06-26,EVE,772
2010-06-27,MID,885
2010-06-27,EVE,743
2010-06-28,MID,165
2010-06-28,EVE,291
2010-06-29,MID,729
2010-06-29,EVE,664
2010-06-30,MID,849
2010-06-30,EVE,021
2010-07-01,MID,294
2010-07-01,EVE,514
2010-07-02,MID,448
2010-07-02,EVE,370
2010-07-03,MID,469
2010-07-03,EVE,222
2010-07-04,MID,284
2010-07-04,EVE,168
2010-07-05,MID,623
2010-07-05,EVE,856
2010-07-06,MID,016
2010-07-06,EVE,379
2010-07-07,MID,687
2010-07-07,EVE,259
2010-07-08,MID,452
2010-07-08,EVE,710
2010-07-09,MID,172
2010-07-09,EVE,560
2010-07-10,MID,543
2010-07-10,EVE,230
2010-07-11,MID,074
2010-07-11,EVE,901
2010-07-12,MID,361
2010-07-12,EVE,688
2010-07-13,MID,585
2010-07-13,EVE,269
2010-07-14,MID,271
2010-07-14,EVE,448
2010-07-15,MID,329
2010-07-15,EVE,586
2010-07-16,MID,346
2010-07-16,EVE,405
2010-07-17,MID,994
2010-07-17,EVE,423
2010-07-18,MID,644
2010-07-18,EVE,164
2010-07-19,MID,046
2010-07-19,EVE,009
2010-07-20,MID,072
2010-07-20,EVE,220
2010-07-21,MID,336
2010-07-21,EVE,192
2010-07-22,MID,185
2010-07-22,EVE,441
2010-07-23,MID,427
2010-07-23,EVE,797
2010-07-24,MID,463
2010-07-24,EVE,742
2010-07-25,MID,284
2010-07-25,EVE,693
2010-07-26,MID,207
2010-07-26,EVE,746
2010-07-27,MID,414
2010-07-27,EVE,445
2010-07-28,MID,387
2010-07-28,EVE,159
2010-07-29,MID,841
2010-07-29,EVE,139
2010-07-30,MID,332
2010-07-30,EVE,417
2010-07-31,MID,887
2010-07-31,EVE,818
2010-08-01,MID,294
2010-08-01,EVE,108
2010-08-02,MID,471
2010-08-02,EVE,827
2010-08-03,MID,205
2010-08-03,EVE,052
2010-08-04,MID,146
2010-08-04,EVE,305
2010-08-05,MID,153
2010-08-05,EVE,053
2010-08-06,MID,340
2010-08-06,EVE,286
2010-08-07,MID,945
2010-08-07,EVE,103
2010-08-08,MID,217
2010-08-08,EVE,639
2010-08-09,MID,379
2010-08-09,EVE,673
2010-08-10,MID,081
2010-08-10,EVE,215
2010-08-11,MID,512
2010-08-11,EVE,088
2010-08-12,MID,443
2010-08-12,EVE,785
2010-08-13,MID,931
2010-08-13,EVE,468
2010-08-14,MID,669
2010-08-14,EVE,779
2010-08-15,MID,108
2010-08-15,EVE,916
2010-08-16,MID,997
2010-08-16,EVE,985
2010-08-17,MID,227
2010-08-17,EVE,759
2010-08-18,MID,982
2010-08-18,EVE,265
2010-08-19,MID,499
2010-08-19,EVE,086
2010-08-20,MID,429
2010-08-20,EVE,826
2010-08-21,MID,202
2010-08-21,EVE,593
2010-08-22,MID,464
2010-08-22,EVE,153
2010-08-23,MID,570
2010-08-23,EVE,262
2010-08-24,MID,279
2010-08-24,EVE,118
2010-08-25,MID,274
2010-08-25,EVE,410
2010-08-26,MID,634
2010-08-26,EVE,068
2010-08-27,MID,095
2010-08-27,EVE,908
2010-08-28,MID,431
2010-08-28,EVE,306
2010-08-29,MID,467
2010-08-29,EVE,855
2010-08-30,MID,446
2010-08-30,EVE,224
2010-08-31,MID,890
2010-08-31,EVE,553
2010-09-01,MID,455
2010-09-01,EVE,688
2010-09-02,MID,618
2010-09-02,EVE,033
2010-09-03,MID,521
2010-09-03,EVE,853
2010-09-04,MID,495
2010-09-04,EVE,149
2010-09-05,MID,867
2010-09-05,EVE,816
2010-09-06,MID,307
2010-09-06,EVE,359
2010-09-07,MID,161
2010-09-07,EVE,806
2010-09-08,MID,834
2010-09-08,EVE,462
2010-09-09,MID,324
2010-09-09,EVE,053
2010-09-10,MID,570
2010-09-10,EVE,904
2010-09-11,MID,878
2010-09-11,EVE,347
2010-09-12,MID,999
2010-09-12,EVE,685
2010-09-13,MID,770
2010-09-13,EVE,068
2010-09-14,MID,605
2010-09-14,EVE,374
2010-09-15,MID,449
2010-09-15,EVE,124
2010-09-16,MID,690
2010-09-16,EVE,398
2010-09-17,MID,033
2010-09-17,EVE,157
2010-09-18,MID,861
2010-09-18,EVE,604
2010-09-19,MID,902
2010-09-19,EVE,138
2010-09-20,MID,538
2010-09-20,EVE,572
2010-09-21,MID,540
2010-09-21,EVE,042
2010-09-22,MID,695
2010-09-22,EVE,961
2010-09-23,MID,100
2010-09-23,EVE,139
2010-09-24,MID,227
2010-09-24,EVE,845
2010-09-25,MID,215
2010-09-25,EVE,003
2010-09-26,MID,312
2010-09-26,EVE,320
2010-09-27,MID,159
2010-09-27,EVE,052
2010-09-28,MID,717
2010-09-28,EVE,568
2010-09-29,MID,415
2010-09-29,EVE,399
2010-09-30,MID,002
2010-09-30,EVE,196
2010-10-01,MID,141
2010-10-01,EVE,846
2010-10-02,MID,495
2010-10-02,EVE,100
2010-10-03,MID,229
2010-10-03,EVE,581
2010-10-04,MID,089
2010-10-04,EVE,437
2010-10-05,MID,559
2010-10-05,EVE,568
2010-10-06,MID,071
2010-10-06,EVE,731
2010-10-07,MID,734
2010-10-07,EVE,527
2010-10-08,MID,550
2010-10-08,EVE,333
2010-10-09,MID,974
2010-10-09,EVE,126
2010-10-10,MID,438
2010-10-10,EVE,583
2010-10-11,MID,468
2010-10-11,EVE,893
2010-10-12,MID,233
2010-10-12,EVE,694
2010-10-13,MID,331
2010-10-13,EVE,944
2010-10-14,MID,431
2010-10-14,EVE,226
2010-10-15,MID,605
2010-10-15,EVE,490
2010-10-16,MID,739
2010-10-16,EVE,164
2010-10-17,MID,719
2010-10-17,EVE,778
2010-10-18,MID,074
2010-10-18,EVE,002
2010-10-19,MID,253
2010-10-19,EVE,686
2010-10-20,MID,411
2010-10-20,EVE,741
2010-10-21,MID,417
2010-10-21,EVE,613
2010-10-22,MID,224
2010-10-22,EVE,718
2010-10-23,MID,480
2010-10-23,EVE,994
2010-10-24,MID,665
2010-10-24,EVE,802
2010-10-25,MID,599
2010-10-25,EVE,559
2010-10-26,MID,354
2010-10-26,EVE,514
2010-10-27,MID,504
2010-10-27,EVE,606
2010-10-28,MID,684
2010-10-28,EVE,337
2010-10-29,MID,270
2010-10-29,EVE,263
2010-10-30,MID,374
2010-10-30,EVE,883
2010-10-31,MID,349
2010-10-31,EVE,536
2010-11-01,MID,267
2010-11-01,EVE,577
2010-11-02,MID,477
2010-11-02,EVE,077
2010-11-03,MID,784
2010-11-03,EVE,355
2010-11-04,MID,597
2010-11-04,EVE,850
2010-11-05,MID,400
2010-11-05,EVE,083
2010-11-06,MID,409
2010-11-06,EVE,126
2010-11-07,MID,701
2010-11-07,EVE,600
2010-11-08,MID,303
2010-11-08,EVE,136
2010-11-09,MID,905
2010-11-09,EVE,854
2010-11-10,MID,068
2010-11-10,EVE,713
2010-11-11,MID,601
2010-11-11,EVE,121
2010-11-12,MID,722
2010-11-12,EVE,963
2010-11-13,MID,872
2010-11-13,EVE,150
2010-11-14,MID,385
2010-11-14,EVE,935
2010-11-15,MID,466
2010-11-15,EVE,581
2010-11-16,MID,198
2010-11-16,EVE,051
2010-11-17,MID,513
2010-11-17,EVE,820
2010-11-18,MID,358
2010-11-18,EVE,702
2010-11-19,MID,324
2010-11-19,EVE,775
2010-11-20,MID,486
2010-11-20,EVE,780
2010-11-21,MID,198
2010-11-21,EVE,659
2010-11-22,MID,333
2010-11-22,EVE,813
2010-11-23,MID,427
2010-11-23,EVE,311
2010-11-24,MID,698
2010-11-24,EVE,604
2010-11-25,MID,558
2010-11-25,EVE,654
2010-11-26,MID,267
2010-11-26,EVE,806
2010-11-27,MID,225
2010-11-27,EVE,396
2010-11-28,MID,396
2010-11-28,EVE,297
2010-11-29,MID,242
2010-11-29,EVE,033
2010-11-30,MID,798
2010-11-30,EVE,255
2010-12-01,MID,479
2010-12-01,EVE,419
2010-12-02,MID,083
2010-12-02,EVE,499
2010-12-03,MID,696
2010-12-03,EVE,494
2010-12-04,MID,293
2010-12-04,EVE,896
2010-12-05,MID,431
2010-12-05,EVE,061
2010-12-06,MID,717
2010-12-06,EVE,761
2010-12-07,MID,716
2010-12-07,EVE,298
2010-12-08,MID,515
2010-12-08,EVE,679
2010-12-09,MID,634
2010-12-09,EVE,453
2010-12-10,MID,900
2010-12-10,EVE,357
2010-12-11,MID,482
2010-12-11,EVE,730
2010-12-12,MID,975
2010-12-12,EVE,942
2010-12-13,MID,931
2010-12-13,EVE,895
2010-12-14,MID,889
2010-12-14,EVE,102
2010-12-15,MID,750
2010-12-15,EVE,871
2010-12-16,MID,385
2010-12-16,EVE,335
2010-12-17,MID,274
2010-12-17,EVE,578
2010-12-18,MID,157
2010-12-18,EVE,461
2010-12-19,MID,516
2010-12-19,EVE,316
2010-12-20,MID,644
2010-12-20,EVE,304
2010-12-21,MID,773
2010-12-21,EVE,991
2010-12-22,MID,073
2010-12-22,EVE,555
2010-12-23,MID,429
2010-12-23,EVE,513
2010-12-24,MID,965
2010-12-24,EVE,131
2010-12-25,MID,262
2010-12-25,EVE,578
2010-12-26,MID,462
2010-12-26,EVE,498
2010-12-27,MID,793
2010-12-27,EVE,422
2010-12-28,MID,477
2010-12-28,EVE,499
2010-12-29,MID,021
2010-12-29,EVE,903
2010-12-30,MID,482
2010-12-30,EVE,496
2010-12-31,MID,702
2010-12-31,EVE,469
2011-01-01,MID,699
2011-01-01,EVE,292
2011-01-02,MID,955
2011-01-02,EVE,206
2011-01-03,MID,608
2011-01-03,EVE,402
2011-01-04,MID,700
2011-01-04,EVE,392
2011-01-05,MID,673
2011-01-05,EVE,167
2011-01-06,MID,773
2011-01-06,EVE,397
2011-01-07,MID,183
2011-01-07,EVE,584
2011-01-08,MID,398
2011-01-08,EVE,337
2011-01-09,MID,221
2011-01-09,EVE,592
2011-01-10,MID,547
2011-01-10,EVE,063
2011-01-11,MID,105
2011-01-11,EVE,898
2011-01-12,MID,153
2011-01-12,EVE,023
2011-01-13,MID,923
2011-01-13,EVE,019
2011-01-14,MID,328
2011-01-14,EVE,685
2011-01-15,MID,740
2011-01-15,EVE,268
2011-01-16,MID,832
2011-01-16,EVE,418
2011-01-17,MID,383
2011-01-17,EVE,630
2011-01-18,MID,809
2011-01-18,EVE,688
2011-01-19,MID,881
2011-01-19,EVE,606
2011-01-20,MID,739
2011-01-20,EVE,254
2011-01-21,MID,156
2011-01-21,EVE,874
2011-01-22,MID,207
2011-01-22,EVE,350
2011-01-23,MID,414
2011-01-23,EVE,234
2011-01-24,MID,827
2011-01-24,EVE,517
2011-01-25,MID,773
2011-01-25,EVE,598
2011-01-26,MID,123
2011-01-26,EVE,478
2011-01-27,MID,112
2011-01-27,EVE,243
2011-01-28,MID,583
2011-01-28,EVE,223
2011-01-29,MID,238
2011-01-29,EVE,499
2011-01-30,MID,026
2011-01-30,EVE,082
2011-01-31,MID,132
2011-01-31,EVE,831
2011-02-01,MID,654
2011-02-01,EVE,672
2011-02-02,MID,004
2011-02-02,EVE,731
2011-02-03,MID,670
2011-02-03,EVE,331
2011-02-04,MID,937
2011-02-04,EVE,665
2011-02-05,MID,639
2011-02-05,EVE,808
2011-02-06,MID,825
2011-02-06,EVE,798
2011-02-07,MID,531
2011-02-07,EVE,327
2011-02-08,MID,097
2011-02-08,EVE,619
2011-02-09,MID,683
2011-02-09,EVE,449
2011-02-10,MID,955
2011-02-10,EVE,058
2011-02-11,MID,012
2011-02-11,EVE,625
2011-02-12,MID,964
2011-02-12,EVE,885
2011-02-13,MID,787
2011-02-13,EVE,026
2011-02-14,MID,735
2011-02-14,EVE,908
2011-02-15,MID,963
2011-02-15,EVE,905
2011-02-16,MID,668
2011-02-16,EVE,806
2011-02-17,MID,027
2011-02-17,EVE,044
2011-02-18,MID,475
2011-02-18,EVE,457
2011-02-19,MID,895
2011-02-19,EVE,106
2011-02-20,MID,340
2011-02-20,EVE,184
2011-02-21,MID,012
2011-02-21,EVE,415
2011-02-22,MID,640
2011-02-22,EVE,216
2011-02-23,MID,865
2011-02-23,EVE,652
2011-02-24,MID,681
2011-02-24,EVE,128
2011-02-25,MID,542
2011-02-25,EVE,524
2011-02-26,MID,352
2011-02-26,EVE,386
2011-02-27,MID,364
2011-02-27,EVE,337
2011-02-28,MID,940
2011-02-28,EVE,124
2011-03-01,MID,499
2011-03-01,EVE,485
2011-03-02,MID,711
2011-03-02,EVE,482
2011-03-03,MID,632
2011-03-03,EVE,133
2011-03-04,MID,792
2011-03-04,EVE,797
2011-03-05,MID,662
2011-03-05,EVE,863
2011-03-06,MID,271
2011-03-06,EVE,171
2011-03-07,MID,038
2011-03-07,EVE,072
2011-03-08,MID,498
2011-03-08,EVE,577
2011-03-09,MID,978
2011-03-09,EVE,104
2011-03-10,MID,137
2011-03-10,EVE,483
2011-03-11,MID,661
2011-03-11,EVE,598
2011-03-12,MID,014
2011-03-12,EVE,277
2011-03-13,MID,794
2011-03-13,EVE,301
2011-03-14,MID,027
2011-03-14,EVE,845
2011-03-15,MID,955
2011-03-15,EVE,374
2011-03-16,MID,573
2011-03-16,EVE,440
2011-03-17,MID,319
2011-03-17,EVE,339
2011-03-18,MID,494
2011-03-18,EVE,035
2011-03-19,MID,386
2011-03-19,EVE,569
2011-03-20,MID,259
2011-03-20,EVE,701
2011-03-21,MID,595
2011-03-21,EVE,895
2011-03-22,MID,515
2011-03-22,EVE,419
2011-03-23,MID,027
2011-03-23,EVE,060
2011-03-24,MID,144
2011-03-24,EVE,746
2011-03-25,MID,481
2011-03-25,EVE,759
2011-03-26,MID,829
2011-03-26,EVE,057
2011-03-27,MID,177
2011-03-27,EVE,310
2011-03-28,MID,922
2011-03-28,EVE,059
2011-03-29,MID,070
2011-03-29,EVE,375
2011-03-30,MID,738
2011-03-30,EVE,202
2011-03-31,MID,320
2011-03-31,EVE,536
2011-04-01,MID,157
2011-04-01,EVE,219
2011-04-02,MID,849
2011-04-02,EVE,419
2011-04-03,MID,946
2011-04-03,EVE,784
2011-04-04,MID,911
2011-04-04,EVE,029
2011-04-05,MID,983
2011-04-05,EVE,149
2011-04-06,MID,053
2011-04-06,EVE,130
2011-04-07,MID,131
2011-04-07,EVE,389
2011-04-08,MID,190
2011-04-08,EVE,615
2011-04-09,MID,619
2011-04-09,EVE,481
2011-04-10,MID,214
2011-04-10,EVE,338
2011-04-11,MID,465
2011-04-11,EVE,955
2011-04-12,MID,076
2011-04-12,EVE,919
2011-04-13,MID,983
2011-04-13,EVE,009
2011-04-14,MID,761
2011-04-14,EVE,659
2011-04-15,MID,682
2011-04-15,EVE,447
2011-04-16,MID,884
2011-04-16,EVE,127
2011-04-17,MID,511
2011-04-17,EVE,081
2011-04-18,MID,664
2011-04-18,EVE,093
2011-04-19,MID,289
2011-04-19,EVE,757
2011-04-20,MID,461
2011-04-20,EVE,434
2011-04-21,MID,888
2011-04-21,EVE,942
2011-04-22,MID,821
2011-04-22,EVE,129
2011-04-23,MID,078
2011-04-23,EVE,475
2011-04-24,MID,173
2011-04-24,EVE,885
2011-04-25,MID,906
2011-04-25,EVE,989
2011-04-26,MID,319
2011-04-26,EVE,674
2011-04-27,MID,551
2011-04-27,EVE,164
2011-04-28,MID,013
2011-04-28,EVE,853
2011-04-29,MID,190
2011-04-29,EVE,289
2011-04-30,MID,663
2011-04-30,EVE,238
2011-05-01,MID,388
2011-05-01,EVE,133
2011-05-02,MID,391
2011-05-02,EVE,309
2011-05-03,MID,077
2011-05-03,EVE,053
2011-05-04,MID,733
2011-05-04,EVE,712
2011-05-05,MID,454
2011-05-05,EVE,237
2011-05-06,MID,604
2011-05-06,EVE,230
2011-05-07,MID,277
2011-05-07,EVE,737
2011-05-08,MID,299
2011-05-08,EVE,905
2011-05-09,MID,149
2011-05-09,EVE,290
2011-05-10,MID,748
2011-05-10,EVE,812
2011-05-11,MID,035
2011-05-11,EVE,334
2011-05-12,MID,648
2011-05-12,EVE,894
2011-05-13,MID,289
2011-05-13,EVE,577
2011-05-14,MID,242
2011-05-14,EVE,149
2011-05-15,MID,373
2011-05-15,EVE,909
2011-05-16,MID,533
2011-05-16,EVE,352
2011-05-17,MID,673
2011-05-17,EVE,695
2011-05-18,MID,933
2011-05-18,EVE,462
2011-05-19,MID,952
2011-05-19,EVE,538
2011-05-20,MID,613
2011-05-20,EVE,545
2011-05-21,MID,514
2011-05-21,EVE,027
2011-05-22,MID,658
2011-05-22,EVE,338
2011-05-23,MID,376
2011-05-23,EVE,621
2011-05-24,MID,914
2011-05-24,EVE,764
2011-05-25,MID,643
2011-05-25,EVE,135
2011-05-26,MID,388
2011-05-26,EVE,388
2011-05-27,MID,214
2011-05-27,EVE,259
2011-05-28,MID,933
2011-05-28,EVE,081
2011-05-29,MID,528
2011-05-29,EVE,143
2011-05-30,MID,477
2011-05-30,EVE,735
2011-05-31,MID,957
2011-05-31,EVE,063
2011-06-01,MID,742
2011-06-01,EVE,943
2011-06-02,MID,563
2011-06-02,EVE,456
2011-06-03,MID,523
2011-06-03,EVE,173
2011-06-04,MID,384
2011-06-04,EVE,667
2011-06-05,MID,727
2011-06-05,EVE,987
2011-06-06,MID,410
2011-06-06,EVE,899
2011-06-07,MID,589
2011-06-07,EVE,750
2011-06-08,MID,287
2011-06-08,EVE,922
2011-06-09,MID,729
2011-06-09,EVE,133
2011-06-10,MID,539
2011-06-10,EVE,177
2011-06-11,MID,364
2011-06-11,EVE,805
2011-06-12,MID,609
2011-06-12,EVE,629
2011-06-13,MID,335
2011-06-13,EVE,852
2011-06-14,MID,945
2011-06-14,EVE,683
2011-06-15,MID,772
2011-06-15,EVE,538
2011-06-16,MID,337
2011-06-16,EVE,706
2011-06-17,MID,897
2011-06-17,EVE,481
2011-06-18,MID,334
2011-06-18,EVE,905
2011-06-19,MID,366
2011-06-19,EVE,479
2011-06-20,MID,681
2011-06-20,EVE,412
2011-06-21,MID,539
2011-06-21,EVE,282
2011-06-22,MID,316
2011-06-22,EVE,975
2011-06-23,MID,481
2011-06-23,EVE,174
2011-06-24,MID,039
2011-06-24,EVE,268
2011-06-25,MID,176
2011-06-25,EVE,006
2011-06-26,MID,656
2011-06-26,EVE,422
2011-06-27,MID,499
2011-06-27,EVE,791
2011-06-28,MID,657
2011-06-28,EVE,143
2011-06-29,MID,822
2011-06-29,EVE,875
2011-06-30,MID,680
2011-06-30,EVE,422
2011-07-01,MID,770
2011-07-01,EVE,837
2011-07-02,MID,605
2011-07-02,EVE,491
2011-07-03,MID,505
2011-07-03,EVE,429
2011-07-04,MID,825
2011-07-04,EVE,747
2011-07-05,MID,198
2011-07-05,EVE,140
2011-07-06,MID,839
2011-07-06,EVE,439
2011-07-07,MID,424
2011-07-07,EVE,356
2011-07-08,MID,311
2011-07-08,EVE,267
2011-07-09,MID,750
2011-07-09,EVE,263
2011-07-10,MID,187
2011-07-10,EVE,011
2011-07-11,MID,995
2011-07-11,EVE,391
2011-07-12,MID,849
2011-07-12,EVE,008
2011-07-13,MID,367
2011-07-13,EVE,258
2011-07-14,MID,759
2011-07-14,EVE,276
2011-07-15,MID,852
2011-07-15,EVE,010
2011-07-16,MID,779
2011-07-16,EVE,996
2011-07-17,MID,731
2011-07-17,EVE,484
2011-07-18,MID,248
2011-07-18,EVE,572
2011-07-19,MID,265
2011-07-19,EVE,060
2011-07-20,MID,799
2011-07-20,EVE,762
2011-07-21,MID,529
2011-07-21,EVE,928
2011-07-22,MID,164
2011-07-22,EVE,283
2011-07-23,MID,052
2011-07-23,EVE,792
2011-07-24,MID,707
2011-07-24,EVE,082
2011-07-25,MID,796
2011-07-25,EVE,821
2011-07-26,MID,933
2011-07-26,EVE,791
2011-07-27,MID,193
2011-07-27,EVE,110
2011-07-28,MID,328
2011-07-28,EVE,659
2011-07-29,MID,147
2011-07-29,EVE,790
2011-07-30,MID,306
2011-07-30,EVE,452
2011-07-31,MID,804
2011-07-31,EVE,834
2011-08-01,MID,409
2011-08-01,EVE,574
2011-08-02,MID,166
2011-08-02,EVE,127
2011-08-03,MID,630
2011-08-03,EVE,048
2011-08-04,MID,802
2011-08-04,EVE,307
2011-08-05,MID,396
2011-08-05,EVE,887
2011-08-06,MID,202
2011-08-06,EVE,648
2011-08-07,MID,213
2011-08-07,EVE,062
2011-08-08,MID,476
2011-08-08,EVE,874
2011-08-09,MID,959
2011-08-09,EVE,980
2011-08-10,MID,530
2011-08-10,EVE,704
2011-08-11,MID,816
2011-08-11,EVE,770
2011-08-12,MID,436
2011-08-12,EVE,741
2011-08-13,MID,833
2011-08-13,EVE,386
2011-08-14,MID,318
2011-08-14,EVE,527
2011-08-15,MID,425
2011-08-15,EVE,489
2011-08-16,MID,021
2011-08-16,EVE,508
2011-08-17,MID,885
2011-08-17,EVE,569
2011-08-18,MID,968
2011-08-18,EVE,852
2011-08-19,MID,087
2011-08-19,EVE,910
2011-08-20,MID,292
2011-08-20,EVE,232
2011-08-21,MID,192
2011-08-21,EVE,604
2011-08-22,MID,102
2011-08-22,EVE,431
2011-08-23,MID,851
2011-08-23,EVE,908
2011-08-24,MID,691
2011-08-24,EVE,326
2011-08-25,MID,047
2011-08-25,EVE,511
2011-08-26,MID,151
2011-08-26,EVE,847
2011-08-27,MID,834
2011-08-27,EVE,278
2011-08-28,MID,711
2011-08-28,EVE,694
2011-08-29,MID,341
2011-08-29,EVE,033
2011-08-30,MID,938
2011-08-30,EVE,176
2011-08-31,MID,502
2011-08-31,EVE,973
2011-09-01,MID,440
2011-09-01,EVE,111
2011-09-02,MID,939
2011-09-02,EVE,436
2011-09-03,MID,850
2011-09-03,EVE,750
2011-09-04,MID,463
2011-09-04,EVE,730
2011-09-05,MID,235
2011-09-05,EVE,281
2011-09-06,MID,226
2011-09-06,EVE,791
2011-09-07,MID,065
2011-09-07,EVE,062
2011-09-08,MID,255
2011-09-08,EVE,965
2011-09-09,MID,272
2011-09-09,EVE,065
2011-09-10,MID,553
2011-09-10,EVE,740
2011-09-11,MID,153
2011-09-11,EVE,714
2011-09-12,MID,796
2011-09-12,EVE,775
2011-09-13,MID,542
2011-09-13,EVE,976
2011-09-14,MID,621
2011-09-14,EVE,580
2011-09-15,MID,561
2011-09-15,EVE,441
2011-09-16,MID,096
2011-09-16,EVE,618
2011-09-17,MID,420
2011-09-17,EVE,065
2011-09-18,MID,197
2011-09-18,EVE,266
2011-09-19,MID,201
2011-09-19,EVE,287
2011-09-20,MID,505
2011-09-20,EVE,032
2011-09-21,MID,111
2011-09-21,EVE,093
2011-09-22,MID,373
2011-09-22,EVE,482
2011-09-23,MID,159
2011-09-23,EVE,290
2011-09-24,MID,723
2011-09-24,EVE,720
2011-09-25,MID,522
2011-09-25,EVE,472
2011-09-26,MID,856
2011-09-26,EVE,950
2011-09-27,MID,110
2011-09-27,EVE,291
2011-09-28,MID,897
2011-09-28,EVE,445
2011-09-29,MID,280
2011-09-29,EVE,326
2011-09-30,MID,219
2011-09-30,EVE,407
2011-10-01,MID,539
2011-10-01,EVE,896
2011-10-02,MID,238
2011-10-02,EVE,284
2011-10-03,MID,638
2011-10-03,EVE,349
2011-10-04,MID,251
2011-10-04,EVE,411
2011-10-05,MID,767
2011-10-05,EVE,149
2011-10-06,MID,150
2011-10-06,EVE,408
2011-10-07,MID,632
2011-10-07,EVE,545
2011-10-08,MID,488
2011-10-08,EVE,566
2011-10-09,MID,349
2011-10-09,EVE,242
2011-10-10,MID,653
2011-10-10,EVE,459
2011-10-11,MID,326
2011-10-11,EVE,010
2011-10-12,MID,785
2011-10-12,EVE,223
2011-10-13,MID,109
2011-10-13,EVE,342
2011-10-14,MID,233
2011-10-14,EVE,074
2011-10-15,MID,550
2011-10-15,EVE,062
2011-10-16,MID,382
2011-10-16,EVE,519
2011-10-17,MID,545
2011-10-17,EVE,933
2011-10-18,MID,758
2011-10-18,EVE,029
2011-10-19,MID,932
2011-10-19,EVE,698
2011-10-20,MID,644
2011-10-20,EVE,754
2011-10-21,MID,502
2011-10-21,EVE,232
2011-10-22,MID,060
2011-10-22,EVE,396
2011-10-23,MID,030
2011-10-23,EVE,305
2011-10-24,MID,223
2011-10-24,EVE,569
2011-10-25,MID,197
2011-10-25,EVE,923
2011-10-26,MID,045
2011-10-26,EVE,379
2011-10-27,MID,656
2011-10-27,EVE,809
2011-10-28,MID,184
2011-10-28,EVE,187
2011-10-29,MID,266
2011-10-29,EVE,544
2011-10-30,MID,099
2011-10-30,EVE,279
2011-10-31,MID,756
2011-10-31,EVE,595
2011-11-01,MID,819
2011-11-01,EVE,952
2011-11-02,MID,988
2011-11-02,EVE,944
2011-11-03,MID,504
2011-11-03,EVE,638
2011-11-04,MID,452
2011-11-04,EVE,826
2011-11-05,MID,990
2011-11-05,EVE,091
2011-11-06,MID,343
2011-11-06,EVE,304
2011-11-07,MID,891
2011-11-07,EVE,434
2011-11-08,MID,706
2011-11-08,EVE,208
2011-11-09,MID,699
2011-11-09,EVE,711
2011-11-10,MID,201
2011-11-10,EVE,416
2011-11-11,MID,468
2011-11-11,EVE,211
2011-11-12,MID,488
2011-11-12,EVE,558
2011-11-13,MID,020
2011-11-13,EVE,829
2011-11-14,MID,102
2011-11-14,EVE,744
2011-11-15,MID,372
2011-11-15,EVE,561
2011-11-16,MID,274
2011-11-16,EVE,214
2011-11-17,MID,314
2011-11-17,EVE,932
2011-11-18,MID,577
2011-11-18,EVE,307
2011-11-19,MID,820
2011-11-19,EVE,689
2011-11-20,MID,903
2011-11-20,EVE,776
2011-11-21,MID,067
2011-11-21,EVE,980
2011-11-22,MID,671
2011-11-22,EVE,518
2011-11-23,MID,209
2011-11-23,EVE,565
2011-11-24,MID,677
2011-11-24,EVE,811
2011-11-25,MID,054
2011-11-25,EVE,190
2011-11-26,MID,073
2011-11-26,EVE,810
2011-11-27,MID,204
2011-11-27,EVE,981
2011-11-28,MID,314
2011-11-28,EVE,765
2011-11-29,MID,326
2011-11-29,EVE,125
2011-11-30,MID,553
2011-11-30,EVE,908
2011-12-01,MID,664
2011-12-01,EVE,142
2011-12-02,MID,206
2011-12-02,EVE,707
2011-12-03,MID,070
2011-12-03,EVE,055
2011-12-04,MID,977
2011-12-04,EVE,408
2011-12-05,MID,429
2011-12-05,EVE,366
2011-12-06,MID,465
2011-12-06,EVE,505
2011-12-07,MID,217
2011-12-07,EVE,511
2011-12-08,MID,973
2011-12-08,EVE,129
2011-12-09,MID,278
2011-12-09,EVE,413
2011-12-10,MID,267
2011-12-10,EVE,271
2011-12-11,MID,550
2011-12-11,EVE,507
2011-12-12,MID,326
2011-12-12,EVE,777
2011-12-13,MID,105
2011-12-13,EVE,872
2011-12-14,MID,426
2011-12-14,EVE,953
2011-12-15,MID,730
2011-12-15,EVE,501
2011-12-16,MID,234
2011-12-16,EVE,390
2011-12-17,MID,446
2011-12-17,EVE,487
2011-12-18,MID,713
2011-12-18,EVE,183
2011-12-19,MID,505
2011-12-19,EVE,122
2011-12-20,MID,284
2011-12-20,EVE,934
2011-12-21,MID,374
2011-12-21,EVE,310
2011-12-22,MID,182
2011-12-22,EVE,439
2011-12-23,MID,765
2011-12-23,EVE,408
2011-12-24,MID,466
2011-12-24,EVE,013
2011-12-25,MID,416
2011-12-25,EVE,346
2011-12-26,MID,963
2011-12-26,EVE,808
2011-12-27,MID,145
2011-12-27,EVE,584
2011-12-28,MID,320
2011-12-28,EVE,465
2011-12-29,MID,173
2011-12-29,EVE,815
2011-12-30,MID,147
2011-12-30,EVE,551
2011-12-31,MID,495
2011-12-31,EVE,446
2012-01-01,MID,021
2012-01-01,EVE,545
2012-01-02,MID,088
2012-01-02,EVE,417
2012-01-03,MID,818
2012-01-03,EVE,043
2012-01-04,MID,071
2012-01-04,EVE,675
2012-01-05,MID,116
2012-01-05,EVE,983
2012-01-06,MID,816
2012-01-06,EVE,849
2012-01-07,MID,331
2012-01-07,EVE,956
2012-01-08,MID,088
2012-01-08,EVE,368
2012-01-09,MID,644
2012-01-09,EVE,899
2012-01-10,MID,099
2012-01-10,EVE,174
2012-01-11,MID,984
2012-01-11,EVE,721
2012-01-12,MID,957
2012-01-12,EVE,597
2012-01-13,MID,706
2012-01-13,EVE,536
2012-01-14,MID,933
2012-01-14,EVE,198
2012-01-15,MID,982
2012-01-15,EVE,661
2012-01-16,MID,482
2012-01-16,EVE,924
2012-01-17,MID,419
2012-01-17,EVE,214
2012-01-18,MID,563
2012-01-18,EVE,519
2012-01-19,MID,620
2012-01-19,EVE,422
2012-01-20,MID,227
2012-01-20,EVE,986
2012-01-21,MID,797
2012-01-21,EVE,762
2012-01-22,MID,591
2012-01-22,EVE,753
2012-01-23,MID,331
2012-01-23,EVE,561
2012-01-24,MID,334
2012-01-24,EVE,737
2012-01-25,MID,269
2012-01-25,EVE,207
2012-01-26,MID,213
2012-01-26,EVE,124
2012-01-27,MID,789
2012-01-27,EVE,862
2012-01-28,MID,152
2012-01-28,EVE,229
2012-01-29,MID,261
2012-01-29,EVE,323
2012-01-30,MID,166
2012-01-30,EVE,258
2012-01-31,MID,227
2012-01-31,EVE,599
2012-02-01,MID,144
2012-02-01,EVE,592
2012-02-02,MID,733
2012-02-02,EVE,004
2012-02-03,MID,458
2012-02-03,EVE,889
2012-02-04,MID,965
2012-02-04,EVE,655
2012-02-05,MID,697
2012-02-05,EVE,917
2012-02-06,MID,309
2012-02-06,EVE,114
2012-02-07,MID,045
2012-02-07,EVE,835
2012-02-08,MID,183
2012-02-08,EVE,859
2012-02-09,MID,428
2012-02-09,EVE,158
2012-02-10,MID,611
2012-02-10,EVE,007
2012-02-11,MID,021
2012-02-11,EVE,734
2012-02-12,MID,964
2012-02-12,EVE,967
2012-02-13,MID,510
2012-02-13,EVE,753
2012-02-14,MID,848
2012-02-14,EVE,338
2012-02-15,MID,923
2012-02-15,EVE,828
2012-02-16,MID,675
2012-02-16,EVE,337
2012-02-17,MID,477
2012-02-17,EVE,910
2012-02-18,MID,630
2012-02-18,EVE,222
2012-02-19,MID,824
2012-02-19,EVE,144
2012-02-20,MID,188
2012-02-20,EVE,487
2012-02-21,MID,996
2012-02-21,EVE,820
2012-02-22,MID,205
2012-02-22,EVE,307
2012-02-23,MID,498
2012-02-23,EVE,017
2012-02-24,MID,217
2012-02-24,EVE,595
2012-02-25,MID,351
2012-02-25,EVE,495
2012-02-26,MID,676
2012-02-26,EVE,982
2012-02-27,MID,009
2012-02-27,EVE,971
2012-02-28,MID,859
2012-02-28,EVE,741
2012-02-29,MID,264
2012-02-29,EVE,749
2012-03-01,MID,109
2012-03-01,EVE,520
2012-03-02,MID,971
2012-03-02,EVE,466
2012-03-03,MID,195
2012-03-03,EVE,489
2012-03-04,MID,769
2012-03-04,EVE,567
2012-03-05,MID,985
2012-03-05,EVE,782
2012-03-06,MID,310
2012-03-06,EVE,775
2012-03-07,MID,426
2012-03-07,EVE,459
2012-03-08,MID,478
2012-03-08,EVE,822
2012-03-09,MID,299
2012-03-09,EVE,845
2012-03-10,MID,505
2012-03-10,EVE,345
2012-03-11,MID,149
2012-03-11,EVE,534
2012-03-12,MID,605
2012-03-12,EVE,763
2012-03-13,MID,561
2012-03-13,EVE,599
2012-03-14,MID,592
2012-03-14,EVE,309
2012-03-15,MID,702
2012-03-15,EVE,145
2012-03-16,MID,088
2012-03-16,EVE,777
2012-03-17,MID,953
2012-03-17,EVE,792
2012-03-18,MID,596
2012-03-18,EVE,190
2012-03-19,MID,961
2012-03-19,EVE,020
2012-03-20,MID,260
2012-03-20,EVE,273
2012-03-21,MID,561
2012-03-21,EVE,846
2012-03-22,MID,366
2012-03-22,EVE,072
2012-03-23,MID,110
2012-03-23,EVE,002
2012-03-24,MID,992
2012-03-24,EVE,001
2012-03-25,MID,902
2012-03-25,EVE,460
2012-03-26,MID,527
2012-03-26,EVE,552
2012-03-27,MID,085
2012-03-27,EVE,414
2012-03-28,MID,389
2012-03-28,EVE,811
2012-03-29,MID,290
2012-03-29,EVE,790
2012-03-30,MID,377
2012-03-30,EVE,155
2012-03-31,MID,214
2012-03-31,EVE,579
2012-04-01,MID,330
2012-04-01,EVE,657
2012-04-02,MID,957
2012-04-02,EVE,532
2012-04-03,MID,299
2012-04-03,EVE,801
2012-04-04,MID,137
2012-04-04,EVE,654
2012-04-05,MID,108
2012-04-05,EVE,649
2012-04-06,MID,664
2012-04-06,EVE,655
2012-04-07,MID,129
2012-04-07,EVE,892
2012-04-08,MID,130
2012-04-08,EVE,151
2012-04-09,MID,392
2012-04-09,EVE,182
2012-04-10,MID,511
2012-04-10,EVE,660
2012-04-11,MID,218
2012-04-11,EVE,019
2012-04-12,MID,833
2012-04-12,EVE,367
2012-04-13,MID,696
2012-04-13,EVE,230
2012-04-14,MID,388
2012-04-14,EVE,177
2012-04-15,MID,720
2012-04-15,EVE,383
2012-04-16,MID,619
2012-04-16,EVE,621
2012-04-17,MID,491
2012-04-17,EVE,966
2012-04-18,MID,275
2012-04-18,EVE,949
2012-04-19,MID,110
2012-04-19,EVE,170
2012-04-20,MID,828
2012-04-20,EVE,176
2012-04-21,MID,064
2012-04-21,EVE,112
2012-04-22,MID,340
2012-04-22,EVE,942
2012-04-23,MID,330
2012-04-23,EVE,070
2012-04-24,MID,333
2012-04-24,EVE,845
2012-04-25,MID,910
2012-04-25,EVE,224
2012-04-26,MID,572
2012-04-26,EVE,510
2012-04-27,MID,403
2012-04-27,EVE,098
2012-04-28,MID,064
2012-04-28,EVE,113
2012-04-29,MID,673
2012-04-29,EVE,795
2012-04-30,MID,218
2012-04-30,EVE,729
2012-05-01,MID,144
2012-05-01,EVE,306
2012-05-02,MID,606
2012-05-02,EVE,824
2012-05-03,MID,150
2012-05-03,EVE,924
2012-05-04,MID,081
2012-05-04,EVE,801
2012-05-05,MID,332
2012-05-05,EVE,433
2012-05-06,MID,153
2012-05-06,EVE,452
2012-05-07,MID,146
2012-05-07,EVE,584
2012-05-08,MID,471
2012-05-08,EVE,854
2012-05-09,MID,189
2012-05-09,EVE,135
2012-05-10,MID,134
2012-05-10,EVE,037
2012-05-11,MID,584
2012-05-11,EVE,571
2012-05-12,MID,432
2012-05-12,EVE,758
2012-05-13,MID,889
2012-05-13,EVE,732
2012-05-14,MID,211
2012-05-14,EVE,274
2012-05-15,MID,369
2012-05-15,EVE,668
2012-05-16,MID,551
2012-05-16,EVE,783
2012-05-17,MID,074
2012-05-17,EVE,375
2012-05-18,MID,195
2012-05-18,EVE,854
2012-05-19,MID,289
2012-05-19,EVE,488
2012-05-20,MID,046
2012-05-20,EVE,488
2012-05-21,MID,203
2012-05-21,EVE,673
2012-05-22,MID,140
2012-05-22,EVE,984
2012-05-23,MID,586
2012-05-23,EVE,245
2012-05-24,MID,593
2012-05-24,EVE,209
2012-05-25,MID,669
2012-05-25,EVE,356
2012-05-26,MID,706
2012-05-26,EVE,898
2012-05-27,MID,012
2012-05-27,EVE,177
2012-05-28,MID,293
2012-05-28,EVE,007
2012-05-29,MID,674
2012-05-29,EVE,224
2012-05-30,MID,237
2012-05-30,EVE,869
2012-05-31,MID,673
2012-05-31,EVE,697
2012-06-01,MID,473
2012-06-01,EVE,808
2012-06-02,MID,426
2012-06-02,EVE,047
2012-06-03,MID,864
2012-06-03,EVE,002
2012-06-04,MID,685
2012-06-04,EVE,003
2012-06-05,MID,313
2012-06-05,EVE,908
2012-06-06,MID,987
2012-06-06,EVE,370
2012-06-07,MID,147
2012-06-07,EVE,271
2012-06-08,MID,713
2012-06-08,EVE,283
2012-06-09,MID,197
2012-06-09,EVE,440
2012-06-10,MID,527
2012-06-10,EVE,128
2012-06-11,MID,413
2012-06-11,EVE,559
2012-06-12,MID,905
2012-06-12,EVE,965
2012-06-13,MID,173
2012-06-13,EVE,922
2012-06-14,MID,000
2012-06-14,EVE,219
2012-06-15,MID,992
2012-06-15,EVE,164
2012-06-16,MID,014
2012-06-16,EVE,473
2012-06-17,MID,183
2012-06-17,EVE,356
2012-06-18,MID,559
2012-06-18,EVE,785
2012-06-19,MID,383
2012-06-19,EVE,319
2012-06-20,MID,600
2012-06-20,EVE,424
2012-06-21,MID,678
2012-06-21,EVE,114
2012-06-22,MID,665
2012-06-22,EVE,524
2012-06-23,MID,552
2012-06-23,EVE,151
2012-06-24,MID,837
2012-06-24,EVE,139
2012-06-25,MID,693
2012-06-25,EVE,869
2012-06-26,MID,983
2012-06-26,EVE,008
2012-06-27,MID,065
2012-06-27,EVE,287
2012-06-28,MID,600
2012-06-28,EVE,283
2012-06-29,MID,897
2012-06-29,EVE,282
2012-06-30,MID,176
2012-06-30,EVE,007
2012-07-01,MID,317
2012-07-01,EVE,478
2012-07-02,MID,864
2012-07-02,EVE,843
2012-07-03,MID,309
2012-07-03,EVE,616
2012-07-04,MID,798
2012-07-04,EVE,586
2012-07-05,MID,308
2012-07-05,EVE,934
2012-07-06,MID,920
2012-07-06,EVE,905
2012-07-07,MID,186
2012-07-07,EVE,081
2012-07-08,MID,213
2012-07-08,EVE,700
2012-07-09,MID,357
2012-07-09,EVE,894
2012-07-10,MID,556
2012-07-10,EVE,875
2012-07-11,MID,256
2012-07-11,EVE,665
2012-07-12,MID,705
2012-07-12,EVE,649
2012-07-13,MID,330
2012-07-13,EVE,321
2012-07-14,MID,075
2012-07-14,EVE,121
2012-07-15,MID,760
2012-07-15,EVE,462
2012-07-16,MID,112
2012-07-16,EVE,486
2012-07-17,MID,000
2012-07-17,EVE,108
2012-07-18,MID,723
2012-07-18,EVE,646
2012-07-19,MID,733
2012-07-19,EVE,544
2012-07-20,MID,241
2012-07-20,EVE,639
2012-07-21,MID,811
2012-07-21,EVE,597
2012-07-22,MID,711
2012-07-22,EVE,595
2012-07-23,MID,831
2012-07-23,EVE,342
2012-07-24,MID,126
2012-07-24,EVE,035
2012-07-25,MID,803
2012-07-25,EVE,721
2012-07-26,MID,898
2012-07-26,EVE,300
2012-07-27,MID,964
2012-07-27,EVE,007
2012-07-28,MID,739
2012-07-28,EVE,875
2012-07-29,MID,701
2012-07-29,EVE,585
2012-07-30,MID,250
2012-07-30,EVE,729
2012-07-31,MID,449
2012-07-31,EVE,908
2012-08-01,MID,327
2012-08-01,EVE,419
2012-08-02,MID,454
2012-08-02,EVE,087
2012-08-03,MID,549
2012-08-03,EVE,759
2012-08-04,MID,252
2012-08-04,EVE,609
2012-08-05,MID,566
2012-08-05,EVE,631
2012-08-06,MID,525
2012-08-06,EVE,288
2012-08-07,MID,286
2012-08-07,EVE,664
2012-08-08,MID,908
2012-08-08,EVE,959
2012-08-09,MID,840
2012-08-09,EVE,136
2012-08-10,MID,492
2012-08-10,EVE,686
2012-08-11,MID,596
2012-08-11,EVE,300
2012-08-12,MID,996
2012-08-12,EVE,419
2012-08-13,MID,925
2012-08-13,EVE,970
2012-08-14,MID,195
2012-08-14,EVE,877
2012-08-15,MID,182
2012-08-15,EVE,346
2012-08-16,MID,973
2012-08-16,EVE,957
2012-08-17,MID,927
2012-08-17,EVE,344
2012-08-18,MID,808
2012-08-18,EVE,778
2012-08-19,MID,688
2012-08-19,EVE,554
2012-08-20,MID,752
2012-08-20,EVE,047
2012-08-21,MID,159
2012-08-21,EVE,954
2012-08-22,MID,988
2012-08-22,EVE,789
2012-08-23,MID,186
2012-08-23,EVE,475
2012-08-24,MID,137
2012-08-24,EVE,944
2012-08-25,MID,981
2012-08-25,EVE,472
2012-08-26,MID,601
2012-08-26,EVE,324
2012-08-27,MID,364
2012-08-27,EVE,867
2012-08-28,MID,415
2012-08-28,EVE,752
2012-08-29,MID,422
2012-08-29,EVE,336
2012-08-30,MID,229
2012-08-30,EVE,272
2012-08-31,MID,527
2012-08-31,EVE,422
2012-09-01,MID,951
2012-09-01,EVE,963
2012-09-02,MID,615
2012-09-02,EVE,499
2012-09-03,MID,918
2012-09-03,EVE,409
2012-09-04,MID,224
2012-09-04,EVE,180
2012-09-05,MID,560
2012-09-05,EVE,662
2012-09-06,MID,437
2012-09-06,EVE,447
2012-09-07,MID,651
2012-09-07,EVE,111
2012-09-08,MID,259
2012-09-08,EVE,258
2012-09-09,MID,954
2012-09-09,EVE,256
2012-09-10,MID,973
2012-09-10,EVE,096
2012-09-11,MID,918
2012-09-11,EVE,847
2012-09-12,MID,995
2012-09-12,EVE,792
2012-09-13,MID,519
2012-09-13,EVE,303
2012-09-14,MID,722
2012-09-14,EVE,574
2012-09-15,MID,055
2012-09-15,EVE,900
2012-09-16,MID,844
2012-09-16,EVE,514
2012-09-17,MID,399
2012-09-17,EVE,766
2012-09-18,MID,550
2012-09-18,EVE,209
2012-09-19,MID,650
2012-09-19,EVE,518
2012-09-20,MID,490
2012-09-20,EVE,337
2012-09-21,MID,332
2012-09-21,EVE,739
2012-09-22,MID,169
2012-09-22,EVE,325
2012-09-23,MID,399
2012-09-23,EVE,711
2012-09-24,MID,340
2012-09-24,EVE,978
2012-09-25,MID,338
2012-09-25,EVE,357
2012-09-26,MID,842
2012-09-26,EVE,800
2012-09-27,MID,911
2012-09-27,EVE,571
2012-09-28,MID,916
2012-09-28,EVE,285
2012-09-29,MID,011
2012-09-29,EVE,284
2012-09-30,MID,595
2012-09-30,EVE,911
2012-10-01,MID,973
2012-10-01,EVE,407
2012-10-02,MID,228
2012-10-02,EVE,000
2012-10-03,MID,384
2012-10-03,EVE,304
2012-10-04,MID,307
2012-10-04,EVE,292
2012-10-05,MID,119
2012-10-05,EVE,619
2012-10-06,MID,101
2012-10-06,EVE,285
2012-10-07,MID,201
2012-10-07,EVE,355
2012-10-08,MID,915
2012-10-08,EVE,097
2012-10-09,MID,588
2012-10-09,EVE,513
2012-10-10,MID,660
2012-10-10,EVE,995
2012-10-11,MID,659
2012-10-11,EVE,576
2012-10-12,MID,347
2012-10-12,EVE,504
2012-10-13,MID,879
2012-10-13,EVE,373
2012-10-14,MID,124
2012-10-14,EVE,632
2012-10-15,MID,016
2012-10-15,EVE,516
2012-10-16,MID,346
2012-10-16,EVE,136
2012-10-17,MID,466
2012-10-17,EVE,426
2012-10-18,MID,474
2012-10-18,EVE,570
2012-10-19,MID,139
2012-10-19,EVE,901
2012-10-20,MID,472
2012-10-20,EVE,579
2012-10-21,MID,875
2012-10-21,EVE,908
2012-10-22,MID,260
2012-10-22,EVE,161
2012-10-23,MID,664
2012-10-23,EVE,799
2012-10-24,MID,423
2012-10-24,EVE,148
2012-10-25,MID,953
2012-10-25,EVE,246
2012-10-26,MID,576
2012-10-26,EVE,809
2012-10-27,MID,152
2012-10-27,EVE,128
2012-10-28,MID,554
2012-10-28,EVE,327
2012-10-29,MID,690
2012-10-29,EVE,055
2012-10-30,MID,295
2012-10-30,EVE,646
2012-10-31,MID,002
2012-10-31,EVE,534
2012-11-01,MID,877
2012-11-01,EVE,448
2012-11-02,MID,539
2012-11-02,EVE,880
2012-11-03,MID,805
2012-11-03,EVE,473
2012-11-04,MID,983
2012-11-04,EVE,916
2012-11-05,MID,058
2012-11-05,EVE,131
2012-11-06,MID,240
2012-11-06,EVE,211
2012-11-07,MID,113
2012-11-07,EVE,903
2012-11-08,MID,533
2012-11-08,EVE,254
2012-11-09,MID,192
2012-11-09,EVE,533
2012-11-10,MID,128
2012-11-10,EVE,267
2012-11-11,MID,654
2012-11-11,EVE,494
2012-11-12,MID,268
2012-11-12,EVE,997
2012-11-13,MID,610
2012-11-13,EVE,590
2012-11-14,MID,702
2012-11-14,EVE,671
2012-11-15,MID,956
2012-11-15,EVE,215
2012-11-16,MID,687
2012-11-16,EVE,883
2012-11-17,MID,664
2012-11-17,EVE,600
2012-11-18,MID,487
2012-11-18,EVE,774
2012-11-19,MID,962
2012-11-19,EVE,092
2012-11-20,MID,416
2012-11-20,EVE,031
2012-11-21,MID,020
2012-11-21,EVE,353
2012-11-22,MID,654
2012-11-22,EVE,842
2012-11-23,MID,408
2012-11-23,EVE,066
2012-11-24,MID,076
2012-11-24,EVE,611
2012-11-25,MID,642
2012-11-25,EVE,057
2012-11-26,MID,050
2012-11-26,EVE,252
2012-11-27,MID,491
2012-11-27,EVE,190
2012-11-28,MID,480
2012-11-28,EVE,453
2012-11-29,MID,626
2012-11-29,EVE,986
2012-11-30,MID,489
2012-11-30,EVE,135
2012-12-01,MID,533
2012-12-01,EVE,709
2012-12-02,MID,400
2012-12-02,EVE,900
2012-12-03,MID,907
2012-12-03,EVE,312
2012-12-04,MID,956
2012-12-04,EVE,236
2012-12-05,MID,748
2012-12-05,EVE,817
2012-12-06,MID,716
2012-12-06,EVE,774
2012-12-07,MID,966
2012-12-07,EVE,388
2012-12-08,MID,107
2012-12-08,EVE,962
2012-12-09,MID,472
2012-12-09,EVE,205
2012-12-10,MID,995
2012-12-10,EVE,429
2012-12-11,MID,281
2012-12-11,EVE,064
2012-12-12,MID,278
2012-12-12,EVE,864
2012-12-13,MID,131
2012-12-13,EVE,970
2012-12-14,MID,953
2012-12-14,EVE,376
2012-12-15,MID,894
2012-12-15,EVE,152
2012-12-16,MID,421
2012-12-16,EVE,872
2012-12-17,MID,479
2012-12-17,EVE,718
2012-12-18,MID,855
2012-12-18,EVE,407
2012-12-19,MID,718
2012-12-19,EVE,028
2012-12-20,MID,220
2012-12-20,EVE,048
2012-12-21,MID,192
2012-12-21,EVE,326
2012-12-22,MID,718
2012-12-22,EVE,995
2012-12-23,MID,946
2012-12-23,EVE,506
2012-12-24,MID,129
2012-12-24,EVE,296
2012-12-25,MID,642
2012-12-25,EVE,520
2012-12-26,MID,180
2012-12-26,EVE,085
2012-12-27,MID,174
2012-12-27,EVE,202
2012-12-28,MID,134
2012-12-28,EVE,245
2012-12-29,MID,362
2012-12-29,EVE,304
2012-12-30,MID,460
2012-12-30,EVE,400
2012-12-31,MID,912
2012-12-31,EVE,593
2013-01-01,MID,223
2013-01-01,EVE,367
2013-01-02,MID,827
2013-01-02,EVE,391
2013-01-03,MID,645
2013-01-03,EVE,871
2013-01-04,MID,139
2013-01-04,EVE,386
2013-01-05,MID,146
2013-01-05,EVE,229
2013-01-06,MID,872
2013-01-06,EVE,423
2013-01-07,MID,146
2013-01-07,EVE,117
2013-01-08,MID,485
2013-01-08,EVE,910
2013-01-09,MID,128
2013-01-09,EVE,705
2013-01-10,MID,158
2013-01-10,EVE,894
2013-01-11,MID,626
2013-01-11,EVE,164
2013-01-12,MID,188
2013-01-12,EVE,729
2013-01-13,MID,306
2013-01-13,EVE,152
2013-01-14,MID,054
2013-01-14,EVE,173
2013-01-15,MID,963
2013-01-15,EVE,535
2013-01-16,MID,128
2013-01-16,EVE,030
2013-01-17,MID,444
2013-01-17,EVE,672
2013-01-18,MID,849
2013-01-18,EVE,317
2013-01-19,MID,614
2013-01-19,EVE,690
2013-01-20,MID,441
2013-01-20,EVE,259
2013-01-21,MID,019
2013-01-21,EVE,537
2013-01-22,MID,087
2013-01-22,EVE,475
2013-01-23,MID,285
2013-01-23,EVE,829
2013-01-24,MID,616
2013-01-24,EVE,830
2013-01-25,MID,799
2013-01-25,EVE,721
2013-01-26,MID,125
2013-01-26,EVE,072
2013-01-27,MID,049
2013-01-27,EVE,520
2013-01-28,MID,078
2013-01-28,EVE,002
2013-01-29,MID,849
2013-01-29,EVE,880
2013-01-30,MID,481
2013-01-30,EVE,551
2013-01-31,MID,246
2013-01-31,EVE,917
2013-02-01,MID,406
2013-02-01,EVE,359
2013-02-02,MID,341
2013-02-02,EVE,745
2013-02-03,MID,957
2013-02-03,EVE,618
2013-02-04,MID,318
2013-02-04,EVE,412
2013-02-05,MID,375
2013-02-05,EVE,446
2013-02-06,MID,025
2013-02-06,EVE,326
2013-02-07,MID,936
2013-02-07,EVE,280
2013-02-08,MID,843
2013-02-08,EVE,605
2013-02-09,MID,773
2013-02-09,EVE,738
2013-02-10,MID,392
2013-02-10,EVE,548
2013-02-11,MID,782
2013-02-11,EVE,147
2013-02-12,MID,028
2013-02-12,EVE,490
2013-02-13,MID,784
2013-02-13,EVE,092
2013-02-14,MID,511
2013-02-14,EVE,113
2013-02-15,MID,340
2013-02-15,EVE,395
2013-02-16,MID,197
2013-02-16,EVE,420
2013-02-17,MID,767
2013-02-17,EVE,165
2013-02-18,MID,461
2013-02-18,EVE,405
2013-02-19,MID,279
2013-02-19,EVE,716
2013-02-20,MID,374
2013-02-20,EVE,213
2013-02-21,MID,866
2013-02-21,EVE,282
2013-02-22,MID,699
2013-02-22,EVE,195
2013-02-23,MID,316
2013-02-23,EVE,436
2013-02-24,MID,120
2013-02-24,EVE,319
2013-02-25,MID,442
2013-02-25,EVE,610
2013-02-26,MID,523
2013-02-26,EVE,147
2013-02-27,MID,400
2013-02-27,EVE,895
2013-02-28,MID,803
2013-02-28,EVE,791
2013-03-01,MID,204
2013-03-01,EVE,810
2013-03-02,MID,809
2013-03-02,EVE,510
2013-03-03,MID,415
2013-03-03,EVE,437
2013-03-04,MID,747
2013-03-04,EVE,431
2013-03-05,MID,807
2013-03-05,EVE,195
2013-03-06,MID,778
2013-03-06,EVE,825
2013-03-07,MID,960
2013-03-07,EVE,495
2013-03-08,MID,382
2013-03-08,EVE,980
2013-03-09,MID,501
2013-03-09,EVE,154
2013-03-10,MID,560
2013-03-10,EVE,869
2013-03-11,MID,032
2013-03-11,EVE,838
2013-03-12,MID,515
2013-03-12,EVE,831
2013-03-13,MID,223
2013-03-13,EVE,789
2013-03-14,MID,149
2013-03-14,EVE,474
2013-03-15,MID,657
2013-03-15,EVE,147
2013-03-16,MID,158
2013-03-16,EVE,446
2013-03-17,MID,217
2013-03-17,EVE,326
2013-03-18,MID,186
2013-03-18,EVE,504
2013-03-19,MID,780
2013-03-19,EVE,983
2013-03-20,MID,543
2013-03-20,EVE,084
2013-03-21,MID,901
2013-03-21,EVE,444
2013-03-22,MID,272
2013-03-22,EVE,711
2013-03-23,MID,111
2013-03-23,EVE,305
2013-03-24,MID,366
2013-03-24,EVE,657
2013-03-25,MID,648
2013-03-25,EVE,826
2013-03-26,MID,537
2013-03-26,EVE,232
2013-03-27,MID,675
2013-03-27,EVE,047
2013-03-28,MID,423
2013-03-28,EVE,635
2013-03-29,MID,656
2013-03-29,EVE,024
2013-03-30,MID,613
2013-03-30,EVE,503
2013-03-31,MID,170
2013-03-31,EVE,118
2013-04-01,MID,020
2013-04-01,EVE,572
2013-04-02,MID,630
2013-04-02,EVE,035
2013-04-03,MID,806
2013-04-03,EVE,959
2013-04-04,MID,938
2013-04-04,EVE,634
2013-04-05,MID,095
2013-04-05,EVE,717
2013-04-06,MID,848
2013-04-06,EVE,114
2013-04-07,MID,179
2013-04-07,EVE,584
2013-04-08,MID,925
2013-04-08,EVE,462
2013-04-09,MID,786
2013-04-09,EVE,342
2013-04-10,MID,002
2013-04-10,EVE,441
2013-04-11,MID,276
2013-04-11,EVE,151
2013-04-12,MID,110
2013-04-12,EVE,551
2013-04-13,MID,337
2013-04-13,EVE,419
2013-04-14,MID,224
2013-04-14,EVE,927
2013-04-15,MID,959
2013-04-15,EVE,860
2013-04-16,MID,016
2013-04-16,EVE,145
2013-04-17,MID,293
2013-04-17,EVE,099
2013-04-18,MID,239
2013-04-18,EVE,136
2013-04-19,MID,600
2013-04-19,EVE,727
2013-04-20,MID,275
2013-04-20,EVE,119
2013-04-21,MID,811
2013-04-21,EVE,163
2013-04-22,MID,650
2013-04-22,EVE,036
2013-04-23,MID,224
2013-04-23,EVE,871
2013-04-24,MID,035
2013-04-24,EVE,781
2013-04-25,MID,679
2013-04-25,EVE,479
2013-04-26,MID,779
2013-04-26,EVE,617
2013-04-27,MID,778
2013-04-27,EVE,051
2013-04-28,MID,820
2013-04-28,EVE,830
2013-04-29,MID,966
2013-04-29,EVE,438
2013-04-30,MID,416
2013-04-30,EVE,305
2013-05-01,MID,829
2013-05-01,EVE,775
2013-05-02,MID,754
2013-05-02,EVE,695
2013-05-03,MID,959
2013-05-03,EVE,463
2013-05-04,MID,935
2013-05-04,EVE,811
2013-05-05,MID,573
2013-05-05,EVE,211
2013-05-06,MID,442
2013-05-06,EVE,176
2013-05-07,MID,637
2013-05-07,EVE,002
2013-05-08,MID,909
2013-05-08,EVE,337
2013-05-09,MID,557
2013-05-09,EVE,216
2013-05-10,MID,367
2013-05-10,EVE,957
2013-05-11,MID,850
2013-05-11,EVE,165
2013-05-12,MID,395
2013-05-12,EVE,168
2013-05-13,MID,809
2013-05-13,EVE,489
2013-05-14,MID,858
2013-05-14,EVE,366
2013-05-15,MID,485
2013-05-15,EVE,734
2013-05-16,MID,239
2013-05-16,EVE,771
2013-05-17,MID,111
2013-05-17,EVE,914
2013-05-18,MID,924
2013-05-18,EVE,869
2013-05-19,MID,376
2013-05-19,EVE,915
2013-05-20,MID,609
2013-05-20,EVE,797
2013-05-21,MID,918
2013-05-21,EVE,044
2013-05-22,MID,806
2013-05-22,EVE,488
2013-05-23,MID,589
2013-05-23,EVE,185
2013-05-24,MID,331
2013-05-24,EVE,641
2013-05-25,MID,951
2013-05-25,EVE,996
2013-05-26,MID,129
2013-05-26,EVE,194
2013-05-27,MID,399
2013-05-27,EVE,891
2013-05-28,MID,342
2013-05-28,EVE,073
2013-05-29,MID,721
2013-05-29,EVE,736
2013-05-30,MID,328
2013-05-30,EVE,018
2013-05-31,MID,838
2013-05-31,EVE,196
2013-06-01,MID,406
2013-06-01,EVE,206
2013-06-02,MID,459
2013-06-02,EVE,916
2013-06-03,MID,949
2013-06-03,EVE,399
2013-06-04,MID,432
2013-06-04,EVE,637
2013-06-05,MID,144
2013-06-05,EVE,822
2013-06-06,MID,213
2013-06-06,EVE,569
2013-06-07,MID,325
2013-06-07,EVE,680
2013-06-08,MID,778
2013-06-08,EVE,526
2013-06-09,MID,387
2013-06-09,EVE,187
2013-06-10,MID,111
2013-06-10,EVE,747
2013-06-11,MID,071
2013-06-11,EVE,078
2013-06-12,MID,880
2013-06-12,EVE,417
2013-06-13,MID,796
2013-06-13,EVE,950
2013-06-14,MID,067
2013-06-14,EVE,237
2013-06-15,MID,191
2013-06-15,EVE,817
2013-06-16,MID,964
2013-06-16,EVE,762
2013-06-17,MID,799
2013-06-17,EVE,523
2013-06-18,MID,211
2013-06-18,EVE,083
2013-06-19,MID,278
2013-06-19,EVE,875
2013-06-20,MID,265
2013-06-20,EVE,276
2013-06-21,MID,511
2013-06-21,EVE,825
2013-06-22,MID,302
2013-06-22,EVE,262
2013-06-23,MID,032
2013-06-23,EVE,437
2013-06-24,MID,643
2013-06-24,EVE,529
2013-06-25,MID,346
2013-06-25,EVE,628
2013-06-26,MID,006
2013-06-26,EVE,601
2013-06-27,MID,158
2013-06-27,EVE,993
2013-06-28,MID,421
2013-06-28,EVE,036
2013-06-29,MID,327
2013-06-29,EVE,609
2013-06-30,MID,948
2013-06-30,EVE,645
2013-07-01,MID,481
2013-07-01,EVE,435
2013-07-02,MID,684
2013-07-02,EVE,848
2013-07-03,MID,712
2013-07-03,EVE,709
2013-07-04,MID,946
2013-07-04,EVE,511
2013-07-05,MID,718
2013-07-05,EVE,439
2013-07-06,MID,477
2013-07-06,EVE,561
2013-07-07,MID,529
2013-07-07,EVE,146
2013-07-08,MID,971
2013-07-08,EVE,117
2013-07-09,MID,453
2013-07-09,EVE,230
2013-07-10,MID,567
2013-07-10,EVE,317
2013-07-11,MID,589
2013-07-11,EVE,033
2013-07-12,MID,978
2013-07-12,EVE,137
2013-07-13,MID,893
2013-07-13,EVE,721
2013-07-14,MID,735
2013-07-14,EVE,311
2013-07-15,MID,419
2013-07-15,EVE,106
2013-07-16,MID,678
2013-07-16,EVE,493
2013-07-17,MID,014
2013-07-17,EVE,201
2013-07-18,MID,850
2013-07-18,EVE,363
2013-07-19,MID,271
2013-07-19,EVE,537
2013-07-20,MID,839
2013-07-20,EVE,784
2013-07-21,MID,534
2013-07-21,EVE,698
2013-07-22,MID,089
2013-07-22,EVE,236
2013-07-23,MID,312
2013-07-23,EVE,311
2013-07-24,MID,513
2013-07-24,EVE,130
2013-07-25,MID,632
2013-07-25,EVE,994
2013-07-26,MID,350
2013-07-26,EVE,843
2013-07-27,MID,978
2013-07-27,EVE,497
2013-07-28,MID,692
2013-07-28,EVE,095
2013-07-29,MID,144
2013-07-29,EVE,266
2013-07-30,MID,038
2013-07-30,EVE,900
2013-07-31,MID,298
2013-07-31,EVE,935
2013-08-01,MID,818
2013-08-01,EVE,761
2013-08-02,MID,363
2013-08-02,EVE,006
2013-08-03,MID,468
2013-08-03,EVE,508
2013-08-04,MID,131
2013-08-04,EVE,502
2013-08-05,MID,711
2013-08-05,EVE,214
2013-08-06,MID,104
2013-08-06,EVE,720
2013-08-07,MID,578
2013-08-07,EVE,483
2013-08-08,MID,774
2013-08-08,EVE,528
2013-08-09,MID,309
2013-08-09,EVE,121
2013-08-10,MID,707
2013-08-10,EVE,308
2013-08-11,MID,011
2013-08-11,EVE,747
2013-08-12,MID,205
2013-08-12,EVE,390
2013-08-13,MID,174
2013-08-13,EVE,651
2013-08-14,MID,602
2013-08-14,EVE,089
2013-08-15,MID,580
2013-08-15,EVE,292
2013-08-16,MID,937
2013-08-16,EVE,192
2013-08-17,MID,165
2013-08-17,EVE,413
2013-08-18,MID,008
2013-08-18,EVE,657
2013-08-19,MID,645
2013-08-19,EVE,240
2013-08-20,MID,148
2013-08-20,EVE,496
2013-08-21,MID,940
2013-08-21,EVE,718
2013-08-22,MID,818
2013-08-22,EVE,088
2013-08-23,MID,621
2013-08-23,EVE,083
2013-08-24,MID,601
2013-08-24,EVE,033
2013-08-25,MID,072
2013-08-25,EVE,377
2013-08-26,MID,105
2013-08-26,EVE,096
2013-08-27,MID,791
2013-08-27,EVE,746
2013-08-28,MID,928
2013-08-28,EVE,896
2013-08-29,MID,657
2013-08-29,EVE,543
2013-08-30,MID,169
2013-08-30,EVE,847
2013-08-31,MID,370
2013-08-31,EVE,454
2013-09-01,MID,777
2013-09-01,EVE,182
2013-09-02,MID,934
2013-09-02,EVE,299
2013-09-03,MID,348
2013-09-03,EVE,731
2013-09-04,MID,715
2013-09-04,EVE,649
2013-09-05,MID,305
2013-09-05,EVE,310
2013-09-06,MID,291
2013-09-06,EVE,705
2013-09-07,MID,866
2013-09-07,EVE,717
2013-09-08,MID,979
2013-09-08,EVE,387
2013-09-09,MID,482
2013-09-09,EVE,219
2013-09-10,MID,450
2013-09-10,EVE,278
2013-09-11,MID,910
2013-09-11,EVE,556
2013-09-12,MID,404
2013-09-12,EVE,983
2013-09-13,MID,236
2013-09-13,EVE,312
2013-09-14,MID,631
2013-09-14,EVE,380
2013-09-15,MID,494
2013-09-15,EVE,683
2013-09-16,MID,567
2013-09-16,EVE,172
2013-09-17,MID,887
2013-09-17,EVE,883
2013-09-18,MID,073
2013-09-18,EVE,788
2013-09-19,MID,956
2013-09-19,EVE,760
2013-09-20,MID,365
2013-09-20,EVE,030
2013-09-21,MID,880
2013-09-21,EVE,916
2013-09-22,MID,296
2013-09-22,EVE,696
2013-09-23,MID,013
2013-09-23,EVE,571
2013-09-24,MID,085
2013-09-24,EVE,478
2013-09-25,MID,039
2013-09-25,EVE,582
2013-09-26,MID,537
2013-09-26,EVE,722
2013-09-27,MID,432
2013-09-27,EVE,545
2013-09-28,MID,149
2013-09-28,EVE,489
2013-09-29,MID,558
2013-09-29,EVE,763
2013-09-30,MID,465
2013-09-30,EVE,781
2013-10-01,MID,432
2013-10-01,EVE,850
2013-10-02,MID,375
2013-10-02,EVE,322
2013-10-03,MID,479
2013-10-03,EVE,206
2013-10-04,MID,776
2013-10-04,EVE,482
2013-10-05,MID,739
2013-10-05,EVE,964
2013-10-06,MID,232
2013-10-06,EVE,943
2013-10-07,MID,854
2013-10-07,EVE,944
2013-10-08,MID,176
2013-10-08,EVE,994
2013-10-09,MID,063
2013-10-09,EVE,707
2013-10-10,MID,276
2013-10-10,EVE,973
2013-10-11,MID,493
2013-10-11,EVE,783
2013-10-12,MID,803
2013-10-12,EVE,774
2013-10-13,MID,532
2013-10-13,EVE,658
2013-10-14,MID,928
2013-10-14,EVE,725
2013-10-15,MID,217
2013-10-15,EVE,449
2013-10-16,MID,298
2013-10-16,EVE,665
2013-10-17,MID,640
2013-10-17,EVE,818
2013-10-18,MID,944
2013-10-18,EVE,178
2013-10-19,MID,809
2013-10-19,EVE,505
2013-10-20,MID,448
2013-10-20,EVE,799
2013-10-21,MID,169
2013-10-21,EVE,076
2013-10-22,MID,037
2013-10-22,EVE,571
2013-10-23,MID,145
2013-10-23,EVE,583
2013-10-24,MID,573
2013-10-24,EVE,215
2013-10-25,MID,497
2013-10-25,EVE,174
2013-10-26,MID,125
2013-10-26,EVE,663
2013-10-27,MID,338
2013-10-27,EVE,054
2013-10-28,MID,596
2013-10-28,EVE,522
2013-10-29,MID,179
2013-10-29,EVE,385
2013-10-30,MID,280
2013-10-30,EVE,802
2013-10-31,MID,940
2013-10-31,EVE,255
2013-11-01,MID,133
2013-11-01,EVE,869
2013-11-02,MID,777
2013-11-02,EVE,947
2013-11-03,MID,532
2013-11-03,EVE,212
2013-11-04,MID,267
2013-11-04,EVE,476
2013-11-05,MID,002
2013-11-05,EVE,369
2013-11-06,MID,641
2013-11-06,EVE,973
2013-11-07,MID,665
2013-11-07,EVE,398
2013-11-08,MID,539
2013-11-08,EVE,949
2013-11-09,MID,072
2013-11-09,EVE,230
2013-11-10,MID,225
2013-11-10,EVE,027
2013-11-11,MID,634
2013-11-11,EVE,489
2013-11-12,MID,188
2013-11-12,EVE,366
2013-11-13,MID,748
2013-11-13,EVE,105
2013-11-14,MID,216
2013-11-14,EVE,939
2013-11-15,MID,652
2013-11-15,EVE,395
2013-11-16,MID,601
2013-11-16,EVE,186
2013-11-17,MID,740
2013-11-17,EVE,555
2013-11-18,MID,885
2013-11-18,EVE,023
2013-11-19,MID,796
2013-11-19,EVE,042
2013-11-20,MID,294
2013-11-20,EVE,336
2013-11-21,MID,836
2013-11-21,EVE,173
2013-11-22,MID,866
2013-11-22,EVE,452
2013-11-23,MID,863
2013-11-23,EVE,175
2013-11-24,MID,912
2013-11-24,EVE,447
2013-11-25,MID,374
2013-11-25,EVE,820
2013-11-26,MID,522
2013-11-26,EVE,275
2013-11-27,MID,023
2013-11-27,EVE,236
2013-11-28,MID,604
2013-11-28,EVE,836
2013-11-29,MID,101
2013-11-29,EVE,360
2013-11-30,MID,802
2013-11-30,EVE,693
2013-12-01,MID,006
2013-12-01,EVE,833
2013-12-02,MID,364
2013-12-02,EVE,766
2013-12-03,MID,739
2013-12-03,EVE,557
2013-12-04,MID,634
2013-12-04,EVE,312
2013-12-05,MID,711
2013-12-05,EVE,084
2013-12-06,MID,243
2013-12-06,EVE,646
2013-12-07,MID,962
2013-12-07,EVE,194
2013-12-08,MID,615
2013-12-08,EVE,170
2013-12-09,MID,163
2013-12-09,EVE,437
2013-12-10,MID,095
2013-12-10,EVE,340
2013-12-11,MID,367
2013-12-11,EVE,563
2013-12-12,MID,078
2013-12-12,EVE,452
2013-12-13,MID,868
2013-12-13,EVE,257
2013-12-14,MID,945
2013-12-14,EVE,646
2013-12-15,MID,164
2013-12-15,EVE,308
2013-12-16,MID,370
2013-12-16,EVE,079
2013-12-17,MID,685
2013-12-17,EVE,368
2013-12-18,MID,177
2013-12-18,EVE,237
2013-12-19,MID,322
2013-12-19,EVE,241
2013-12-20,MID,017
2013-12-20,EVE,321
2013-12-21,MID,351
2013-12-21,EVE,292
2013-12-22,MID,366
2013-12-22,EVE,547
2013-12-23,MID,684
2013-12-23,EVE,066
2013-12-24,MID,208
2013-12-24,EVE,522
2013-12-25,MID,325
2013-12-25,EVE,638
2013-12-26,MID,379
2013-12-26,EVE,153
2013-12-27,MID,286
2013-12-27,EVE,093
2013-12-28,MID,443
2013-12-28,EVE,624
2013-12-29,MID,359
2013-12-29,EVE,660
2013-12-30,MID,688
2013-12-30,EVE,025
2013-12-31,MID,145
2013-12-31,EVE,754
2014-01-01,MID,913
2014-01-01,EVE,792
2014-01-02,MID,228
2014-01-02,EVE,803
2014-01-03,MID,383
2014-01-03,EVE,291
2014-01-04,MID,224
2014-01-04,EVE,618
2014-01-05,MID,812
2014-01-05,EVE,508
2014-01-06,MID,684
2014-01-06,EVE,449
2014-01-07,MID,394
2014-01-07,EVE,228
2014-01-08,MID,962
2014-01-08,EVE,103
2014-01-09,MID,737
2014-01-09,EVE,655
2014-01-10,MID,153
2014-01-10,EVE,041
2014-01-11,MID,168
2014-01-11,EVE,628
2014-01-12,MID,391
2014-01-12,EVE,090
2014-01-13,MID,429
2014-01-13,EVE,569
2014-01-14,MID,072
2014-01-14,EVE,304
2014-01-15,MID,621
2014-01-15,EVE,395
2014-01-16,MID,178
2014-01-16,EVE,591
2014-01-17,MID,923
2014-01-17,EVE,267
2014-01-18,MID,131
2014-01-18,EVE,327
2014-01-19,MID,925
2014-01-19,EVE,723
2014-01-20,MID,077
2014-01-20,EVE,134
2014-01-21,MID,479
2014-01-21,EVE,064
2014-01-22,MID,444
2014-01-22,EVE,061
2014-01-23,MID,100
2014-01-23,EVE,745
2014-01-24,MID,432
2014-01-24,EVE,224
2014-01-25,MID,968
2014-01-25,EVE,681
2014-01-26,MID,320
2014-01-26,EVE,915
2014-01-27,MID,892
2014-01-27,EVE,743
2014-01-28,MID,251
2014-01-28,EVE,334
2014-01-29,MID,514
2014-01-29,EVE,830
2014-01-30,MID,230
2014-01-30,EVE,605
2014-01-31,MID,496
2014-01-31,EVE,559
2014-02-01,MID,650
2014-02-01,EVE,729
2014-02-02,MID,742
2014-02-02,EVE,173
2014-02-03,MID,633
2014-02-03,EVE,409
2014-02-04,MID,194
2014-02-04,EVE,638
2014-02-05,MID,982
2014-02-05,EVE,845
2014-02-06,MID,441
2014-02-06,EVE,910
2014-02-07,MID,107
2014-02-07,EVE,604
2014-02-08,MID,377
2014-02-08,EVE,674
2014-02-09,MID,185
2014-02-09,EVE,586
2014-02-10,MID,927
2014-02-10,EVE,668
2014-02-11,MID,770
2014-02-11,EVE,542
2014-02-12,MID,074
2014-02-12,EVE,738
2014-02-13,MID,978
2014-02-13,EVE,172
2014-02-14,MID,966
2014-02-14,EVE,962
2014-02-15,MID,214
2014-02-15,EVE,594
2014-02-16,MID,590
2014-02-16,EVE,117
2014-02-17,MID,604
2014-02-17,EVE,201
2014-02-18,MID,132
2014-02-18,EVE,867
2014-02-19,MID,842
2014-02-19,EVE,244
2014-02-20,MID,430
2014-02-20,EVE,221
2014-02-21,MID,776
2014-02-21,EVE,430
2014-02-22,MID,010
2014-02-22,EVE,305
2014-02-23,MID,460
2014-02-23,EVE,230
2014-02-24,MID,655
2014-02-24,EVE,583
2014-02-25,MID,943
2014-02-25,EVE,125
2014-02-26,MID,831
2014-02-26,EVE,122
2014-02-27,MID,808
2014-02-27,EVE,091
2014-02-28,MID,779
2014-02-28,EVE,441
2014-03-01,MID,618
2014-03-01,EVE,942
2014-03-02,MID,068
2014-03-02,EVE,253
2014-03-03,MID,898
2014-03-03,EVE,882
2014-03-04,MID,980
2014-03-04,EVE,088
2014-03-05,MID,296
2014-03-05,EVE,572
2014-03-06,MID,008
2014-03-06,EVE,888
2014-03-07,MID,246
2014-03-07,EVE,523
2014-03-08,MID,499
2014-03-08,EVE,209
2014-03-09,MID,991
2014-03-09,EVE,981
2014-03-10,MID,117
2014-03-10,EVE,817
2014-03-11,MID,994
2014-03-11,EVE,522
2014-03-12,MID,434
2014-03-12,EVE,827
2014-03-13,MID,487
2014-03-13,EVE,907
2014-03-14,MID,763
2014-03-14,EVE,381
2014-03-15,MID,991
2014-03-15,EVE,535
2014-03-16,MID,261
2014-03-16,EVE,736
2014-03-17,MID,945
2014-03-17,EVE,257
2014-03-18,MID,685
2014-03-18,EVE,603
2014-03-19,MID,944
2014-03-19,EVE,493
2014-03-20,MID,401
2014-03-20,EVE,166
2014-03-21,MID,485
2014-03-21,EVE,642
2014-03-22,MID,023
2014-03-22,EVE,817
2014-03-23,MID,454
2014-03-23,EVE,708
2014-03-24,MID,790
2014-03-24,EVE,142
2014-03-25,MID,169
2014-03-25,EVE,158
2014-03-26,MID,065
2014-03-26,EVE,378
2014-03-27,MID,020
2014-03-27,EVE,644
2014-03-28,MID,195
2014-03-28,EVE,967
2014-03-29,MID,617
2014-03-29,EVE,309
2014-03-30,MID,166
2014-03-30,EVE,915
2014-03-31,MID,172
2014-03-31,EVE,976
2014-04-01,MID,556
2014-04-01,EVE,797
2014-04-02,MID,193
2014-04-02,EVE,385
2014-04-03,MID,671
2014-04-03,EVE,858
2014-04-04,MID,139
2014-04-04,EVE,743
2014-04-05,MID,605
2014-04-05,EVE,193
2014-04-06,MID,058
2014-04-06,EVE,691
2014-04-07,MID,261
2014-04-07,EVE,694
2014-04-08,MID,637
2014-04-08,EVE,699
2014-04-09,MID,929
2014-04-09,EVE,687
2014-04-10,MID,878
2014-04-10,EVE,721
2014-04-11,MID,645
2014-04-11,EVE,723
2014-04-12,MID,235
2014-04-12,EVE,596
2014-04-13,MID,317
2014-04-13,EVE,348
2014-04-14,MID,182
2014-04-14,EVE,338
2014-04-15,MID,131
2014-04-15,EVE,794
2014-04-16,MID,936
2014-04-16,EVE,941
2014-04-17,MID,581
2014-04-17,EVE,958
2014-04-18,MID,149
2014-04-18,EVE,306
2014-04-19,MID,551
2014-04-19,EVE,380
2014-04-20,MID,765
2014-04-20,EVE,727
2014-04-21,MID,859
2014-04-21,EVE,734
2014-04-22,MID,883
2014-04-22,EVE,702
2014-04-23,MID,634
2014-04-23,EVE,520
2014-04-24,MID,387
2014-04-24,EVE,148
2014-04-25,MID,183
2014-04-25,EVE,648
2014-04-26,MID,580
2014-04-26,EVE,084
2014-04-27,MID,795
2014-04-27,EVE,555
2014-04-28,MID,409
2014-04-28,EVE,165
2014-04-29,MID,839
2014-04-29,EVE,196
2014-04-30,MID,814
2014-04-30,EVE,164
2014-05-01,MID,795
2014-05-01,EVE,931
2014-05-02,MID,836
2014-05-02,EVE,999
2014-05-03,MID,717
2014-05-03,EVE,918
2014-05-04,MID,247
2014-05-04,EVE,262
2014-05-05,MID,171
2014-05-05,EVE,605
2014-05-06,MID,332
2014-05-06,EVE,880
2014-05-07,MID,967
2014-05-07,EVE,423
2014-05-08,MID,962
2014-05-08,EVE,055
2014-05-09,MID,239
2014-05-09,EVE,094
2014-05-10,MID,517
2014-05-10,EVE,142
2014-05-11,MID,743
2014-05-11,EVE,087
2014-05-12,MID,737
2014-05-12,EVE,276
2014-05-13,MID,514
2014-05-13,EVE,753
2014-05-14,MID,974
2014-05-14,EVE,962
2014-05-15,MID,734
2014-05-15,EVE,504
2014-05-16,MID,982
2014-05-16,EVE,598
2014-05-17,MID,734
2014-05-17,EVE,969
2014-05-18,MID,560
2014-05-18,EVE,721
2014-05-19,MID,679
2014-05-19,EVE,100
2014-05-20,MID,368
2014-05-20,EVE,688
2014-05-21,MID,583
2014-05-21,EVE,299
2014-05-22,MID,969
2014-05-22,EVE,254
2014-05-23,MID,414
2014-05-23,EVE,481
2014-05-24,MID,399
2014-05-24,EVE,416
2014-05-25,MID,745
2014-05-25,EVE,194
2014-05-26,MID,433
2014-05-26,EVE,060
2014-05-27,MID,950
2014-05-27,EVE,452
2014-05-28,MID,296
2014-05-28,EVE,531
2014-05-29,MID,727
2014-05-29,EVE,843
2014-05-30,MID,256
2014-05-30,EVE,296
2014-05-31,MID,088
2014-05-31,EVE,516
2014-06-01,MID,821
2014-06-01,EVE,888
2014-06-02,MID,194
2014-06-02,EVE,075
2014-06-03,MID,778
2014-06-03,EVE,693
2014-06-04,MID,613
2014-06-04,EVE,566
2014-06-05,MID,437
2014-06-05,EVE,906
2014-06-06,MID,351
2014-06-06,EVE,924
2014-06-07,MID,669
2014-06-07,EVE,061
2014-06-08,MID,586
2014-06-08,EVE,818
2014-06-09,MID,686
2014-06-09,EVE,936
2014-06-10,MID,175
2014-06-10,EVE,842
2014-06-11,MID,117
2014-06-11,EVE,729
2014-06-12,MID,736
2014-06-12,EVE,443
2014-06-13,MID,764
2014-06-13,EVE,510
2014-06-14,MID,347
2014-06-14,EVE,286
2014-06-15,MID,839
2014-06-15,EVE,294
2014-06-16,MID,020
2014-06-16,EVE,328
2014-06-17,MID,295
2014-06-17,EVE,437
2014-06-18,MID,757
2014-06-18,EVE,842
2014-06-19,MID,043
2014-06-19,EVE,329
2014-06-20,MID,735
2014-06-20,EVE,782
2014-06-21,MID,526
2014-06-21,EVE,984
2014-06-22,MID,640
2014-06-22,EVE,999
2014-06-23,MID,786
2014-06-23,EVE,056
2014-06-24,MID,250
2014-06-24,EVE,095
2014-06-25,MID,354
2014-06-25,EVE,979
2014-06-26,MID,315
2014-06-26,EVE,964
2014-06-27,MID,725
2014-06-27,EVE,530
2014-06-28,MID,825
2014-06-28,EVE,455
2014-06-29,MID,915
2014-06-29,EVE,933
2014-06-30,MID,696
2014-06-30,EVE,774
2014-07-01,MID,219
2014-07-01,EVE,801
2014-07-02,MID,668
2014-07-02,EVE,463
2014-07-03,MID,068
2014-07-03,EVE,599
2014-07-04,MID,455
2014-07-04,EVE,189
2014-07-05,MID,195
2014-07-05,EVE,472
2014-07-06,MID,702
2014-07-06,EVE,504
2014-07-07,MID,685
2014-07-07,EVE,447
2014-07-08,MID,657
2014-07-08,EVE,331
2014-07-09,MID,363
2014-07-09,EVE,990
2014-07-10,MID,752
2014-07-10,EVE,989
2014-07-11,MID,635
2014-07-11,EVE,195
2014-07-12,MID,962
2014-07-12,EVE,763
2014-07-13,MID,404
2014-07-13,EVE,213
2014-07-14,MID,973
2014-07-14,EVE,438
2014-07-15,MID,426
2014-07-15,EVE,735
2014-07-16,MID,170
2014-07-16,EVE,580
2014-07-17,MID,959
2014-07-17,EVE,179
2014-07-18,MID,372
2014-07-18,EVE,043
2014-07-19,MID,565
2014-07-19,EVE,924
2014-07-20,MID,342
2014-07-20,EVE,393
2014-07-21,MID,390
2014-07-21,EVE,318
2014-07-22,MID,734
2014-07-22,EVE,808
2014-07-23,MID,354
2014-07-23,EVE,106
2014-07-24,MID,922
2014-07-24,EVE,361
2014-07-25,MID,163
2014-07-25,EVE,411
2014-07-26,MID,126
2014-07-26,EVE,149
2014-07-27,MID,940
2014-07-27,EVE,881
2014-07-28,MID,566
2014-07-28,EVE,073
2014-07-29,MID,730
2014-07-29,EVE,581
2014-07-30,MID,323
2014-07-30,EVE,370
2014-07-31,MID,746
2014-07-31,EVE,766
2014-08-01,MID,021
2014-08-01,EVE,769
2014-08-02,MID,874
2014-08-02,EVE,211
2014-08-03,MID,990
2014-08-03,EVE,514
2014-08-04,MID,484
2014-08-04,EVE,652
2014-08-05,MID,233
2014-08-05,EVE,025
2014-08-06,MID,025
2014-08-06,EVE,317
2014-08-07,MID,650
2014-08-07,EVE,838
2014-08-08,MID,206
2014-08-08,EVE,936
2014-08-09,MID,309
2014-08-09,EVE,527
2014-08-10,MID,023
2014-08-10,EVE,205
2014-08-11,MID,361
2014-08-11,EVE,948
2014-08-12,MID,943
2014-08-12,EVE,111
2014-08-13,MID,153
2014-08-13,EVE,896
2014-08-14,MID,439
2014-08-14,EVE,573
2014-08-15,MID,180
2014-08-15,EVE,199
2014-08-16,MID,515
2014-08-16,EVE,692
2014-08-17,MID,911
2014-08-17,EVE,147
2014-08-18,MID,827
2014-08-18,EVE,344
2014-08-19,MID,484
2014-08-19,EVE,498
2014-08-20,MID,701
2014-08-20,EVE,739
2014-08-21,MID,976
2014-08-21,EVE,950
2014-08-22,MID,964
2014-08-22,EVE,303
2014-08-23,MID,719
2014-08-23,EVE,964
2014-08-24,MID,862
2014-08-24,EVE,236
2014-08-25,MID,213
2014-08-25,EVE,055
2014-08-26,MID,689
2014-08-26,EVE,185
2014-08-27,MID,060
2014-08-27,EVE,626
2014-08-28,MID,798
2014-08-28,EVE,301
2014-08-29,MID,971
2014-08-29,EVE,985
2014-08-30,MID,774
2014-08-30,EVE,613
2014-08-31,MID,118
2014-08-31,EVE,353
2014-09-01,MID,130
2014-09-01,EVE,465
2014-09-02,MID,883
2014-09-02,EVE,646
2014-09-03,MID,905
2014-09-03,EVE,228
2014-09-04,MID,111
2014-09-04,EVE,024
2014-09-05,MID,529
2014-09-05,EVE,421
2014-09-06,MID,965
2014-09-06,EVE,614
2014-09-07,MID,393
2014-09-07,EVE,418
2014-09-08,MID,620
2014-09-08,EVE,599
2014-09-09,MID,698
2014-09-09,EVE,526
2014-09-10,MID,618
2014-09-10,EVE,979
2014-09-11,MID,002
2014-09-11,EVE,882
2014-09-12,MID,942
2014-09-12,EVE,376
2014-09-13,MID,119
2014-09-13,EVE,111
2014-09-14,MID,087
2014-09-14,EVE,378
2014-09-15,MID,402
2014-09-15,EVE,234
2014-09-16,MID,075
2014-09-16,EVE,172
2014-09-17,MID,669
2014-09-17,EVE,828
2014-09-18,MID,845
2014-09-18,EVE,057
2014-09-19,MID,291
2014-09-19,EVE,041
2014-09-20,MID,702
2014-09-20,EVE,281
2014-09-21,MID,248
2014-09-21,EVE,906
2014-09-22,MID,614
2014-09-22,EVE,702
2014-09-23,MID,990
2014-09-23,EVE,506
2014-09-24,MID,589
2014-09-24,EVE,737
2014-09-25,MID,526
2014-09-25,EVE,173
2014-09-26,MID,716
2014-09-26,EVE,585
2014-09-27,MID,977
2014-09-27,EVE,679
2014-09-28,MID,026
2014-09-28,EVE,853
2014-09-29,MID,757
2014-09-29,EVE,187
2014-09-30,MID,664
2014-09-30,EVE,403
2014-10-01,MID,517
2014-10-01,EVE,447
2014-10-02,MID,712
2014-10-02,EVE,518
2014-10-03,MID,907
2014-10-03,EVE,320
2014-10-04,MID,338
2014-10-04,EVE,939
2014-10-05,MID,700
2014-10-05,EVE,068
2014-10-06,MID,035
2014-10-06,EVE,689
2014-10-07,MID,008
2014-10-07,EVE,517
2014-10-08,MID,138
2014-10-08,EVE,942
2014-10-09,MID,778
2014-10-09,EVE,857
2014-10-10,MID,326
2014-10-10,EVE,833
2014-10-11,MID,376
2014-10-11,EVE,047
2014-10-12,MID,389
2014-10-12,EVE,536
2014-10-13,MID,955
2014-10-13,EVE,065
2014-10-14,MID,252
2014-10-14,EVE,341
2014-10-15,MID,879
2014-10-15,EVE,406
2014-10-16,MID,597
2014-10-16,EVE,163
2014-10-17,MID,263
2014-10-17,EVE,151
2014-10-18,MID,911
2014-10-18,EVE,947
2014-10-19,MID,912
2014-10-19,EVE,748
2014-10-20,MID,026
2014-10-20,EVE,053
2014-10-21,MID,992
2014-10-21,EVE,625
2014-10-22,MID,966
2014-10-22,EVE,970
2014-10-23,MID,154
2014-10-23,EVE,457
2014-10-24,MID,191
2014-10-24,EVE,596
2014-10-25,MID,547
2014-10-25,EVE,319
2014-10-26,MID,315
2014-10-26,EVE,438
2014-10-27,MID,810
2014-10-27,EVE,145
2014-10-28,MID,477
2014-10-28,EVE,170
2014-10-29,MID,180
2014-10-29,EVE,551
2014-10-30,MID,602
2014-10-30,EVE,135
2014-10-31,MID,587
2014-10-31,EVE,325
2014-11-01,MID,404
2014-11-01,EVE,052
2014-11-02,MID,684
2014-11-02,EVE,579
2014-11-03,MID,044
2014-11-03,EVE,317
2014-11-04,MID,219
2014-11-04,EVE,851
2014-11-05,MID,152
2014-11-05,EVE,540
2014-11-06,MID,046
2014-11-06,EVE,733
2014-11-07,MID,407
2014-11-07,EVE,103
2014-11-08,MID,684
2014-11-08,EVE,762
2014-11-09,MID,880
2014-11-09,EVE,057
2014-11-10,MID,630
2014-11-10,EVE,540
2014-11-11,MID,663
2014-11-11,EVE,087
2014-11-12,MID,472
2014-11-12,EVE,339
2014-11-13,MID,832
2014-11-13,EVE,135
2014-11-14,MID,118
2014-11-14,EVE,460
2014-11-15,MID,273
2014-11-15,EVE,334
2014-11-16,MID,627
2014-11-16,EVE,466
2014-11-17,MID,104
2014-11-17,EVE,863
2014-11-18,MID,370
2014-11-18,EVE,482
2014-11-19,MID,655
2014-11-19,EVE,157
2014-11-20,MID,984
2014-11-20,EVE,380
2014-11-21,MID,564
2014-11-21,EVE,011
2014-11-22,MID,492
2014-11-22,EVE,305
2014-11-23,MID,807
2014-11-23,EVE,810
2014-11-24,MID,647
2014-11-24,EVE,118
2014-11-25,MID,924
2014-11-25,EVE,154
2014-11-26,MID,759
2014-11-26,EVE,308
2014-11-27,MID,351
2014-11-27,EVE,487
2014-11-28,MID,557
2014-11-28,EVE,924
2014-11-29,MID,044
2014-11-29,EVE,375
2014-11-30,MID,293
2014-11-30,EVE,545
2014-12-01,MID,171
2014-12-01,EVE,228
2014-12-02,MID,054
2014-12-02,EVE,440
2014-12-03,MID,316
2014-12-03,EVE,225
2014-12-04,MID,238
2014-12-04,EVE,869
2014-12-05,MID,861
2014-12-05,EVE,777
2014-12-06,MID,830
2014-12-06,EVE,280
2014-12-07,MID,956
2014-12-07,EVE,157
2014-12-08,MID,337
2014-12-08,EVE,835
2014-12-09,MID,147
2014-12-09,EVE,525
2014-12-10,MID,928
2014-12-10,EVE,421
2014-12-11,MID,668
2014-12-11,EVE,179
2014-12-12,MID,313
2014-12-12,EVE,019
2014-12-13,MID,598
2014-12-13,EVE,621
2014-12-14,MID,244
2014-12-14,EVE,973
2014-12-15,MID,286
2014-12-15,EVE,742
2014-12-16,MID,460
2014-12-16,EVE,662
2014-12-17,MID,421
2014-12-17,EVE,928
2014-12-18,MID,007
2014-12-18,EVE,417
2014-12-19,MID,148
2014-12-19,EVE,158
2014-12-20,MID,549
2014-12-20,EVE,531
2014-12-21,MID,097
2014-12-21,EVE,984
2014-12-22,MID,574
2014-12-22,EVE,772
2014-12-23,MID,969
2014-12-23,EVE,983
2014-12-24,MID,247
2014-12-24,EVE,577
2014-12-25,MID,081
2014-12-25,EVE,406
2014-12-26,MID,211
2014-12-26,EVE,534
2014-12-27,MID,839
2014-12-27,EVE,053
2014-12-28,MID,916
2014-12-28,EVE,940
2014-12-29,MID,273
2014-12-29,EVE,508
2014-12-30,MID,363
2014-12-30,EVE,294
2014-12-31,MID,519
2014-12-31,EVE,611
2015-01-01,MID,151
2015-01-01,EVE,041
2015-01-02,MID,874
2015-01-02,EVE,860
2015-01-03,MID,698
2015-01-03,EVE,813
2015-01-04,MID,154
2015-01-04,EVE,334
2015-01-05,MID,342
2015-01-05,EVE,586
2015-01-06,MID,406
2015-01-06,EVE,187
2015-01-07,MID,684
2015-01-07,EVE,046
2015-01-08,MID,915
2015-01-08,EVE,430
2015-01-09,MID,377
2015-01-09,EVE,277
2015-01-10,MID,602
2015-01-10,EVE,953
2015-01-11,MID,403
2015-01-11,EVE,632
2015-01-12,MID,216
2015-01-12,EVE,485
2015-01-13,MID,121
2015-01-13,EVE,932
2015-01-14,MID,448
2015-01-14,EVE,954
2015-01-15,MID,686
2015-01-15,EVE,830
2015-01-16,MID,679
2015-01-16,EVE,726
2015-01-17,MID,343
2015-01-17,EVE,471
2015-01-18,MID,102
2015-01-18,EVE,895
2015-01-19,MID,568
2015-01-19,EVE,845
2015-01-20,MID,206
2015-01-20,EVE,140
2015-01-21,MID,683
2015-01-21,EVE,101
2015-01-22,MID,920
2015-01-22,EVE,608
2015-01-23,MID,757
2015-01-23,EVE,934
2015-01-24,MID,440
2015-01-24,EVE,552
2015-01-25,MID,986
2015-01-25,EVE,074
2015-01-26,MID,696
2015-01-26,EVE,960
2015-01-27,MID,448
2015-01-27,EVE,116
2015-01-28,MID,090
2015-01-28,EVE,096
2015-01-29,MID,955
2015-01-29,EVE,891
2015-01-30,MID,686
2015-01-30,EVE,864
2015-01-31,MID,030
2015-01-31,EVE,539
2015-02-01,MID,894
2015-02-01,EVE,853
2015-02-02,MID,438
2015-02-02,EVE,304
2015-02-03,MID,095
2015-02-03,EVE,990
2015-02-04,MID,115
2015-02-04,EVE,351
2015-02-05,MID,195
2015-02-05,EVE,270
2015-02-06,MID,995
2015-02-06,EVE,049
2015-02-07,MID,375
2015-02-07,EVE,673
2015-02-08,MID,953
2015-02-08,EVE,077
2015-02-09,MID,573
2015-02-09,EVE,735
2015-02-10,MID,792
2015-02-10,EVE,446
2015-02-11,MID,902
2015-02-11,EVE,734
2015-02-12,MID,758
2015-02-12,EVE,357
2015-02-13,MID,181
2015-02-13,EVE,411
2015-02-14,MID,280
2015-02-14,EVE,445
2015-02-15,MID,753
2015-02-15,EVE,061
2015-02-16,MID,270
2015-02-16,EVE,747
2015-02-17,MID,931
2015-02-17,EVE,579
2015-02-18,MID,472
2015-02-18,EVE,370
2015-02-19,MID,298
2015-02-19,EVE,963
2015-02-20,MID,115
2015-02-20,EVE,767
2015-02-21,MID,392
2015-02-21,EVE,442
2015-02-22,MID,871
2015-02-22,EVE,369
2015-02-23,MID,436
2015-02-23,EVE,620
2015-02-24,MID,100
2015-02-24,EVE,890
2015-02-25,MID,414
2015-02-25,EVE,585
2015-02-26,MID,608
2015-02-26,EVE,055
2015-02-27,MID,395
2015-02-27,EVE,068
2015-02-28,MID,110
2015-02-28,EVE,348
2015-03-01,MID,942
2015-03-01,EVE,222
2015-03-02,MID,847
2015-03-02,EVE,749
2015-03-03,MID,555
2015-03-03,EVE,829
2015-03-04,MID,093
2015-03-04,EVE,337
2015-03-05,MID,111
2015-03-05,EVE,669
2015-03-06,MID,460
2015-03-06,EVE,253
2015-03-07,MID,596
2015-03-07,EVE,785
2015-03-08,MID,600
2015-03-08,EVE,999
2015-03-09,MID,063
2015-03-09,EVE,827
2015-03-10,MID,762
2015-03-10,EVE,613
2015-03-11,MID,660
2015-03-11,EVE,455
2015-03-12,MID,762
2015-03-12,EVE,222
2015-03-13,MID,353
2015-03-13,EVE,060
2015-03-14,MID,273
2015-03-14,EVE,509
2015-03-15,MID,148
2015-03-15,EVE,316
2015-03-16,MID,403
2015-03-16,EVE,133
2015-03-17,MID,244
2015-03-17,EVE,413
2015-03-18,MID,547
2015-03-18,EVE,005
2015-03-19,MID,463
2015-03-19,EVE,538
2015-03-20,MID,667
2015-03-20,EVE,606
2015-03-21,MID,177
2015-03-21,EVE,453
2015-03-22,MID,888
2015-03-22,EVE,005
2015-03-23,MID,116
2015-03-23,EVE,297
2015-03-24,MID,328
2015-03-24,EVE,556
2015-03-25,MID,306
2015-03-25,EVE,451
2015-03-26,MID,234
2015-03-26,EVE,427
2015-03-27,MID,778
2015-03-27,EVE,121
2015-03-28,MID,822
2015-03-28,EVE,141
2015-03-29,MID,205
2015-03-29,EVE,365
2015-03-30,MID,578
2015-03-30,EVE,203
2015-03-31,MID,299
2015-03-31,EVE,736
2015-04-01,MID,978
2015-04-01,EVE,458
2015-04-02,MID,623
2015-04-02,EVE,629
2015-04-03,MID,279
2015-04-03,EVE,980
2015-04-04,MID,958
2015-04-04,EVE,455
2015-04-05,MID,817
2015-04-05,EVE,153
2015-04-06,MID,986
2015-04-06,EVE,682
2015-04-07,MID,340
2015-04-07,EVE,232
2015-04-08,MID,066
2015-04-08,EVE,762
2015-04-09,MID,429
2015-04-09,EVE,377
2015-04-10,MID,609
2015-04-10,EVE,590
2015-04-11,MID,212
2015-04-11,EVE,261
2015-04-12,MID,975
2015-04-12,EVE,407
2015-04-13,MID,694
2015-04-13,EVE,973
2015-04-14,MID,503
2015-04-14,EVE,210
2015-04-15,MID,670
2015-04-15,EVE,841
2015-04-16,MID,687
2015-04-16,EVE,104
2015-04-17,MID,219
2015-04-17,EVE,250
2015-04-18,MID,263
2015-04-18,EVE,166
2015-04-19,MID,918
2015-04-19,EVE,899
2015-04-20,MID,264
2015-04-20,EVE,909
2015-04-21,MID,089
2015-04-21,EVE,087
2015-04-22,MID,347
2015-04-22,EVE,214
2015-04-23,MID,735
2015-04-23,EVE,767
2015-04-24,MID,949
2015-04-24,EVE,954
2015-04-25,MID,449
2015-04-25,EVE,318
2015-04-26,MID,293
2015-04-26,EVE,696
2015-04-27,MID,928
2015-04-27,EVE,181
2015-04-28,MID,673
2015-04-28,EVE,855
2015-04-29,MID,883
2015-04-29,EVE,857
2015-04-30,MID,981
2015-04-30,EVE,358
2015-05-01,MID,477
2015-05-01,EVE,751
2015-05-02,MID,559
2015-05-02,EVE,201
2015-05-03,MID,285
2015-05-03,EVE,417
2015-05-04,MID,846
2015-05-04,EVE,221
2015-05-05,MID,192
2015-05-05,EVE,788
2015-05-06,MID,634
2015-05-06,EVE,724
2015-05-07,MID,209
2015-05-07,EVE,810
2015-05-08,MID,158
2015-05-08,EVE,286
2015-05-09,MID,044
2015-05-09,EVE,846
2015-05-10,MID,476
2015-05-10,EVE,290
2015-05-11,MID,894
2015-05-11,EVE,015
2015-05-12,MID,675
2015-05-12,EVE,541
2015-05-13,MID,537
2015-05-13,EVE,504
2015-05-14,MID,821
2015-05-14,EVE,630
2015-05-15,MID,250
2015-05-15,EVE,484
2015-05-16,MID,554
2015-05-16,EVE,969
2015-05-17,MID,746
2015-05-17,EVE,425
2015-05-18,MID,471
2015-05-18,EVE,026
2015-05-19,MID,239
2015-05-19,EVE,033
2015-05-20,MID,284
2015-05-20,EVE,987
2015-05-21,MID,806
2015-05-21,EVE,757
2015-05-22,MID,846
2015-05-22,EVE,336
2015-05-23,MID,752
2015-05-23,EVE,070
2015-05-24,MID,379
2015-05-24,EVE,031
2015-05-25,MID,253
2015-05-25,EVE,240
2015-05-26,MID,472
2015-05-26,EVE,710
2015-05-27,MID,039
2015-05-27,EVE,811
2015-05-28,MID,776
2015-05-28,EVE,715
2015-05-29,MID,449
2015-05-29,EVE,677
2015-05-30,MID,717
2015-05-30,EVE,930
2015-05-31,MID,599
2015-05-31,EVE,721
2015-06-01,MID,009
2015-06-01,EVE,927
2015-06-02,MID,989
2015-06-02,EVE,928
2015-06-03,MID,788
2015-06-03,EVE,240
2015-06-04,MID,476
2015-06-04,EVE,400
2015-06-05,MID,896
2015-06-05,EVE,470
2015-06-06,MID,011
2015-06-06,EVE,026
2015-06-07,MID,541
2015-06-07,EVE,858
2015-06-08,MID,707
2015-06-08,EVE,259
2015-06-09,MID,685
2015-06-09,EVE,328
2015-06-10,MID,099
2015-06-10,EVE,313
2015-06-11,MID,190
2015-06-11,EVE,418
2015-06-12,MID,353
2015-06-12,EVE,231
2015-06-13,MID,375
2015-06-13,EVE,188
2015-06-14,MID,174
2015-06-14,EVE,315
2015-06-15,MID,472
2015-06-15,EVE,686
2015-06-16,MID,885
2015-06-16,EVE,212
2015-06-17,MID,555
2015-06-17,EVE,201
2015-06-18,MID,770
2015-06-18,EVE,239
2015-06-19,MID,528
2015-06-19,EVE,729
2015-06-20,MID,764
2015-06-20,EVE,572
2015-06-21,MID,454
2015-06-21,EVE,422
2015-06-22,MID,823
2015-06-22,EVE,871
2015-06-23,MID,958
2015-06-23,EVE,418
2015-06-24,MID,726
2015-06-24,EVE,681
2015-06-25,MID,112
2015-06-25,EVE,435
2015-06-26,MID,690
2015-06-26,EVE,646
2015-06-27,MID,722
2015-06-27,EVE,755
2015-06-28,MID,613
2015-06-28,EVE,222
2015-06-29,MID,769
2015-06-29,EVE,665
2015-06-30,MID,406
2015-06-30,EVE,476
2015-07-01,MID,530
2015-07-01,EVE,766
2015-07-02,MID,926
2015-07-02,EVE,128
2015-07-03,MID,374
2015-07-03,EVE,646
2015-07-04,MID,170
2015-07-04,EVE,242
2015-07-05,MID,505
2015-07-05,EVE,267
2015-07-06,MID,083
2015-07-06,EVE,783
2015-07-07,MID,882
2015-07-07,EVE,350
2015-07-08,MID,827
2015-07-08,EVE,864
2015-07-09,MID,597
2015-07-09,EVE,404
2015-07-10,MID,571
2015-07-10,EVE,165
2015-07-11,MID,261
2015-07-11,EVE,212
2015-07-12,MID,747
2015-07-12,EVE,570
2015-07-13,MID,713
2015-07-13,EVE,374
2015-07-14,MID,173
2015-07-14,EVE,338
2015-07-15,MID,217
2015-07-15,EVE,064
2015-07-16,MID,382
2015-07-16,EVE,870
2015-07-17,MID,625
2015-07-17,EVE,982
2015-07-18,MID,381
2015-07-18,EVE,007
2015-07-19,MID,323
2015-07-19,EVE,304
2015-07-20,MID,088
2015-07-20,EVE,952
2015-07-21,MID,944
2015-07-21,EVE,945
2015-07-22,MID,446
2015-07-22,EVE,565
2015-07-23,MID,808
2015-07-23,EVE,099
2015-07-24,MID,859
2015-07-24,EVE,179
2015-07-25,MID,903
2015-07-25,EVE,423
2015-07-26,MID,010
2015-07-26,EVE,693
2015-07-27,MID,987
2015-07-27,EVE,047
2015-07-28,MID,356
2015-07-28,EVE,802
2015-07-29,MID,045
2015-07-29,EVE,167
2015-07-30,MID,605
2015-07-30,EVE,932
2015-07-31,MID,338
2015-07-31,EVE,228
2015-08-01,MID,404
2015-08-01,EVE,888
2015-08-02,MID,915
2015-08-02,EVE,174
2015-08-03,MID,906
2015-08-03,EVE,058
2015-08-04,MID,405
2015-08-04,EVE,022
2015-08-05,MID,077
2015-08-05,EVE,131
2015-08-06,MID,432
2015-08-06,EVE,727
2015-08-07,MID,746
2015-08-07,EVE,238
2015-08-08,MID,349
2015-08-08,EVE,801
2015-08-09,MID,515
2015-08-09,EVE,209
2015-08-10,MID,917
2015-08-10,EVE,604
2015-08-11,MID,531
2015-08-11,EVE,246
2015-08-12,MID,591
2015-08-12,EVE,508
2015-08-13,MID,944
2015-08-13,EVE,036
2015-08-14,MID,112
2015-08-14,EVE,420
2015-08-15,MID,104
2015-08-15,EVE,147
2015-08-16,MID,001
2015-08-16,EVE,313
2015-08-17,MID,989
2015-08-17,EVE,550
2015-08-18,MID,903
2015-08-18,EVE,527
2015-08-19,MID,409
2015-08-19,EVE,462
2015-08-20,MID,033
2015-08-20,EVE,365
2015-08-21,MID,633
2015-08-21,EVE,682
2015-08-22,MID,075
2015-08-22,EVE,890
2015-08-23,MID,016
2015-08-23,EVE,513
2015-08-24,MID,829
2015-08-24,EVE,527
2015-08-25,MID,456
2015-08-25,EVE,535
2015-08-26,MID,571
2015-08-26,EVE,646
2015-08-27,MID,386
2015-08-27,EVE,530
2015-08-28,MID,471
2015-08-28,EVE,979
2015-08-29,MID,250
2015-08-29,EVE,013
2015-08-30,MID,897
2015-08-30,EVE,203
2015-08-31,MID,881
2015-08-31,EVE,588
2015-09-01,MID,527
2015-09-01,EVE,982
2015-09-02,MID,918
2015-09-02,EVE,233
2015-09-03,MID,440
2015-09-03,EVE,645
2015-09-04,MID,674
2015-09-04,EVE,178
2015-09-05,MID,259
2015-09-05,EVE,267
2015-09-06,MID,370
2015-09-06,EVE,101
2015-09-07,MID,821
2015-09-07,EVE,349
2015-09-08,MID,783
2015-09-08,EVE,096
2015-09-09,MID,030
2015-09-09,EVE,448
2015-09-10,MID,049
2015-09-10,EVE,397
2015-09-11,MID,349
2015-09-11,EVE,230
2015-09-12,MID,846
2015-09-12,EVE,410
2015-09-13,MID,053
2015-09-13,EVE,060
2015-09-14,MID,400
2015-09-14,EVE,307
2015-09-15,MID,487
2015-09-15,EVE,833
2015-09-16,MID,840
2015-09-16,EVE,069
2015-09-17,MID,676
2015-09-17,EVE,062
2015-09-18,MID,321
2015-09-18,EVE,342
2015-09-19,MID,061
2015-09-19,EVE,068
2015-09-20,MID,347
2015-09-20,EVE,832
2015-09-21,MID,332
2015-09-21,EVE,489
2015-09-22,MID,303
2015-09-22,EVE,846
2015-09-23,MID,178
2015-09-23,EVE,599
2015-09-24,MID,202
2015-09-24,EVE,476
2015-09-25,MID,831
2015-09-25,EVE,572
2015-09-26,MID,894
2015-09-26,EVE,837
2015-09-27,MID,454
2015-09-27,EVE,525
2015-09-28,MID,793
2015-09-28,EVE,733
2015-09-29,MID,323
2015-09-29,EVE,898
2015-09-30,MID,287
2015-09-30,EVE,889
2015-10-01,MID,119
2015-10-01,EVE,296
2015-10-02,MID,531
2015-10-02,EVE,751
2015-10-03,MID,685
2015-10-03,EVE,988
2015-10-04,MID,534
2015-10-04,EVE,667
2015-10-05,MID,485
2015-10-05,EVE,793
2015-10-06,MID,684
2015-10-06,EVE,730
2015-10-07,MID,571
2015-10-07,EVE,704
2015-10-08,MID,123
2015-10-08,EVE,073
2015-10-09,MID,405
2015-10-09,EVE,691
2015-10-10,MID,755
2015-10-10,EVE,142
2015-10-11,MID,930
2015-10-11,EVE,880
2015-10-12,MID,821
2015-10-12,EVE,019
2015-10-13,MID,341
2015-10-13,EVE,967
2015-10-14,MID,767
2015-10-14,EVE,124
2015-10-15,MID,154
2015-10-15,EVE,039
2015-10-16,MID,480
2015-10-16,EVE,737
2015-10-17,MID,992
2015-10-17,EVE,145
2015-10-18,MID,317
2015-10-18,EVE,192
2015-10-19,MID,103
2015-10-19,EVE,128
2015-10-20,MID,840
2015-10-20,EVE,982
2015-10-21,MID,029
2015-10-21,EVE,198
2015-10-22,MID,479
2015-10-22,EVE,400
2015-10-23,MID,389
2015-10-23,EVE,641
2015-10-24,MID,302
2015-10-24,EVE,776
2015-10-25,MID,504
2015-10-25,EVE,781
2015-10-26,MID,489
2015-10-26,EVE,259
2015-10-27,MID,161
2015-10-27,EVE,606
2015-10-28,MID,406
2015-10-28,EVE,737
2015-10-29,MID,613
2015-10-29,EVE,451
2015-10-30,MID,022
2015-10-30,EVE,573
2015-10-31,MID,924
2015-10-31,EVE,901
2015-11-01,MID,477
2015-11-01,EVE,713
2015-11-02,MID,721
2015-11-02,EVE,466
2015-11-03,MID,062
2015-11-03,EVE,628
2015-11-04,MID,753
2015-11-04,EVE,784
2015-11-05,MID,352
2015-11-05,EVE,405
2015-11-06,MID,714
2015-11-06,EVE,473
2015-11-07,MID,186
2015-11-07,EVE,037
2015-11-08,MID,562
2015-11-08,EVE,208
2015-11-09,MID,682
2015-11-09,EVE,471
2015-11-10,MID,024
2015-11-10,EVE,997
2015-11-11,MID,304
2015-11-11,EVE,548
2015-11-12,MID,593
2015-11-12,EVE,162
2015-11-13,MID,634
2015-11-13,EVE,410
2015-11-14,MID,816
2015-11-14,EVE,707
2015-11-15,MID,784
2015-11-15,EVE,244
2015-11-16,MID,813
2015-11-16,EVE,002
2015-11-17,MID,607
2015-11-17,EVE,201
2015-11-18,MID,420
2015-11-18,EVE,917
2015-11-19,MID,561
2015-11-19,EVE,862
2015-11-20,MID,334
2015-11-20,EVE,372
2015-11-21,MID,233
2015-11-21,EVE,412
2015-11-22,MID,439
2015-11-22,EVE,087
2015-11-23,MID,118
2015-11-23,EVE,650
2015-11-24,MID,765
2015-11-24,EVE,661
2015-11-25,MID,721
2015-11-25,EVE,913
2015-11-26,MID,879
2015-11-26,EVE,643
2015-11-27,MID,629
2015-11-27,EVE,419
2015-11-28,MID,243
2015-11-28,EVE,278
2015-11-29,MID,066
2015-11-29,EVE,004
2015-11-30,MID,054
2015-11-30,EVE,371
2015-12-01,MID,294
2015-12-01,EVE,159
2015-12-02,MID,724
2015-12-02,EVE,657
2015-12-03,MID,394
2015-12-03,EVE,866
2015-12-04,MID,891
2015-12-04,EVE,055
2015-12-05,MID,833
2015-12-05,EVE,790
2015-12-06,MID,888
2015-12-06,EVE,323
2015-12-07,MID,502
2015-12-07,EVE,668
2015-12-08,MID,727
2015-12-08,EVE,304
2015-12-09,MID,082
2015-12-09,EVE,976
2015-12-10,MID,436
2015-12-10,EVE,374
2015-12-11,MID,122
2015-12-11,EVE,244
2015-12-12,MID,443
2015-12-12,EVE,411
2015-12-13,MID,894
2015-12-13,EVE,804
2015-12-14,MID,826
2015-12-14,EVE,880
2015-12-15,MID,669
2015-12-15,EVE,958
2015-12-16,MID,080
2015-12-16,EVE,829
2015-12-17,MID,952
2015-12-17,EVE,158
2015-12-18,MID,126
2015-12-18,EVE,620
2015-12-19,MID,988
2015-12-19,EVE,020
2015-12-20,MID,452
2015-12-20,EVE,175
2015-12-21,MID,281
2015-12-21,EVE,506
2015-12-22,MID,870
2015-12-22,EVE,894
2015-12-23,MID,156
2015-12-23,EVE,573
2015-12-24,MID,001
2015-12-24,EVE,424
2015-12-25,MID,217
2015-12-25,EVE,457
2015-12-26,MID,096
2015-12-26,EVE,077
2015-12-27,MID,047
2015-12-27,EVE,579
2015-12-28,MID,159
2015-12-28,EVE,395
2015-12-29,MID,830
2015-12-29,EVE,051
2015-12-30,MID,158
2015-12-30,EVE,757
2015-12-31,MID,283
2015-12-31,EVE,313
2016-01-01,MID,702
2016-01-01,EVE,176
2016-01-02,MID,076
2016-01-02,EVE,193
2016-01-03,MID,739
2016-01-03,EVE,459
2016-01-04,MID,770
2016-01-04,EVE,768
2016-01-05,MID,260
2016-01-05,EVE,821
2016-01-06,MID,387
2016-01-06,EVE,692
2016-01-07,MID,311
2016-01-07,EVE,728
2016-01-08,MID,399
2016-01-08,EVE,819
2016-01-09,MID,199
2016-01-09,EVE,197
2016-01-10,MID,995
2016-01-10,EVE,141
2016-01-11,MID,677
2016-01-11,EVE,925
2016-01-12,MID,903
2016-01-12,EVE,975
2016-01-13,MID,014
2016-01-13,EVE,563
2016-01-14,MID,632
2016-01-14,EVE,954
2016-01-15,MID,303
2016-01-15,EVE,574
2016-01-16,MID,033
2016-01-16,EVE,381
2016-01-17,MID,682
2016-01-17,EVE,143
2016-01-18,MID,833
2016-01-18,EVE,235
2016-01-19,MID,658
2016-01-19,EVE,578
2016-01-20,MID,443
2016-01-20,EVE,038
2016-01-21,MID,413
2016-01-21,EVE,045
2016-01-22,MID,906
2016-01-22,EVE,199
2016-01-23,MID,705
2016-01-23,EVE,296
2016-01-24,MID,081
2016-01-24,EVE,662
2016-01-25,MID,188
2016-01-25,EVE,886
2016-01-26,MID,077
2016-01-26,EVE,649
2016-01-27,MID,502
2016-01-27,EVE,221
2016-01-28,MID,669
2016-01-28,EVE,244
2016-01-29,MID,832
2016-01-29,EVE,479
2016-01-30,MID,262
2016-01-30,EVE,856
2016-01-31,MID,277
2016-01-31,EVE,978
2016-02-01,MID,814
2016-02-01,EVE,109
2016-02-02,MID,041
2016-02-02,EVE,280
2016-02-03,MID,323
2016-02-03,EVE,898
2016-02-04,MID,795
2016-02-04,EVE,822
2016-02-05,MID,726
2016-02-05,EVE,427
2016-02-06,MID,172
2016-02-06,EVE,347
2016-02-07,MID,270
2016-02-07,EVE,806
2016-02-08,MID,038
2016-02-08,EVE,848
2016-02-09,MID,976
2016-02-09,EVE,544
2016-02-10,MID,150
2016-02-10,EVE,255
2016-02-11,MID,450
2016-02-11,EVE,657
2016-02-12,MID,534
2016-02-12,EVE,997
2016-02-13,MID,472
2016-02-13,EVE,926
2016-02-14,MID,210
2016-02-14,EVE,994
2016-02-15,MID,499
2016-02-15,EVE,624
2016-02-16,MID,245
2016-02-16,EVE,079
2016-02-17,MID,670
2016-02-17,EVE,217
2016-02-18,MID,960
2016-02-18,EVE,819
2016-02-19,MID,857
2016-02-19,EVE,243
2016-02-20,MID,669
2016-02-20,EVE,963
2016-02-21,MID,979
2016-02-21,EVE,598
2016-02-22,MID,670
2016-02-22,EVE,658
2016-02-23,MID,678
2016-02-23,EVE,765
2016-02-24,MID,273
2016-02-24,EVE,239
2016-02-25,MID,742
2016-02-25,EVE,175
2016-02-26,MID,649
2016-02-26,EVE,387
2016-02-27,MID,013
2016-02-27,EVE,556
2016-02-28,MID,244
2016-02-28,EVE,451
2016-02-29,MID,052
2016-02-29,EVE,443
2016-03-01,MID,838
2016-03-01,EVE,533
2016-03-02,MID,874
2016-03-02,EVE,917
2016-03-03,MID,258
2016-03-03,EVE,739
2016-03-04,MID,014
2016-03-04,EVE,869
2016-03-05,MID,063
2016-03-05,EVE,761
2016-03-06,MID,805
2016-03-06,EVE,409
2016-03-07,MID,790
2016-03-07,EVE,249
2016-03-08,MID,475
2016-03-08,EVE,033
2016-03-09,MID,072
2016-03-09,EVE,572
2016-03-10,MID,033
2016-03-10,EVE,950
2016-03-11,MID,833
2016-03-11,EVE,174
2016-03-12,MID,152
2016-03-12,EVE,869
2016-03-13,MID,146
2016-03-13,EVE,001
2016-03-14,MID,742
2016-03-14,EVE,633
2016-03-15,MID,815
2016-03-15,EVE,063
2016-03-16,MID,731
2016-03-16,EVE,084
2016-03-17,MID,951
2016-03-17,EVE,992
2016-03-18,MID,768
2016-03-18,EVE,618
2016-03-19,MID,344
2016-03-19,EVE,050
2016-03-20,MID,614
2016-03-20,EVE,212
2016-03-21,MID,954
2016-03-21,EVE,847
2016-03-22,MID,220
2016-03-22,EVE,209
2016-03-23,MID,720
2016-03-23,EVE,028
2016-03-24,MID,104
2016-03-24,EVE,613
2016-03-25,MID,284
2016-03-25,EVE,934
2016-03-26,MID,290
2016-03-26,EVE,474
2016-03-27,MID,450
2016-03-27,EVE,443
2016-03-28,MID,007
2016-03-28,EVE,577
2016-03-29,MID,232
2016-03-29,EVE,997
2016-03-30,MID,065
2016-03-30,EVE,235
2016-03-31,MID,906
2016-03-31,EVE,565
2016-04-01,MID,107
2016-04-01,EVE,167
2016-04-02,MID,436
2016-04-02,EVE,495
2016-04-03,MID,353
2016-04-03,EVE,503
2016-04-04,MID,779
2016-04-04,EVE,440
2016-04-05,MID,908
2016-04-05,EVE,706
2016-04-06,MID,438
2016-04-06,EVE,308
2016-04-07,MID,251
2016-04-07,EVE,729
2016-04-08,MID,515
2016-04-08,EVE,843
2016-04-09,MID,592
2016-04-09,EVE,269
2016-04-10,MID,323
2016-04-10,EVE,630
2016-04-11,MID,442
2016-04-11,EVE,842
2016-04-12,MID,032
2016-04-12,EVE,898
2016-04-13,MID,465
2016-04-13,EVE,061
2016-04-14,MID,876
2016-04-14,EVE,282
2016-04-15,MID,159
2016-04-15,EVE,411
2016-04-16,MID,101
2016-04-16,EVE,870
2016-04-17,MID,166
2016-04-17,EVE,495
2016-04-18,MID,514
2016-04-18,EVE,884
2016-04-19,MID,825
2016-04-19,EVE,884
2016-04-20,MID,567
2016-04-20,EVE,579
2016-04-21,MID,396
2016-04-21,EVE,394
2016-04-22,MID,630
2016-04-22,EVE,120
2016-04-23,MID,198
2016-04-23,EVE,215
2016-04-24,MID,497
2016-04-24,EVE,909
2016-04-25,MID,968
2016-04-25,EVE,297
2016-04-26,MID,697
2016-04-26,EVE,049
2016-04-27,MID,412
2016-04-27,EVE,287
2016-04-28,MID,456
2016-04-28,EVE,488
2016-04-29,MID,202
2016-04-29,EVE,489
2016-04-30,MID,436
2016-04-30,EVE,728
2016-05-01,MID,118
2016-05-01,EVE,518
2016-05-02,MID,709
2016-05-02,EVE,567
2016-05-03,MID,504
2016-05-03,EVE,900
2016-05-04,MID,735
2016-05-04,EVE,734
2016-05-05,MID,360
2016-05-05,EVE,093
2016-05-06,MID,850
2016-05-06,EVE,925
2016-05-07,MID,601
2016-05-07,EVE,971
2016-05-08,MID,564
2016-05-08,EVE,103
2016-05-09,MID,089
2016-05-09,EVE,592
2016-05-10,MID,910
2016-05-10,EVE,125
2016-05-11,MID,722
2016-05-11,EVE,730
2016-05-12,MID,922
2016-05-12,EVE,719
2016-05-13,MID,694
2016-05-13,EVE,584
2016-05-14,MID,449
2016-05-14,EVE,984
2016-05-15,MID,488
2016-05-15,EVE,614
2016-05-16,MID,244
2016-05-16,EVE,255
2016-05-17,MID,712
2016-05-17,EVE,505
2016-05-18,MID,250
2016-05-18,EVE,652
2016-05-19,MID,044
2016-05-19,EVE,306
2016-05-20,MID,023
2016-05-20,EVE,185
2016-05-21,MID,595
2016-05-21,EVE,813
2016-05-22,MID,765
2016-05-22,EVE,627
2016-05-23,MID,007
2016-05-23,EVE,290
2016-05-24,MID,734
2016-05-24,EVE,264
2016-05-25,MID,498
2016-05-25,EVE,806
2016-05-26,MID,795
2016-05-26,EVE,969
2016-05-27,MID,894
2016-05-27,EVE,539
2016-05-28,MID,436
2016-05-28,EVE,684
2016-05-29,MID,308
2016-05-29,EVE,333
2016-05-30,MID,661
2016-05-30,EVE,042
2016-05-31,MID,295
2016-05-31,EVE,591
2016-06-01,MID,128
2016-06-01,EVE,143
2016-06-02,MID,777
2016-06-02,EVE,489
2016-06-03,MID,677
2016-06-03,EVE,597
2016-06-04,MID,029
2016-06-04,EVE,690
2016-06-05,MID,142
2016-06-05,EVE,671
2016-06-06,MID,458
2016-06-06,EVE,940
2016-06-07,MID,544
2016-06-07,EVE,171
2016-06-08,MID,351
2016-06-08,EVE,542
2016-06-09,MID,533
2016-06-09,EVE,033
2016-06-10,MID,007
2016-06-10,EVE,494
2016-06-11,MID,141
2016-06-11,EVE,227
2016-06-12,MID,842
2016-06-12,EVE,692
2016-06-13,MID,618
2016-06-13,EVE,414
2016-06-14,MID,155
2016-06-14,EVE,925
2016-06-15,MID,228
2016-06-15,EVE,679
2016-06-16,MID,646
2016-06-16,EVE,736
2016-06-17,MID,348
2016-06-17,EVE,284
2016-06-18,MID,931
2016-06-18,EVE,453
2016-06-19,MID,545
2016-06-19,EVE,888
2016-06-20,MID,760
2016-06-20,EVE,808
2016-06-21,MID,890
2016-06-21,EVE,122
2016-06-22,MID,060
2016-06-22,EVE,305
2016-06-23,MID,253
2016-06-23,EVE,841
2016-06-24,MID,771
2016-06-24,EVE,932
2016-06-25,MID,447
2016-06-25,EVE,146
2016-06-26,MID,660
2016-06-26,EVE,773
2016-06-27,MID,103
2016-06-27,EVE,621
2016-06-28,MID,397
2016-06-28,EVE,761
2016-06-29,MID,686
2016-06-29,EVE,978
2016-06-30,MID,212
2016-06-30,EVE,502
2016-07-01,MID,774
2016-07-01,EVE,654
2016-07-02,MID,441
2016-07-02,EVE,164
2016-07-03,MID,472
2016-07-03,EVE,631
2016-07-04,MID,439
2016-07-04,EVE,921
2016-07-05,MID,021
2016-07-05,EVE,701
2016-07-06,MID,114
2016-07-06,EVE,986
2016-07-07,MID,741
2016-07-07,EVE,429
2016-07-08,MID,827
2016-07-08,EVE,807
2016-07-09,MID,043
2016-07-09,EVE,566
2016-07-10,MID,132
2016-07-10,EVE,333
2016-07-11,MID,115
2016-07-11,EVE,730
2016-07-12,MID,540
2016-07-12,EVE,860
2016-07-13,MID,115
2016-07-13,EVE,820
2016-07-14,MID,164
2016-07-14,EVE,468
2016-07-15,MID,932
2016-07-15,EVE,790
2016-07-16,MID,216
2016-07-16,EVE,209
2016-07-17,MID,445
2016-07-17,EVE,324
2016-07-18,MID,671
2016-07-18,EVE,166
2016-07-19,MID,781
2016-07-19,EVE,345
2016-07-20,MID,394
2016-07-20,EVE,637
2016-07-21,MID,624
2016-07-21,EVE,926
2016-07-22,MID,795
2016-07-22,EVE,246
2016-07-23,MID,656
2016-07-23,EVE,667
2016-07-24,MID,783
2016-07-24,EVE,132
2016-07-25,MID,310
2016-07-25,EVE,833
2016-07-26,MID,049
2016-07-26,EVE,751
2016-07-27,MID,446
2016-07-27,EVE,338
2016-07-28,MID,139
2016-07-28,EVE,759
2016-07-29,MID,629
2016-07-29,EVE,277
2016-07-30,MID,206
2016-07-30,EVE,259
2016-07-31,MID,512
2016-07-31,EVE,405
2016-08-01,MID,872
2016-08-01,EVE,826
2016-08-02,MID,344
2016-08-02,EVE,386
2016-08-03,MID,693
2016-08-03,EVE,117
2016-08-04,MID,606
2016-08-04,EVE,503
2016-08-05,MID,162
2016-08-05,EVE,212
2016-08-06,MID,595
2016-08-06,EVE,862
2016-08-07,MID,309
2016-08-07,EVE,569
2016-08-08,MID,405
2016-08-08,EVE,345
2016-08-09,MID,881
2016-08-09,EVE,470
2016-08-10,MID,350
2016-08-10,EVE,248
2016-08-11,MID,187
2016-08-11,EVE,871
2016-08-12,MID,829
2016-08-12,EVE,993
2016-08-13,MID,036
2016-08-13,EVE,895
2016-08-14,MID,441
2016-08-14,EVE,440
2016-08-15,MID,340
2016-08-15,EVE,067
2016-08-16,MID,046
2016-08-16,EVE,351
2016-08-17,MID,937
2016-08-17,EVE,775
2016-08-18,MID,137
2016-08-18,EVE,253
2016-08-19,MID,545
2016-08-19,EVE,869
2016-08-20,MID,823
2016-08-20,EVE,349
2016-08-21,MID,691
2016-08-21,EVE,233
2016-08-22,MID,158
2016-08-22,EVE,506
2016-08-23,MID,690
2016-08-23,EVE,572
2016-08-24,MID,680
2016-08-24,EVE,743
2016-08-25,MID,599
2016-08-25,EVE,664
2016-08-26,MID,714
2016-08-26,EVE,598
2016-08-27,MID,690
2016-08-27,EVE,064
2016-08-28,MID,841
2016-08-28,EVE,077
2016-08-29,MID,499
2016-08-29,EVE,853
2016-08-30,MID,042
2016-08-30,EVE,984
2016-08-31,MID,860
2016-08-31,EVE,298
2016-09-01,MID,552
2016-09-01,EVE,248
2016-09-02,MID,635
2016-09-02,EVE,687
2016-09-03,MID,352
2016-09-03,EVE,332
2016-09-04,MID,176
2016-09-04,EVE,043
2016-09-05,MID,354
2016-09-05,EVE,159
2016-09-06,MID,992
2016-09-06,EVE,364
2016-09-07,MID,073
2016-09-07,EVE,080
2016-09-08,MID,011
2016-09-08,EVE,478
2016-09-09,MID,069
2016-09-09,EVE,299
2016-09-10,MID,825
2016-09-10,EVE,667
2016-09-11,MID,257
2016-09-11,EVE,972
2016-09-12,MID,194
2016-09-12,EVE,115
2016-09-13,MID,442
2016-09-13,EVE,468
2016-09-14,MID,709
2016-09-14,EVE,664
2016-09-15,MID,056
2016-09-15,EVE,739
2016-09-16,MID,887
2016-09-16,EVE,671
2016-09-17,MID,264
2016-09-17,EVE,813
2016-09-18,MID,876
2016-09-18,EVE,321
2016-09-19,MID,054
2016-09-19,EVE,828
2016-09-20,MID,802
2016-09-20,EVE,620
2016-09-21,MID,023
2016-09-21,EVE,585
2016-09-22,MID,532
2016-09-22,EVE,362
2016-09-23,MID,059
2016-09-23,EVE,400
2016-09-24,MID,719
2016-09-24,EVE,067
2016-09-25,MID,725
2016-09-25,EVE,393
2016-09-26,MID,786
2016-09-26,EVE,480
2016-09-27,MID,779
2016-09-27,EVE,942
2016-09-28,MID,257
2016-09-28,EVE,225
2016-09-29,MID,449
2016-09-29,EVE,298
2016-09-30,MID,277
2016-09-30,EVE,842
2016-10-01,MID,050
2016-10-01,EVE,087
2016-10-02,MID,911
2016-10-02,EVE,487
2016-10-03,MID,376
2016-10-03,EVE,030
2016-10-04,MID,549
2016-10-04,EVE,962
2016-10-05,MID,856
2016-10-05,EVE,702
2016-10-06,MID,885
2016-10-06,EVE,143
2016-10-07,MID,763
2016-10-07,EVE,152
2016-10-08,MID,499
2016-10-08,EVE,649
2016-10-09,MID,386
2016-10-09,EVE,873
2016-10-10,MID,431
2016-10-10,EVE,234
2016-10-11,MID,181
2016-10-11,EVE,806
2016-10-12,MID,742
2016-10-12,EVE,208
2016-10-13,MID,778
2016-10-13,EVE,976
2016-10-14,MID,805
2016-10-14,EVE,774
2016-10-15,MID,886
2016-10-15,EVE,485
2016-10-16,MID,808
2016-10-16,EVE,841
2016-10-17,MID,045
2016-10-17,EVE,193
2016-10-18,MID,184
2016-10-18,EVE,586
2016-10-19,MID,831
2016-10-19,EVE,104
2016-10-20,MID,217
2016-10-20,EVE,764
2016-10-21,MID,778
2016-10-21,EVE,886
2016-10-22,MID,116
2016-10-22,EVE,482
2016-10-23,MID,625
2016-10-23,EVE,129
2016-10-24,MID,381
2016-10-24,EVE,194
2016-10-25,MID,973
2016-10-25,EVE,059
2016-10-26,MID,063
2016-10-26,EVE,597
2016-10-27,MID,511
2016-10-27,EVE,273
2016-10-28,MID,462
2016-10-28,EVE,565
2016-10-29,MID,184
2016-10-29,EVE,707
2016-10-30,MID,577
2016-10-30,EVE,560
2016-10-31,MID,537
2016-10-31,EVE,656
2016-11-01,MID,468
2016-11-01,EVE,930
2016-11-02,MID,918
2016-11-02,EVE,580
2016-11-03,MID,160
2016-11-03,EVE,371
2016-11-04,MID,821
2016-11-04,EVE,540
2016-11-05,MID,286
2016-11-05,EVE,738
2016-11-06,MID,202
2016-11-06,EVE,725
2016-11-07,MID,021
2016-11-07,EVE,800
2016-11-08,MID,801
2016-11-08,EVE,389
2016-11-09,MID,167
2016-11-09,EVE,615
2016-11-10,MID,772
2016-11-10,EVE,539
2016-11-11,MID,219
2016-11-11,EVE,639
2016-11-12,MID,787
2016-11-12,EVE,116
2016-11-13,MID,912
2016-11-13,EVE,007
2016-11-14,MID,704
2016-11-14,EVE,797
2016-11-15,MID,930
2016-11-15,EVE,266
2016-11-16,MID,042
2016-11-16,EVE,825
2016-11-17,MID,652
2016-11-17,EVE,026
2016-11-18,MID,411
2016-11-18,EVE,909
2016-11-19,MID,667
2016-11-19,EVE,684
2016-11-20,MID,485
2016-11-20,EVE,643
2016-11-21,MID,600
2016-11-21,EVE,009
2016-11-22,MID,539
2016-11-22,EVE,148
2016-11-23,MID,815
2016-11-23,EVE,852
2016-11-24,MID,895
2016-11-24,EVE,323
2016-11-25,MID,539
2016-11-25,EVE,834
2016-11-26,MID,390
2016-11-26,EVE,240
2016-11-27,MID,915
2016-11-27,EVE,255
2016-11-28,MID,806
2016-11-28,EVE,408
2016-11-29,MID,333
2016-11-29,EVE,958
2016-11-30,MID,224
2016-11-30,EVE,228
2016-12-01,MID,805
2016-12-01,EVE,679
2016-12-02,MID,556
2016-12-02,EVE,062
2016-12-03,MID,258
2016-12-03,EVE,316
2016-12-04,MID,625
2016-12-04,EVE,300
2016-12-05,MID,631
2016-12-05,EVE,049
2016-12-06,MID,634
2016-12-06,EVE,501
2016-12-07,MID,072
2016-12-07,EVE,434
2016-12-08,MID,851
2016-12-08,EVE,724
2016-12-09,MID,430
2016-12-09,EVE,042
2016-12-10,MID,035
2016-12-10,EVE,842
2016-12-11,MID,959
2016-12-11,EVE,672
2016-12-12,MID,408
2016-12-12,EVE,420
2016-12-13,MID,834
2016-12-13,EVE,010
2016-12-14,MID,989
2016-12-14,EVE,201
2016-12-15,MID,761
2016-12-15,EVE,871
2016-12-16,MID,471
2016-12-16,EVE,328
2016-12-17,MID,870
2016-12-17,EVE,839
2016-12-18,MID,821
2016-12-18,EVE,313
2016-12-19,MID,107
2016-12-19,EVE,268
2016-12-20,MID,733
2016-12-20,EVE,337
2016-12-21,MID,414
2016-12-21,EVE,471
2016-12-22,MID,796
2016-12-22,EVE,230
2016-12-23,MID,256
2016-12-23,EVE,241
2016-12-24,MID,664
2016-12-24,EVE,670
2016-12-25,MID,415
2016-12-25,EVE,740
2016-12-26,MID,519
2016-12-26,EVE,431
2016-12-27,MID,742
2016-12-27,EVE,596
2016-12-28,MID,507
2016-12-28,EVE,973
2016-12-29,MID,415
2016-12-29,EVE,558
2016-12-30,MID,785
2016-12-30,EVE,537
2016-12-31,MID,333
2016-12-31,EVE,730
2017-01-01,MID,393
2017-01-01,EVE,678
2017-01-02,MID,956
2017-01-02,EVE,808
2017-01-03,MID,476
2017-01-03,EVE,850
2017-01-04,MID,499
2017-01-04,EVE,669
2017-01-05,MID,253
2017-01-05,EVE,680
2017-01-06,MID,395
2017-01-06,EVE,280
2017-01-07,MID,802
2017-01-07,EVE,815
2017-01-08,MID,300
2017-01-08,EVE,482
2017-01-09,MID,601
2017-01-09,EVE,242
2017-01-10,MID,105
2017-01-10,EVE,526
2017-01-11,MID,927
2017-01-11,EVE,967
2017-01-12,MID,874
2017-01-12,EVE,199
2017-01-13,MID,642
2017-01-13,EVE,925
2017-01-14,MID,245
2017-01-14,EVE,352
2017-01-15,MID,285
2017-01-15,EVE,834
2017-01-16,MID,768
2017-01-16,EVE,975
2017-01-17,MID,173
2017-01-17,EVE,152
2017-01-18,MID,451
2017-01-18,EVE,335
2017-01-19,MID,561
2017-01-19,EVE,712
2017-01-20,MID,567
2017-01-20,EVE,574
2017-01-21,MID,340
2017-01-21,EVE,980
2017-01-22,MID,014
2017-01-22,EVE,711
2017-01-23,MID,243
2017-01-23,EVE,323
2017-01-24,MID,924
2017-01-24,EVE,890
2017-01-25,MID,174
2017-01-25,EVE,687
2017-01-26,MID,422
2017-01-26,EVE,478
2017-01-27,MID,788
2017-01-27,EVE,172
2017-01-28,MID,810
2017-01-28,EVE,823
2017-01-29,MID,059
2017-01-29,EVE,543
2017-01-30,MID,886
2017-01-30,EVE,074
2017-01-31,MID,044
2017-01-31,EVE,867
2017-02-01,MID,757
2017-02-01,EVE,798
2017-02-02,MID,272
2017-02-02,EVE,183
2017-02-03,MID,377
2017-02-03,EVE,401
2017-02-04,MID,430
2017-02-04,EVE,071
2017-02-05,MID,020
2017-02-05,EVE,613
2017-02-06,MID,811
2017-02-06,EVE,518
2017-02-07,MID,929
2017-02-07,EVE,549
2017-02-08,MID,833
2017-02-08,EVE,601
2017-02-09,MID,733
2017-02-09,EVE,082
2017-02-10,MID,727
2017-02-10,EVE,119
2017-02-11,MID,501
2017-02-11,EVE,248
2017-02-12,MID,481
2017-02-12,EVE,516
2017-02-13,MID,248
2017-02-13,EVE,007
2017-02-14,MID,957
2017-02-14,EVE,523
2017-02-15,MID,980
2017-02-15,EVE,439
2017-02-16,MID,447
2017-02-16,EVE,378
2017-02-17,MID,725
2017-02-17,EVE,519
2017-02-18,MID,481
2017-02-18,EVE,989
2017-02-19,MID,237
2017-02-19,EVE,928
2017-02-20,MID,344
2017-02-20,EVE,410
2017-02-21,MID,553
2017-02-21,EVE,444
2017-02-22,MID,214
2017-02-22,EVE,556
2017-02-23,MID,598
2017-02-23,EVE,704
2017-02-24,MID,642
2017-02-24,EVE,356
2017-02-25,MID,737
2017-02-25,EVE,982
2017-02-26,MID,752
2017-02-26,EVE,991
2017-02-27,MID,510
2017-02-27,EVE,283
2017-02-28,MID,277
2017-02-28,EVE,057
2017-03-01,MID,128
2017-03-01,EVE,022
2017-03-02,MID,488
2017-03-02,EVE,468
2017-03-03,MID,780
2017-03-03,EVE,587
2017-03-04,MID,627
2017-03-04,EVE,809
2017-03-05,MID,357
2017-03-05,EVE,174
2017-03-06,MID,590
2017-03-06,EVE,430
2017-03-07,MID,307
2017-03-07,EVE,410
2017-03-08,MID,554
2017-03-08,EVE,612
2017-03-09,MID,275
2017-03-09,EVE,265
2017-03-10,MID,482
2017-03-10,EVE,118
2017-03-11,MID,653
2017-03-11,EVE,022
2017-03-12,MID,558
2017-03-12,EVE,260
2017-03-13,MID,928
2017-03-13,EVE,259
2017-03-14,MID,627
2017-03-14,EVE,504
2017-03-15,MID,819
2017-03-15,EVE,599
2017-03-16,MID,946
2017-03-16,EVE,452
2017-03-17,MID,460
2017-03-17,EVE,347
2017-03-18,MID,591
2017-03-18,EVE,995
2017-03-19,MID,146
2017-03-19,EVE,314
2017-03-20,MID,608
2017-03-20,EVE,582
2017-03-21,MID,797
2017-03-21,EVE,435
2017-03-22,MID,266
2017-03-22,EVE,672
2017-03-23,MID,378
2017-03-23,EVE,261
2017-03-24,MID,983
2017-03-24,EVE,414
2017-03-25,MID,422
2017-03-25,EVE,440
2017-03-26,MID,601
2017-03-26,EVE,722
2017-03-27,MID,914
2017-03-27,EVE,384
2017-03-28,MID,413
2017-03-28,EVE,971
2017-03-29,MID,130
2017-03-29,EVE,219
2017-03-30,MID,380
2017-03-30,EVE,815
2017-03-31,MID,900
2017-03-31,EVE,860
2017-04-01,MID,946
2017-04-01,EVE,480
2017-04-02,MID,143
2017-04-02,EVE,088
2017-04-03,MID,219
2017-04-03,EVE,834
2017-04-04,MID,362
2017-04-04,EVE,486
2017-04-05,MID,487
2017-04-05,EVE,294
2017-04-06,MID,541
2017-04-06,EVE,783
2017-04-07,MID,231
2017-04-07,EVE,213
2017-04-08,MID,775
2017-04-08,EVE,094
2017-04-09,MID,046
2017-04-09,EVE,476
2017-04-10,MID,425
2017-04-10,EVE,912
2017-04-11,MID,461
2017-04-11,EVE,693
2017-04-12,MID,793
2017-04-12,EVE,539
2017-04-13,MID,418
2017-04-13,EVE,431
2017-04-14,MID,111
2017-04-14,EVE,307
2017-04-15,MID,605
2017-04-15,EVE,751
2017-04-16,MID,764
2017-04-16,EVE,594
2017-04-17,MID,055
2017-04-17,EVE,987
2017-04-18,MID,939
2017-04-18,EVE,938
2017-04-19,MID,244
2017-04-19,EVE,343
2017-04-20,MID,498
2017-04-20,EVE,684
2017-04-21,MID,796
2017-04-21,EVE,373
2017-04-22,MID,508
2017-04-22,EVE,308
2017-04-23,MID,044
2017-04-23,EVE,867
2017-04-24,MID,934
2017-04-24,EVE,482
2017-04-25,MID,419
2017-04-25,EVE,667
2017-04-26,MID,521
2017-04-26,EVE,889
2017-04-27,MID,556
2017-04-27,EVE,439
2017-04-28,MID,998
2017-04-28,EVE,868
2017-04-29,MID,010
2017-04-29,EVE,836
2017-04-30,MID,914
2017-04-30,EVE,530
2017-05-01,MID,970
2017-05-01,EVE,872
2017-05-02,MID,557
2017-05-02,EVE,988
2017-05-03,MID,870
2017-05-03,EVE,192
2017-05-04,MID,497
2017-05-04,EVE,084
2017-05-05,MID,626
2017-05-05,EVE,667
2017-05-06,MID,112
2017-05-06,EVE,377
2017-05-07,MID,126
2017-05-07,EVE,383
2017-05-08,MID,229
2017-05-08,EVE,013
2017-05-09,MID,435
2017-05-09,EVE,482
2017-05-10,MID,844
2017-05-10,EVE,722
2017-05-11,MID,720
2017-05-11,EVE,354
2017-05-12,MID,465
2017-05-12,EVE,273
2017-05-13,MID,579
2017-05-13,EVE,440
2017-05-14,MID,306
2017-05-14,EVE,505
2017-05-15,MID,234
2017-05-15,EVE,312
2017-05-16,MID,021
2017-05-16,EVE,274
2017-05-17,MID,875
2017-05-17,EVE,383
2017-05-18,MID,120
2017-05-18,EVE,968
2017-05-19,MID,904
2017-05-19,EVE,398
2017-05-20,MID,876
2017-05-20,EVE,285
2017-05-21,MID,873
2017-05-21,EVE,477
2017-05-22,MID,891
2017-05-22,EVE,240
2017-05-23,MID,472
2017-05-23,EVE,535
2017-05-24,MID,421
2017-05-24,EVE,902
2017-05-25,MID,247
2017-05-25,EVE,054
2017-05-26,MID,070
2017-05-26,EVE,909
2017-05-27,MID,833
2017-05-27,EVE,852
2017-05-28,MID,065
2017-05-28,EVE,490
2017-05-29,MID,794
2017-05-29,EVE,647
2017-05-30,MID,692
2017-05-30,EVE,138
2017-05-31,MID,704
2017-05-31,EVE,224
2017-06-01,MID,404
2017-06-01,EVE,301
2017-06-02,MID,065
2017-06-02,EVE,765
2017-06-03,MID,545
2017-06-03,EVE,000
2017-06-04,MID,371
2017-06-04,EVE,228
2017-06-05,MID,789
2017-06-05,EVE,508
2017-06-06,MID,499
2017-06-06,EVE,652
2017-06-07,MID,664
2017-06-07,EVE,056
2017-06-08,MID,295
2017-06-08,EVE,072
2017-06-09,MID,790
2017-06-09,EVE,151
2017-06-10,MID,006
2017-06-10,EVE,573
2017-06-11,MID,926
2017-06-11,EVE,531
2017-06-12,MID,934
2017-06-12,EVE,871
2017-06-13,MID,266
2017-06-13,EVE,726
2017-06-14,MID,887
2017-06-14,EVE,799
2017-06-15,MID,389
2017-06-15,EVE,205
2017-06-16,MID,666
2017-06-16,EVE,816
2017-06-17,MID,069
2017-06-17,EVE,405
2017-06-18,MID,303
2017-06-18,EVE,306
2017-06-19,MID,598
2017-06-19,EVE,946
2017-06-20,MID,662
2017-06-20,EVE,961
2017-06-21,MID,588
2017-06-21,EVE,272
2017-06-22,MID,094
2017-06-22,EVE,303
2017-06-23,MID,835
2017-06-23,EVE,100
2017-06-24,MID,635
2017-06-24,EVE,740
2017-06-25,MID,048
2017-06-25,EVE,122
2017-06-26,MID,994
2017-06-26,EVE,680
2017-06-27,MID,186
2017-06-27,EVE,548
2017-06-28,MID,609
2017-06-28,EVE,599
2017-06-29,MID,614
2017-06-29,EVE,715
2017-06-30,MID,142
2017-06-30,EVE,801
2017-07-01,MID,843
2017-07-01,EVE,503
2017-07-02,MID,633
2017-07-02,EVE,269
2017-07-03,MID,484
2017-07-03,EVE,449
2017-07-04,MID,608
2017-07-04,EVE,645
2017-07-05,MID,624
2017-07-05,EVE,809
2017-07-06,MID,221
2017-07-06,EVE,016
2017-07-07,MID,134
2017-07-07,EVE,413
2017-07-08,MID,915
2017-07-08,EVE,152
2017-07-09,MID,741
2017-07-09,EVE,580
2017-07-10,MID,970
2017-07-10,EVE,216
2017-07-11,MID,276
2017-07-11,EVE,515
2017-07-12,MID,900
2017-07-12,EVE,150
2017-07-13,MID,335
2017-07-13,EVE,509
2017-07-14,MID,411
2017-07-14,EVE,540
2017-07-15,MID,725
2017-07-15,EVE,898
2017-07-16,MID,776
2017-07-16,EVE,109
2017-07-17,MID,032
2017-07-17,EVE,511
2017-07-18,MID,312
2017-07-18,EVE,335
2017-07-19,MID,855
2017-07-19,EVE,972
2017-07-20,MID,123
2017-07-20,EVE,848
2017-07-21,MID,908
2017-07-21,EVE,426
2017-07-22,MID,187
2017-07-22,EVE,694
2017-07-23,MID,789
2017-07-23,EVE,985
2017-07-24,MID,494
2017-07-24,EVE,859
2017-07-25,MID,130
2017-07-25,EVE,819
2017-07-26,MID,388
2017-07-26,EVE,296
2017-07-27,MID,153
2017-07-27,EVE,393
2017-07-28,MID,012
2017-07-28,EVE,614
2017-07-29,MID,660
2017-07-29,EVE,058
2017-07-30,MID,152
2017-07-30,EVE,697
2017-07-31,MID,822
2017-07-31,EVE,178
2017-08-01,MID,322
2017-08-01,EVE,662
2017-08-02,MID,298
2017-08-02,EVE,367
2017-08-03,MID,419
2017-08-03,EVE,321
2017-08-04,MID,999
2017-08-04,EVE,282
2017-08-05,MID,701
2017-08-05,EVE,837
2017-08-06,MID,225
2017-08-06,EVE,410
2017-08-07,MID,508
2017-08-07,EVE,746
2017-08-08,MID,774
2017-08-08,EVE,272
2017-08-09,MID,343
2017-08-09,EVE,289
2017-08-10,MID,269
2017-08-10,EVE,639
2017-08-11,MID,998
2017-08-11,EVE,290
2017-08-12,MID,490
2017-08-12,EVE,587
2017-08-13,MID,669
2017-08-13,EVE,520
2017-08-14,MID,838
2017-08-14,EVE,308
2017-08-15,MID,885
2017-08-15,EVE,288
2017-08-16,MID,855
2017-08-16,EVE,318
2017-08-17,MID,478
2017-08-17,EVE,452
2017-08-18,MID,694
2017-08-18,EVE,524
2017-08-19,MID,507
2017-08-19,EVE,366
2017-08-20,MID,848
2017-08-20,EVE,707
2017-08-21,MID,521
2017-08-21,EVE,828
2017-08-22,MID,528
2017-08-22,EVE,947
2017-08-23,MID,222
2017-08-23,EVE,134
2017-08-24,MID,985
2017-08-24,EVE,606
2017-08-25,MID,720
2017-08-25,EVE,813
2017-08-26,MID,940
2017-08-26,EVE,415
2017-08-27,MID,217
2017-08-27,EVE,550
2017-08-28,MID,163
2017-08-28,EVE,514
2017-08-29,MID,133
2017-08-29,EVE,374
2017-08-30,MID,152
2017-08-30,EVE,107
2017-08-31,MID,157
2017-08-31,EVE,536
2017-09-01,MID,599
2017-09-01,EVE,950
2017-09-02,MID,201
2017-09-02,EVE,798
2017-09-03,MID,987
2017-09-03,EVE,823
2017-09-04,MID,588
2017-09-04,EVE,687
2017-09-05,MID,336
2017-09-05,EVE,738
2017-09-06,MID,427
2017-09-06,EVE,623
2017-09-07,MID,149
2017-09-07,EVE,049
2017-09-08,MID,665
2017-09-08,EVE,521
2017-09-09,MID,095
2017-09-09,EVE,168
2017-09-10,MID,394
2017-09-10,EVE,791
2017-09-11,MID,672
2017-09-11,EVE,050
2017-09-12,MID,895
2017-09-12,EVE,601
2017-09-13,MID,580
2017-09-13,EVE,647
2017-09-14,MID,528
2017-09-14,EVE,088
2017-09-15,MID,422
2017-09-15,EVE,972
2017-09-16,MID,214
2017-09-16,EVE,641
2017-09-17,MID,182
2017-09-17,EVE,144
2017-09-18,MID,716
2017-09-18,EVE,895
2017-09-19,MID,224
2017-09-19,EVE,642
2017-09-20,MID,762
2017-09-20,EVE,082
2017-09-21,MID,325
2017-09-21,EVE,161
2017-09-22,MID,625
2017-09-22,EVE,601
2017-09-23,MID,791
2017-09-23,EVE,464
2017-09-24,MID,651
2017-09-24,EVE,734
2017-09-25,MID,692
2017-09-25,EVE,272
2017-09-26,MID,705
2017-09-26,EVE,119
2017-09-27,MID,888
2017-09-27,EVE,007
2017-09-28,MID,945
2017-09-28,EVE,222
2017-09-29,MID,951
2017-09-29,EVE,896
2017-09-30,MID,403
2017-09-30,EVE,751
2017-10-01,MID,349
2017-10-01,EVE,843
2017-10-02,MID,050
2017-10-02,EVE,904
2017-10-03,MID,562
2017-10-03,EVE,427
2017-10-04,MID,818
2017-10-04,EVE,650
2017-10-05,MID,431
2017-10-05,EVE,429
2017-10-06,MID,497
2017-10-06,EVE,650
2017-10-07,MID,220
2017-10-07,EVE,605
2017-10-08,MID,911
2017-10-08,EVE,815
2017-10-09,MID,174
2017-10-09,EVE,496
2017-10-10,MID,553
2017-10-10,EVE,278
2017-10-11,MID,925
2017-10-11,EVE,959
2017-10-12,MID,425
2017-10-12,EVE,477
2017-10-13,MID,779
2017-10-13,EVE,041
2017-10-14,MID,452
2017-10-14,EVE,021
2017-10-15,MID,127
2017-10-15,EVE,245
2017-10-16,MID,131
2017-10-16,EVE,239
2017-10-17,MID,447
2017-10-17,EVE,157
2017-10-18,MID,405
2017-10-18,EVE,177
2017-10-19,MID,718
2017-10-19,EVE,940
2017-10-20,MID,508
2017-10-20,EVE,824
2017-10-21,MID,027
2017-10-21,EVE,373
2017-10-22,MID,858
2017-10-22,EVE,460
2017-10-23,MID,870
2017-10-23,EVE,008
2017-10-24,MID,258
2017-10-24,EVE,487
2017-10-25,MID,711
2017-10-25,EVE,117
2017-10-26,MID,309
2017-10-26,EVE,481
2017-10-27,MID,346
2017-10-27,EVE,976
2017-10-28,MID,112
2017-10-28,EVE,855
2017-10-29,MID,873
2017-10-29,EVE,547
2017-10-30,MID,923
2017-10-30,EVE,640
2017-10-31,MID,582
2017-10-31,EVE,860
2017-11-01,MID,669
2017-11-01,EVE,052
2017-11-02,MID,946
2017-11-02,EVE,564
2017-11-03,MID,794
2017-11-03,EVE,473
2017-11-04,MID,082
2017-11-04,EVE,061
2017-11-05,MID,261
2017-11-05,EVE,495
2017-11-06,MID,674
2017-11-06,EVE,860
2017-11-07,MID,790
2017-11-07,EVE,345
2017-11-08,MID,360
2017-11-08,EVE,301
2017-11-09,MID,622
2017-11-09,EVE,383
2017-11-10,MID,032
2017-11-10,EVE,661
2017-11-11,MID,122
2017-11-11,EVE,959
2017-11-12,MID,676
2017-11-12,EVE,427
2017-11-13,MID,419
2017-11-13,EVE,036
2017-11-14,MID,702
2017-11-14,EVE,378
2017-11-15,MID,027
2017-11-15,EVE,561
2017-11-16,MID,830
2017-11-16,EVE,470
2017-11-17,MID,614
2017-11-17,EVE,386
2017-11-18,MID,055
2017-11-18,EVE,071
2017-11-19,MID,741
2017-11-19,EVE,435
2017-11-20,MID,091
2017-11-20,EVE,041
2017-11-21,MID,038
2017-11-21,EVE,657
2017-11-22,MID,001
2017-11-22,EVE,535
2017-11-23,MID,527
2017-11-23,EVE,337
2017-11-24,MID,608
2017-11-24,EVE,989
2017-11-25,MID,776
2017-11-25,EVE,042
2017-11-26,MID,034
2017-11-26,EVE,009
2017-11-27,MID,419
2017-11-27,EVE,103
2017-11-28,MID,357
2017-11-28,EVE,302
2017-11-29,MID,495
2017-11-29,EVE,733
2017-11-30,MID,026
2017-11-30,EVE,362
2017-12-01,MID,317
2017-12-01,EVE,788
2017-12-02,MID,478
2017-12-02,EVE,579
2017-12-03,MID,467
2017-12-03,EVE,668
2017-12-04,MID,894
2017-12-04,EVE,985
2017-12-05,MID,593
2017-12-05,EVE,937
2017-12-06,MID,710
2017-12-06,EVE,925
2017-12-07,MID,272
2017-12-07,EVE,549
2017-12-08,MID,499
2017-12-08,EVE,862
2017-12-09,MID,171
2017-12-09,EVE,330
2017-12-10,MID,177
2017-12-10,EVE,600
2017-12-11,MID,251
2017-12-11,EVE,400
2017-12-12,MID,578
2017-12-12,EVE,659
2017-12-13,MID,738
2017-12-13,EVE,775
2017-12-14,MID,796
2017-12-14,EVE,731
2017-12-15,MID,563
2017-12-15,EVE,287
2017-12-16,MID,407
2017-12-16,EVE,051
2017-12-17,MID,206
2017-12-17,EVE,173
2017-12-18,MID,861
2017-12-18,EVE,536
2017-12-19,MID,854
2017-12-19,EVE,762
2017-12-20,MID,085
2017-12-20,EVE,111
2017-12-21,MID,696
2017-12-21,EVE,479
2017-12-22,MID,575
2017-12-22,EVE,673
2017-12-23,MID,642
2017-12-23,EVE,857
2017-12-24,MID,402
2017-12-24,EVE,815
2017-12-25,MID,033
2017-12-25,EVE,213
2017-12-26,MID,404
2017-12-26,EVE,956
2017-12-27,MID,627
2017-12-27,EVE,944
2017-12-28,MID,679
2017-12-28,EVE,978
2017-12-29,MID,543
2017-12-29,EVE,591
2017-12-30,MID,759
2017-12-30,EVE,141
2017-12-31,MID,389
2017-12-31,EVE,860
2018-01-01,MID,853
2018-01-01,EVE,838
2018-01-02,MID,342
2018-01-02,EVE,086
2018-01-03,MID,240
2018-01-03,EVE,670
2018-01-04,MID,421
2018-01-04,EVE,007
2018-01-05,MID,721
2018-01-05,EVE,130
2018-01-06,MID,458
2018-01-06,EVE,461
2018-01-07,MID,661
2018-01-07,EVE,343
2018-01-08,MID,042
2018-01-08,EVE,444
2018-01-09,MID,303
2018-01-09,EVE,490
2018-01-10,MID,240
2018-01-10,EVE,004
2018-01-11,MID,306
2018-01-11,EVE,941
2018-01-12,MID,596
2018-01-12,EVE,783
2018-01-13,MID,241
2018-01-13,EVE,051
2018-01-14,MID,369
2018-01-14,EVE,404
2018-01-15,MID,098
2018-01-15,EVE,345
2018-01-16,MID,655
2018-01-16,EVE,190
2018-01-17,MID,130
2018-01-17,EVE,607
2018-01-18,MID,985
2018-01-18,EVE,211
2018-01-19,MID,136
2018-01-19,EVE,320
2018-01-20,MID,976
2018-01-20,EVE,760
2018-01-21,MID,891
2018-01-21,EVE,164
2018-01-22,MID,851
2018-01-22,EVE,733
2018-01-23,MID,852
2018-01-23,EVE,465
2018-01-24,MID,849
2018-01-24,EVE,341
2018-01-25,MID,312
2018-01-25,EVE,254
2018-01-26,MID,677
2018-01-26,EVE,186
2018-01-27,MID,900
2018-01-27,EVE,348
2018-01-28,MID,908
2018-01-28,EVE,819
2018-01-29,MID,995
2018-01-29,EVE,627
2018-01-30,MID,553
2018-01-30,EVE,570
2018-01-31,MID,445
2018-01-31,EVE,266
2018-02-01,MID,096
2018-02-01,EVE,338
2018-02-02,MID,413
2018-02-02,EVE,030
2018-02-03,MID,526
2018-02-03,EVE,104
2018-02-04,MID,391
2018-02-04,EVE,733
2018-02-05,MID,311
2018-02-05,EVE,302
2018-02-06,MID,988
2018-02-06,EVE,949
2018-02-07,MID,803
2018-02-07,EVE,135
2018-02-08,MID,039
2018-02-08,EVE,684
2018-02-09,MID,248
2018-02-09,EVE,848
2018-02-10,MID,074
2018-02-10,EVE,666
2018-02-11,MID,194
2018-02-11,EVE,092
2018-02-12,MID,349
2018-02-12,EVE,642
2018-02-13,MID,139
2018-02-13,EVE,820
2018-02-14,MID,424
2018-02-14,EVE,424
2018-02-15,MID,060
2018-02-15,EVE,470
2018-02-16,MID,660
2018-02-16,EVE,335
2018-02-17,MID,765
2018-02-17,EVE,481
2018-02-18,MID,476
2018-02-18,EVE,409
2018-02-19,MID,278
2018-02-19,EVE,597
2018-02-20,MID,530
2018-02-20,EVE,641
2018-02-21,MID,556
2018-02-21,EVE,958
2018-02-22,MID,118
2018-02-22,EVE,087
2018-02-23,MID,701
2018-02-23,EVE,031
2018-02-24,MID,560
2018-02-24,EVE,603
2018-02-25,MID,359
2018-02-25,EVE,021
2018-02-26,MID,633
2018-02-26,EVE,916
2018-02-27,MID,927
2018-02-27,EVE,080
2018-02-28,MID,405
2018-02-28,EVE,534
2018-03-01,MID,170
2018-03-01,EVE,826
2018-03-02,MID,019
2018-03-02,EVE,122
2018-03-03,MID,537
2018-03-03,EVE,163
2018-03-04,MID,217
2018-03-04,EVE,970
2018-03-05,MID,874
2018-03-05,EVE,545
2018-03-06,MID,675
2018-03-06,EVE,908
2018-03-07,MID,825
2018-03-07,EVE,676
2018-03-08,MID,969
2018-03-08,EVE,229
2018-03-09,MID,529
2018-03-09,EVE,499
2018-03-10,MID,700
2018-03-10,EVE,258
2018-03-11,MID,139
2018-03-11,EVE,803
2018-03-12,MID,396
2018-03-12,EVE,426
2018-03-13,MID,418
2018-03-13,EVE,278
2018-03-14,MID,447
2018-03-14,EVE,417
2018-03-15,MID,573
2018-03-15,EVE,352
2018-03-16,MID,891
2018-03-16,EVE,539
2018-03-17,MID,782
2018-03-17,EVE,260
2018-03-18,MID,009
2018-03-18,EVE,942
2018-03-19,MID,067
2018-03-19,EVE,269
2018-03-20,MID,972
2018-03-20,EVE,638
2018-03-21,MID,961
2018-03-21,EVE,189
2018-03-22,MID,344
2018-03-22,EVE,217
2018-03-23,MID,198
2018-03-23,EVE,653
2018-03-24,MID,744
2018-03-24,EVE,472
2018-03-25,MID,076
2018-03-25,EVE,463
2018-03-26,MID,355
2018-03-26,EVE,976
2018-03-27,MID,668
2018-03-27,EVE,994
2018-03-28,MID,014
2018-03-28,EVE,409
2018-03-29,MID,670
2018-03-29,EVE,462
2018-03-30,MID,730
2018-03-30,EVE,253
2018-03-31,MID,681
2018-03-31,EVE,623
2018-04-01,MID,989
2018-04-01,EVE,158
2018-04-02,MID,200
2018-04-02,EVE,032
2018-04-03,MID,732
2018-04-03,EVE,112
2018-04-04,MID,577
2018-04-04,EVE,007
2018-04-05,MID,047
2018-04-05,EVE,696
2018-04-06,MID,773
2018-04-06,EVE,504
2018-04-07,MID,056
2018-04-07,EVE,582
2018-04-08,MID,154
2018-04-08,EVE,319
2018-04-09,MID,870
2018-04-09,EVE,781
2018-04-10,MID,845
2018-04-10,EVE,126
2018-04-11,MID,697
2018-04-11,EVE,979
2018-04-12,MID,573
2018-04-12,EVE,728
2018-04-13,MID,893
2018-04-13,EVE,852
2018-04-14,MID,122
2018-04-14,EVE,214
2018-04-15,MID,647
2018-04-15,EVE,999
2018-04-16,MID,217
2018-04-16,EVE,679
2018-04-17,MID,927
2018-04-17,EVE,831
2018-04-18,MID,112
2018-04-18,EVE,318
2018-04-19,MID,006
2018-04-19,EVE,535
2018-04-20,MID,145
2018-04-20,EVE,714
2018-04-21,MID,808
2018-04-21,EVE,564
2018-04-22,MID,739
2018-04-22,EVE,860
2018-04-23,MID,874
2018-04-23,EVE,974
2018-04-24,MID,315
2018-04-24,EVE,842
2018-04-25,MID,063
2018-04-25,EVE,884
2018-04-26,MID,542
2018-04-26,EVE,225
2018-04-27,MID,399
2018-04-27,EVE,735
2018-04-28,MID,969
2018-04-28,EVE,485
2018-04-29,MID,762
2018-04-29,EVE,841
2018-04-30,MID,530
2018-04-30,EVE,785
2018-05-01,MID,375
2018-05-01,EVE,137
2018-05-02,MID,959
2018-05-02,EVE,251
2018-05-03,MID,734
2018-05-03,EVE,008
2018-05-04,MID,495
2018-05-04,EVE,029
2018-05-05,MID,978
2018-05-05,EVE,507
2018-05-06,MID,603
2018-05-06,EVE,916
2018-05-07,MID,999
2018-05-07,EVE,218
2018-05-08,MID,689
2018-05-08,EVE,454
2018-05-09,MID,675
2018-05-09,EVE,765
2018-05-10,MID,101
2018-05-10,EVE,696
2018-05-11,MID,731
2018-05-11,EVE,245
2018-05-12,MID,766
2018-05-12,EVE,028
2018-05-13,MID,975
2018-05-13,EVE,470
2018-05-14,MID,241
2018-05-14,EVE,881
2018-05-15,MID,924
2018-05-15,EVE,679
2018-05-16,MID,426
2018-05-16,EVE,551
2018-05-17,MID,383
2018-05-17,EVE,775
2018-05-18,MID,010
2018-05-18,EVE,694
2018-05-19,MID,272
2018-05-19,EVE,322
2018-05-20,MID,649
2018-05-20,EVE,790
2018-05-21,MID,671
2018-05-21,EVE,102
2018-05-22,MID,729
2018-05-22,EVE,596
2018-05-23,MID,082
2018-05-23,EVE,174
2018-05-24,MID,395
2018-05-24,EVE,606
2018-05-25,MID,202
2018-05-25,EVE,523
2018-05-26,MID,274
2018-05-26,EVE,421
2018-05-27,MID,029
2018-05-27,EVE,552
2018-05-28,MID,276
2018-05-28,EVE,915
2018-05-29,MID,550
2018-05-29,EVE,081
2018-05-30,MID,900
2018-05-30,EVE,378
2018-05-31,MID,281
2018-05-31,EVE,449
2018-06-01,MID,731
2018-06-01,EVE,549
2018-06-02,MID,128
2018-06-02,EVE,789
2018-06-03,MID,023
2018-06-03,EVE,673
2018-06-04,MID,996
2018-06-04,EVE,277
2018-06-05,MID,705
2018-06-05,EVE,148
2018-06-06,MID,713
2018-06-06,EVE,207
2018-06-07,MID,106
2018-06-07,EVE,668
2018-06-08,MID,793
2018-06-08,EVE,299
2018-06-09,MID,357
2018-06-09,EVE,735
2018-06-10,MID,136
2018-06-10,EVE,143
2018-06-11,MID,392
2018-06-11,EVE,813
2018-06-12,MID,161
2018-06-12,EVE,970
2018-06-13,MID,244
2018-06-13,EVE,222
2018-06-14,MID,219
2018-06-14,EVE,988
2018-06-15,MID,791
2018-06-15,EVE,552
2018-06-16,MID,129
2018-06-16,EVE,959
2018-06-17,MID,662
2018-06-17,EVE,701
2018-06-18,MID,683
2018-06-18,EVE,903
2018-06-19,MID,702
2018-06-19,EVE,918
2018-06-20,MID,071
2018-06-20,EVE,190
2018-06-21,MID,198
2018-06-21,EVE,709
2018-06-22,MID,652
2018-06-22,EVE,307
2018-06-23,MID,846
2018-06-23,EVE,557
2018-06-24,MID,969
2018-06-24,EVE,040
2018-06-25,MID,094
2018-06-25,EVE,002
2018-06-26,MID,536
2018-06-26,EVE,817
2018-06-27,MID,568
2018-06-27,EVE,570
2018-06-28,MID,355
2018-06-28,EVE,179
2018-06-29,MID,204
2018-06-29,EVE,238
2018-06-30,MID,444
2018-06-30,EVE,985
2018-07-01,MID,301
2018-07-01,EVE,593
2018-07-02,MID,784
2018-07-02,EVE,295
2018-07-03,MID,315
2018-07-03,EVE,106
2018-07-04,MID,959
2018-07-04,EVE,117
2018-07-05,MID,139
2018-07-05,EVE,907
2018-07-06,MID,862
2018-07-06,EVE,590
2018-07-07,MID,495
2018-07-07,EVE,573
2018-07-08,MID,408
2018-07-08,EVE,522
2018-07-09,MID,454
2018-07-09,EVE,932
2018-07-10,MID,473
2018-07-10,EVE,909
2018-07-11,MID,633
2018-07-11,EVE,136
2018-07-12,MID,294
2018-07-12,EVE,164
2018-07-13,MID,506
2018-07-13,EVE,115
2018-07-14,MID,101
2018-07-14,EVE,806
2018-07-15,MID,000
2018-07-15,EVE,830
2018-07-16,MID,912
2018-07-16,EVE,371
2018-07-17,MID,303
2018-07-17,EVE,076
2018-07-18,MID,873
2018-07-18,EVE,790
2018-07-19,MID,215
2018-07-19,EVE,992
2018-07-20,MID,445
2018-07-20,EVE,637
2018-07-21,MID,368
2018-07-21,EVE,553
2018-07-22,MID,041
2018-07-22,EVE,792
2018-07-23,MID,775
2018-07-23,EVE,003
2018-07-24,MID,009
2018-07-24,EVE,120
2018-07-25,MID,769
2018-07-25,EVE,241
2018-07-26,MID,100
2018-07-26,EVE,537
2018-07-27,MID,911
2018-07-27,EVE,711
2018-07-28,MID,961
2018-07-28,EVE,806
2018-07-29,MID,722
2018-07-29,EVE,451
2018-07-30,MID,450
2018-07-30,EVE,781
2018-07-31,MID,716
2018-07-31,EVE,774
2018-08-01,MID,000
2018-08-01,EVE,428
2018-08-02,MID,218
2018-08-02,EVE,844
2018-08-03,MID,987
2018-08-03,EVE,318
2018-08-04,MID,340
2018-08-04,EVE,696
2018-08-05,MID,679
2018-08-05,EVE,185
2018-08-06,MID,621
2018-08-06,EVE,217
2018-08-07,MID,488
2018-08-07,EVE,361
2018-08-08,MID,220
2018-08-08,EVE,443
2018-08-09,MID,772
2018-08-09,EVE,101
2018-08-10,MID,975
2018-08-10,EVE,918
2018-08-11,MID,151
2018-08-11,EVE,695
2018-08-12,MID,052
2018-08-12,EVE,121
2018-08-13,MID,877
2018-08-13,EVE,829
2018-08-14,MID,276
2018-08-14,EVE,151
2018-08-15,MID,679
2018-08-15,EVE,720
2018-08-16,MID,280
2018-08-16,EVE,594
2018-08-17,MID,202
2018-08-17,EVE,612
2018-08-18,MID,359
2018-08-18,EVE,211
2018-08-19,MID,517
2018-08-19,EVE,767
2018-08-20,MID,966
2018-08-20,EVE,771
2018-08-21,MID,656
2018-08-21,EVE,963
2018-08-22,MID,280
2018-08-22,EVE,987
2018-08-23,MID,014
2018-08-23,EVE,221
2018-08-24,MID,367
2018-08-24,EVE,143
2018-08-25,MID,526
2018-08-25,EVE,877
2018-08-26,MID,467
2018-08-26,EVE,015
2018-08-27,MID,725
2018-08-27,EVE,782
2018-08-28,MID,571
2018-08-28,EVE,036
2018-08-29,MID,332
2018-08-29,EVE,241
2018-08-30,MID,060
2018-08-30,EVE,367
2018-08-31,MID,960
2018-08-31,EVE,184
2018-09-01,MID,277
2018-09-01,EVE,359
2018-09-02,MID,671
2018-09-02,EVE,418
2018-09-03,MID,318
2018-09-03,EVE,705
2018-09-04,MID,538
2018-09-04,EVE,440
2018-09-05,MID,195
2018-09-05,EVE,677
2018-09-06,MID,118
2018-09-06,EVE,699
2018-09-07,MID,136
2018-09-07,EVE,903
2018-09-08,MID,505
2018-09-08,EVE,489
2018-09-09,MID,534
2018-09-09,EVE,279
2018-09-10,MID,702
2018-09-10,EVE,835
2018-09-11,MID,861
2018-09-11,EVE,113
2018-09-12,MID,193
2018-09-12,EVE,349
2018-09-13,MID,840
2018-09-13,EVE,389
2018-09-14,MID,179
2018-09-14,EVE,661
2018-09-15,MID,451
2018-09-15,EVE,015
2018-09-16,MID,400
2018-09-16,EVE,235
2018-09-17,MID,268
2018-09-17,EVE,754
2018-09-18,MID,392
2018-09-18,EVE,713
2018-09-19,MID,709
2018-09-19,EVE,990
2018-09-20,MID,060
2018-09-20,EVE,661
2018-09-21,MID,528
2018-09-21,EVE,744
2018-09-22,MID,682
2018-09-22,EVE,336
2018-09-23,MID,303
2018-09-23,EVE,722
2018-09-24,MID,901
2018-09-24,EVE,251
2018-09-25,MID,732
2018-09-25,EVE,125
2018-09-26,MID,024
2018-09-26,EVE,630
2018-09-27,MID,245
2018-09-27,EVE,019
2018-09-28,MID,316
2018-09-28,EVE,179
2018-09-29,MID,215
2018-09-29,EVE,828
2018-09-30,MID,202
2018-09-30,EVE,704
2018-10-01,MID,171
2018-10-01,EVE,216
2018-10-02,MID,293
2018-10-02,EVE,255
2018-10-03,MID,523
2018-10-03,EVE,502
2018-10-04,MID,986
2018-10-04,EVE,143
2018-10-05,MID,831
2018-10-05,EVE,668
2018-10-06,MID,710
2018-10-06,EVE,615
2018-10-07,MID,533
2018-10-07,EVE,038
2018-10-08,MID,314
2018-10-08,EVE,744
2018-10-09,MID,644
2018-10-09,EVE,677
2018-10-10,MID,864
2018-10-10,EVE,202
2018-10-11,MID,352
2018-10-11,EVE,023
2018-10-12,MID,937
2018-10-12,EVE,789
2018-10-13,MID,794
2018-10-13,EVE,558
2018-10-14,MID,524
2018-10-14,EVE,779
2018-10-15,MID,258
2018-10-15,EVE,749
2018-10-16,MID,473
2018-10-16,EVE,189
2018-10-17,MID,525
2018-10-17,EVE,559
2018-10-18,MID,351
2018-10-18,EVE,306
2018-10-19,MID,867
2018-10-19,EVE,636
2018-10-20,MID,346
2018-10-20,EVE,854
2018-10-21,MID,163
2018-10-21,EVE,517
2018-10-22,MID,301
2018-10-22,EVE,458
2018-10-23,MID,026
2018-10-23,EVE,583
2018-10-24,MID,660
2018-10-24,EVE,906
2018-10-25,MID,789
2018-10-25,EVE,854
2018-10-26,MID,662
2018-10-26,EVE,918
2018-10-27,MID,815
2018-10-27,EVE,422
2018-10-28,MID,403
2018-10-28,EVE,758
2018-10-29,MID,489
2018-10-29,EVE,520
2018-10-30,MID,654
2018-10-30,EVE,038
2018-10-31,MID,932
2018-10-31,EVE,391
2018-11-01,MID,060
2018-11-01,EVE,200
2018-11-02,MID,728
2018-11-02,EVE,638
2018-11-03,MID,598
2018-11-03,EVE,408
2018-11-04,MID,531
2018-11-04,EVE,215
2018-11-05,MID,160
2018-11-05,EVE,455
2018-11-06,MID,175
2018-11-06,EVE,047
2018-11-07,MID,082
2018-11-07,EVE,133
2018-11-08,MID,658
2018-11-08,EVE,418
2018-11-09,MID,175
2018-11-09,EVE,679
2018-11-10,MID,616
2018-11-10,EVE,540
2018-11-11,MID,557
2018-11-11,EVE,800
2018-11-12,MID,422
2018-11-12,EVE,994
2018-11-13,MID,468
2018-11-13,EVE,703
2018-11-14,MID,773
2018-11-14,EVE,424
2018-11-15,MID,740
2018-11-15,EVE,651
2018-11-16,MID,732
2018-11-16,EVE,528
2018-11-17,MID,193
2018-11-17,EVE,620
2018-11-18,MID,576
2018-11-18,EVE,174
2018-11-19,MID,976
2018-11-19,EVE,068
2018-11-20,MID,434
2018-11-20,EVE,568
2018-11-21,MID,965
2018-11-21,EVE,427
2018-11-22,MID,756
2018-11-22,EVE,061
2018-11-23,MID,748
2018-11-23,EVE,503
2018-11-24,MID,958
2018-11-24,EVE,489
2018-11-25,MID,152
2018-11-25,EVE,918
2018-11-26,MID,518
2018-11-26,EVE,331
2018-11-27,MID,658
2018-11-27,EVE,920
2018-11-28,MID,392
2018-11-28,EVE,223
2018-11-29,MID,946
2018-11-29,EVE,792
2018-11-30,MID,867
2018-11-30,EVE,409
2018-12-01,MID,034
2018-12-01,EVE,085
2018-12-02,MID,487
2018-12-02,EVE,292
2018-12-03,MID,481
2018-12-03,EVE,962
2018-12-04,MID,749
2018-12-04,EVE,707
2018-12-05,MID,715
2018-12-05,EVE,155
2018-12-06,MID,689
2018-12-06,EVE,414
2018-12-07,MID,031
2018-12-07,EVE,056
2018-12-08,MID,322
2018-12-08,EVE,311
2018-12-09,MID,880
2018-12-09,EVE,432
2018-12-10,MID,121
2018-12-10,EVE,695
2018-12-11,MID,304
2018-12-11,EVE,679
2018-12-12,MID,901
2018-12-12,EVE,352
2018-12-13,MID,723
2018-12-13,EVE,084
2018-12-14,MID,224
2018-12-14,EVE,553
2018-12-15,MID,519
2018-12-15,EVE,214
2018-12-16,MID,067
2018-12-16,EVE,516
2018-12-17,MID,375
2018-12-17,EVE,154
2018-12-18,MID,063
2018-12-18,EVE,534
2018-12-19,MID,252
2018-12-19,EVE,207
2018-12-20,MID,028
2018-12-20,EVE,649
2018-12-21,MID,742
2018-12-21,EVE,487
2018-12-22,MID,509
2018-12-22,EVE,818
2018-12-23,MID,522
2018-12-23,EVE,886
2018-12-24,MID,459
2018-12-24,EVE,900
2018-12-25,MID,328
2018-12-25,EVE,763
2018-12-26,MID,803
2018-12-26,EVE,781
2018-12-27,MID,353
2018-12-27,EVE,306
2018-12-28,MID,574
2018-12-28,EVE,166
2018-12-29,MID,888
2018-12-29,EVE,759
2018-12-30,MID,365
2018-12-30,EVE,881
2018-12-31,MID,242
2018-12-31,EVE,628
2019-01-01,MID,732
2019-01-01,EVE,274
2019-01-02,MID,344
2019-01-02,EVE,596
2019-01-03,MID,246
2019-01-03,EVE,857
2019-01-04,MID,987
2019-01-04,EVE,135
2019-01-05,MID,824
2019-01-05,EVE,398
2019-01-06,MID,947
2019-01-06,EVE,855
2019-01-07,MID,684
2019-01-07,EVE,053
2019-01-08,MID,108
2019-01-08,EVE,119
2019-01-09,MID,018
2019-01-09,EVE,220
2019-01-10,MID,290
2019-01-10,EVE,008
2019-01-11,MID,524
2019-01-11,EVE,786
2019-01-12,MID,065
2019-01-12,EVE,816
2019-01-13,MID,010
2019-01-13,EVE,924
2019-01-14,MID,857
2019-01-14,EVE,762
2019-01-15,MID,999
2019-01-15,EVE,525
2019-01-16,MID,912
2019-01-16,EVE,543
2019-01-17,MID,086
2019-01-17,EVE,647
2019-01-18,MID,278
2019-01-18,EVE,586
2019-01-19,MID,811
2019-01-19,EVE,954
2019-01-20,MID,573
2019-01-20,EVE,261
2019-01-21,MID,526
2019-01-21,EVE,916
2019-01-22,MID,592
2019-01-22,EVE,277
2019-01-23,MID,215
2019-01-23,EVE,465
2019-01-24,MID,493
2019-01-24,EVE,837
2019-01-25,MID,904
2019-01-25,EVE,481
2019-01-26,MID,827
2019-01-26,EVE,723
2019-01-27,MID,389
2019-01-27,EVE,298
2019-01-28,MID,730
2019-01-28,EVE,304
2019-01-29,MID,643
2019-01-29,EVE,737
2019-01-30,MID,636
2019-01-30,EVE,292
2019-01-31,MID,445
2019-01-31,EVE,169
2019-02-01,MID,684
2019-02-01,EVE,534
2019-02-02,MID,786
2019-02-02,EVE,667
2019-02-03,MID,341
2019-02-03,EVE,378
2019-02-04,MID,304
2019-02-04,EVE,768
2019-02-05,MID,898
2019-02-05,EVE,798
2019-02-06,MID,089
2019-02-06,EVE,919
2019-02-07,MID,115
2019-02-07,EVE,124
2019-02-08,MID,877
2019-02-08,EVE,462
2019-02-09,MID,334
2019-02-09,EVE,877
2019-02-10,MID,314
2019-02-10,EVE,660
2019-02-11,MID,421
2019-02-11,EVE,951
2019-02-12,MID,118
2019-02-12,EVE,943
2019-02-13,MID,237
2019-02-13,EVE,291
2019-02-14,MID,218
2019-02-14,EVE,853
2019-02-15,MID,832
2019-02-15,EVE,250
2019-02-16,MID,201
2019-02-16,EVE,301
2019-02-17,MID,942
2019-02-17,EVE,104
2019-02-18,MID,194
2019-02-18,EVE,362
2019-02-19,MID,924
2019-02-19,EVE,906
2019-02-20,MID,773
2019-02-20,EVE,273
2019-02-21,MID,476
2019-02-21,EVE,787
2019-02-22,MID,517
2019-02-22,EVE,203
2019-02-23,MID,442
2019-02-23,EVE,479
2019-02-24,MID,219
2019-02-24,EVE,221
2019-02-25,MID,087
2019-02-25,EVE,746
2019-02-26,MID,649
2019-02-26,EVE,929
2019-02-27,MID,500
2019-02-27,EVE,190
2019-02-28,MID,361
2019-02-28,EVE,382
2019-03-01,MID,945
2019-03-01,EVE,788
2019-03-02,MID,556
2019-03-02,EVE,341
2019-03-03,MID,941
2019-03-03,EVE,614
2019-03-04,MID,084
2019-03-04,EVE,035
2019-03-05,MID,419
2019-03-05,EVE,569
2019-03-06,MID,959
2019-03-06,EVE,964
2019-03-07,MID,592
2019-03-07,EVE,503
2019-03-08,MID,361
2019-03-08,EVE,945
2019-03-09,MID,146
2019-03-09,EVE,301
2019-03-10,MID,078
2019-03-10,EVE,053
2019-03-11,MID,918
2019-03-11,EVE,039
2019-03-12,MID,825
2019-03-12,EVE,514
2019-03-13,MID,695
2019-03-13,EVE,440
2019-03-14,MID,933
2019-03-14,EVE,454
2019-03-15,MID,373
2019-03-15,EVE,508
2019-03-16,MID,994
2019-03-16,EVE,229
2019-03-17,MID,180
2019-03-17,EVE,404
2019-03-18,MID,891
2019-03-18,EVE,915
2019-03-19,MID,887
2019-03-19,EVE,635
2019-03-20,MID,331
2019-03-20,EVE,590
2019-03-21,MID,785
2019-03-21,EVE,780
2019-03-22,MID,932
2019-03-22,EVE,880
2019-03-23,MID,251
2019-03-23,EVE,726
2019-03-24,MID,233
2019-03-24,EVE,021
2019-03-25,MID,368
2019-03-25,EVE,266
2019-03-26,MID,363
2019-03-26,EVE,283
2019-03-27,MID,866
2019-03-27,EVE,594
2019-03-28,MID,701
2019-03-28,EVE,847
2019-03-29,MID,582
2019-03-29,EVE,838
2019-03-30,MID,164
2019-03-30,EVE,055
2019-03-31,MID,154
2019-03-31,EVE,889
2019-04-01,MID,675
2019-04-01,EVE,694
2019-04-02,MID,588
2019-04-02,EVE,386
2019-04-03,MID,712
2019-04-03,EVE,941
2019-04-04,MID,702
2019-04-04,EVE,403
2019-04-05,MID,730
2019-04-05,EVE,068
2019-04-06,MID,914
2019-04-06,EVE,423
2019-04-07,MID,310
2019-04-07,EVE,747
2019-04-08,MID,728
2019-04-08,EVE,605
2019-04-09,MID,316
2019-04-09,EVE,890
2019-04-10,MID,591
2019-04-10,EVE,647
2019-04-11,MID,158
2019-04-11,EVE,178
2019-04-12,MID,857
2019-04-12,EVE,344
2019-04-13,MID,783
2019-04-13,EVE,799
2019-04-14,MID,395
2019-04-14,EVE,079
2019-04-15,MID,844
2019-04-15,EVE,025
2019-04-16,MID,584
2019-04-16,EVE,258
2019-04-17,MID,803
2019-04-17,EVE,907
2019-04-18,MID,068
2019-04-18,EVE,920
2019-04-19,MID,618
2019-04-19,EVE,103
2019-04-20,MID,928
2019-04-20,EVE,110
2019-04-21,MID,018
2019-04-21,EVE,759
2019-04-22,MID,318
2019-04-22,EVE,771
2019-04-23,MID,593
2019-04-23,EVE,481
2019-04-24,MID,012
2019-04-24,EVE,837
2019-04-25,MID,006
2019-04-25,EVE,516
2019-04-26,MID,363
2019-04-26,EVE,637
2019-04-27,MID,934
2019-04-27,EVE,728
2019-04-28,MID,404
2019-04-28,EVE,272
2019-04-29,MID,856
2019-04-29,EVE,172
2019-04-30,MID,964
2019-04-30,EVE,457
2019-05-01,MID,212
2019-05-01,EVE,959
2019-05-02,MID,351
2019-05-02,EVE,987
2019-05-03,MID,444
2019-05-03,EVE,768
2019-05-04,MID,122
2019-05-04,EVE,408
2019-05-05,MID,976
2019-05-05,EVE,813
2019-05-06,MID,244
2019-05-06,EVE,165
2019-05-07,MID,284
2019-05-07,EVE,496
2019-05-08,MID,782
2019-05-08,EVE,427
2019-05-09,MID,693
2019-05-09,EVE,379
2019-05-10,MID,544
2019-05-10,EVE,664
2019-05-11,MID,729
2019-05-11,EVE,908
2019-05-12,MID,971
2019-05-12,EVE,588
2019-05-13,MID,587
2019-05-13,EVE,981
2019-05-14,MID,385
2019-05-14,EVE,277
2019-05-15,MID,185
2019-05-15,EVE,948
2019-05-16,MID,272
2019-05-16,EVE,484
2019-05-17,MID,161
2019-05-17,EVE,611
2019-05-18,MID,339
2019-05-18,EVE,996
2019-05-19,MID,533
2019-05-19,EVE,941
2019-05-20,MID,508
2019-05-20,EVE,338
2019-05-21,MID,761
2019-05-21,EVE,041
2019-05-22,MID,785
2019-05-22,EVE,444
2019-05-23,MID,370
2019-05-23,EVE,821
2019-05-24,MID,140
2019-05-24,EVE,556
2019-05-25,MID,318
2019-05-25,EVE,274
2019-05-26,MID,304
2019-05-26,EVE,843
2019-05-27,MID,160
2019-05-27,EVE,883
2019-05-28,MID,113
2019-05-28,EVE,305
2019-05-29,MID,814
2019-05-29,EVE,919
2019-05-30,MID,442
2019-05-30,EVE,597
2019-05-31,MID,463
2019-05-31,EVE,191
2019-06-01,MID,785
2019-06-01,EVE,775
2019-06-02,MID,958
2019-06-02,EVE,439
2019-06-03,MID,011
2019-06-03,EVE,527
2019-06-04,MID,017
2019-06-04,EVE,292
2019-06-05,MID,057
2019-06-05,EVE,860
2019-06-06,MID,905
2019-06-06,EVE,195
2019-06-07,MID,494
2019-06-07,EVE,681
2019-06-08,MID,675
2019-06-08,EVE,343
2019-06-09,MID,601
2019-06-09,EVE,984
2019-06-10,MID,497
2019-06-10,EVE,336
2019-06-11,MID,317
2019-06-11,EVE,610
2019-06-12,MID,474
2019-06-12,EVE,497
2019-06-13,MID,357
2019-06-13,EVE,049
2019-06-14,MID,569
2019-06-14,EVE,353
2019-06-15,MID,650
2019-06-15,EVE,871
2019-06-16,MID,404
2019-06-16,EVE,710
2019-06-17,MID,226
2019-06-17,EVE,093
2019-06-18,MID,982
2019-06-18,EVE,817
2019-06-19,MID,471
2019-06-19,EVE,185
2019-06-20,MID,907
2019-06-20,EVE,262
2019-06-21,MID,898
2019-06-21,EVE,652
2019-06-22,MID,421
2019-06-22,EVE,044
2019-06-23,MID,338
2019-06-23,EVE,067
2019-06-24,MID,573
2019-06-24,EVE,763
2019-06-25,MID,838
2019-06-25,EVE,535
2019-06-26,MID,880
2019-06-26,EVE,128
2019-06-27,MID,630
2019-06-27,EVE,088
2019-06-28,MID,114
2019-06-28,EVE,355
2019-06-29,MID,503
2019-06-29,EVE,570
2019-06-30,MID,670
2019-06-30,EVE,774
2019-07-01,MID,503
2019-07-01,EVE,510
2019-07-02,MID,723
2019-07-02,EVE,232
2019-07-03,MID,316
2019-07-03,EVE,063
2019-07-04,MID,709
2019-07-04,EVE,252
2019-07-05,MID,935
2019-07-05,EVE,882
2019-07-06,MID,506
2019-07-06,EVE,234
2019-07-07,MID,774
2019-07-07,EVE,977
2019-07-08,MID,768
2019-07-08,EVE,506
2019-07-09,MID,822
2019-07-09,EVE,006
2019-07-10,MID,296
2019-07-10,EVE,627
2019-07-11,MID,080
2019-07-11,EVE,501
2019-07-12,MID,981
2019-07-12,EVE,114
2019-07-13,MID,278
2019-07-13,EVE,615
2019-07-14,MID,000
2019-07-14,EVE,690
2019-07-15,MID,345
2019-07-15,EVE,298
2019-07-16,MID,310
2019-07-16,EVE,349
2019-07-17,MID,790
2019-07-17,EVE,220
2019-07-18,MID,265
2019-07-18,EVE,742
2019-07-19,MID,570
2019-07-19,EVE,294
2019-07-20,MID,667
2019-07-20,EVE,718
2019-07-21,MID,384
2019-07-21,EVE,528
2019-07-22,MID,723
2019-07-22,EVE,844
2019-07-23,MID,357
2019-07-23,EVE,027
2019-07-24,MID,385
2019-07-24,EVE,488
2019-07-25,MID,686
2019-07-25,EVE,788
2019-07-26,MID,234
2019-07-26,EVE,546
2019-07-27,MID,570
2019-07-27,EVE,797
2019-07-28,MID,575
2019-07-28,EVE,774
2019-07-29,MID,364
2019-07-29,EVE,537
2019-07-30,MID,307
2019-07-30,EVE,808
2019-07-31,MID,725
2019-07-31,EVE,064
2019-08-01,MID,099
2019-08-01,EVE,374
2019-08-02,MID,883
2019-08-02,EVE,103
2019-08-03,MID,978
2019-08-03,EVE,561
2019-08-04,MID,504
2019-08-04,EVE,498
2019-08-05,MID,678
2019-08-05,EVE,338
2019-08-06,MID,233
2019-08-06,EVE,941
2019-08-07,MID,706
2019-08-07,EVE,762
2019-08-08,MID,199
2019-08-08,EVE,330
2019-08-09,MID,542
2019-08-09,EVE,097
2019-08-10,MID,477
2019-08-10,EVE,069
2019-08-11,MID,669
2019-08-11,EVE,490
2019-08-12,MID,116
2019-08-12,EVE,319
2019-08-13,MID,291
2019-08-13,EVE,369
2019-08-14,MID,632
2019-08-14,EVE,982
2019-08-15,MID,913
2019-08-15,EVE,987
2019-08-16,MID,193
2019-08-16,EVE,245
2019-08-17,MID,199
2019-08-17,EVE,388
2019-08-18,MID,696
2019-08-18,EVE,205
2019-08-19,MID,690
2019-08-19,EVE,952
2019-08-20,MID,651
2019-08-20,EVE,105
2019-08-21,MID,444
2019-08-21,EVE,374
2019-08-22,MID,620
2019-08-22,EVE,804
2019-08-23,MID,121
2019-08-23,EVE,137
2019-08-24,MID,827
2019-08-24,EVE,794
2019-08-25,MID,579
2019-08-25,EVE,189
2019-08-26,MID,724
2019-08-26,EVE,776
2019-08-27,MID,187
2019-08-27,EVE,496
2019-08-28,MID,872
2019-08-28,EVE,372
2019-08-29,MID,305
2019-08-29,EVE,584
2019-08-30,MID,180
2019-08-30,EVE,207
2019-08-31,MID,964
2019-08-31,EVE,321
2019-09-01,MID,429
2019-09-01,EVE,543
2019-09-02,MID,918
2019-09-02,EVE,703
2019-09-03,MID,864
2019-09-03,EVE,473
2019-09-04,MID,744
2019-09-04,EVE,796
2019-09-05,MID,871
2019-09-05,EVE,393
2019-09-06,MID,273
2019-09-06,EVE,242
2019-09-07,MID,946
2019-09-07,EVE,994
2019-09-08,MID,790
2019-09-08,EVE,269
2019-09-09,MID,639
2019-09-09,EVE,880
2019-09-10,MID,616
2019-09-10,EVE,929
2019-09-11,MID,627
2019-09-11,EVE,515
2019-09-12,MID,359
2019-09-12,EVE,675
2019-09-13,MID,264
2019-09-13,EVE,448
2019-09-14,MID,488
2019-09-14,EVE,413
2019-09-15,MID,408
2019-09-15,EVE,241
2019-09-16,MID,912
2019-09-16,EVE,615
2019-09-17,MID,046
2019-09-17,EVE,675
2019-09-18,MID,076
2019-09-18,EVE,489
2019-09-19,MID,386
2019-09-19,EVE,727
2019-09-20,MID,789
2019-09-20,EVE,624
2019-09-21,MID,688
2019-09-21,EVE,109
2019-09-22,MID,360
2019-09-22,EVE,147
2019-09-23,MID,266
2019-09-23,EVE,045
2019-09-24,MID,113
2019-09-24,EVE,196
2019-09-25,MID,533
2019-09-25,EVE,581
2019-09-26,MID,873
2019-09-26,EVE,608
2019-09-27,MID,723
2019-09-27,EVE,050
2019-09-28,MID,588
2019-09-28,EVE,482
2019-09-29,MID,070
2019-09-29,EVE,157
2019-09-30,MID,945
2019-09-30,EVE,962
2019-10-01,MID,950
2019-10-01,EVE,381
2019-10-02,MID,623
2019-10-02,EVE,125
2019-10-03,MID,276
2019-10-03,EVE,129
2019-10-04,MID,334
2019-10-04,EVE,459
2019-10-05,MID,799
2019-10-05,EVE,764
2019-10-06,MID,020
2019-10-06,EVE,909
2019-10-07,MID,427
2019-10-07,EVE,679
2019-10-08,MID,757
2019-10-08,EVE,968
2019-10-09,MID,023
2019-10-09,EVE,658
2019-10-10,MID,623
2019-10-10,EVE,979
2019-10-11,MID,359
2019-10-11,EVE,036
2019-10-12,MID,930
2019-10-12,EVE,769
2019-10-13,MID,012
2019-10-13,EVE,641
2019-10-14,MID,215
2019-10-14,EVE,728
2019-10-15,MID,548
2019-10-15,EVE,291
2019-10-16,MID,626
2019-10-16,EVE,950
2019-10-17,MID,797
2019-10-17,EVE,819
2019-10-18,MID,874
2019-10-18,EVE,404
2019-10-19,MID,040
2019-10-19,EVE,827
2019-10-20,MID,656
2019-10-20,EVE,697
2019-10-21,MID,285
2019-10-21,EVE,111
2019-10-22,MID,406
2019-10-22,EVE,341
2019-10-23,MID,303
2019-10-23,EVE,497
2019-10-24,MID,694
2019-10-24,EVE,230
2019-10-25,MID,060
2019-10-25,EVE,328
2019-10-26,MID,619
2019-10-26,EVE,412
2019-10-27,MID,149
2019-10-27,EVE,159
2019-10-28,MID,480
2019-10-28,EVE,727
2019-10-29,MID,638
2019-10-29,EVE,277
2019-10-30,MID,491
2019-10-30,EVE,526
2019-10-31,MID,750
2019-10-31,EVE,433
2019-11-01,MID,141
2019-11-01,EVE,616
2019-11-02,MID,939
2019-11-02,EVE,848
2019-11-03,MID,828
2019-11-03,EVE,050
2019-11-04,MID,501
2019-11-04,EVE,413
2019-11-05,MID,497
2019-11-05,EVE,945
2019-11-06,MID,990
2019-11-06,EVE,059
2019-11-07,MID,207
2019-11-07,EVE,307
2019-11-08,MID,572
2019-11-08,EVE,281
2019-11-09,MID,246
2019-11-09,EVE,552
2019-11-10,MID,469
2019-11-10,EVE,625
2019-11-11,MID,039
2019-11-11,EVE,774
2019-11-12,MID,580
2019-11-12,EVE,462
2019-11-13,MID,021
2019-11-13,EVE,158
2019-11-14,MID,949
2019-11-14,EVE,740
2019-11-15,MID,947
2019-11-15,EVE,758
2019-11-16,MID,202
2019-11-16,EVE,466
2019-11-17,MID,979
2019-11-17,EVE,061
2019-11-18,MID,293
2019-11-18,EVE,180
2019-11-19,MID,994
2019-11-19,EVE,331
2019-11-20,MID,883
2019-11-20,EVE,299
2019-11-21,MID,962
2019-11-21,EVE,949
2019-11-22,MID,349
2019-11-22,EVE,971
2019-11-23,MID,978
2019-11-23,EVE,108
2019-11-24,MID,801
2019-11-24,EVE,124
2019-11-25,MID,916
2019-11-25,EVE,984
2019-11-26,MID,715
2019-11-26,EVE,517
2019-11-27,MID,413
2019-11-27,EVE,720
2019-11-28,MID,559
2019-11-28,EVE,209
2019-11-29,MID,766
2019-11-29,EVE,957
2019-11-30,MID,908
2019-11-30,EVE,840
2019-12-01,MID,573
2019-12-01,EVE,784
2019-12-02,MID,628
2019-12-02,EVE,245
2019-12-03,MID,366
2019-12-03,EVE,921
2019-12-04,MID,649
2019-12-04,EVE,035
2019-12-05,MID,172
2019-12-05,EVE,313
2019-12-06,MID,694
2019-12-06,EVE,399
2019-12-07,MID,023
2019-12-07,EVE,994
2019-12-08,MID,907
2019-12-08,EVE,392
2019-12-09,MID,845
2019-12-09,EVE,977
2019-12-10,MID,016
2019-12-10,EVE,578
2019-12-11,MID,962
2019-12-11,EVE,725
2019-12-12,MID,614
2019-12-12,EVE,994
2019-12-13,MID,910
2019-12-13,EVE,778
2019-12-14,MID,533
2019-12-14,EVE,805
2019-12-15,MID,429
2019-12-15,EVE,393
2019-12-16,MID,317
2019-12-16,EVE,039
2019-12-17,MID,611
2019-12-17,EVE,096
2019-12-18,MID,256
2019-12-18,EVE,418
2019-12-19,MID,032
2019-12-19,EVE,536
2019-12-20,MID,787
2019-12-20,EVE,451
2019-12-21,MID,310
2019-12-21,EVE,705
2019-12-22,MID,055
2019-12-22,EVE,817
2019-12-23,MID,575
2019-12-23,EVE,994
2019-12-24,MID,651
2019-12-24,EVE,230
2019-12-25,MID,039
2019-12-25,EVE,776
2019-12-26,MID,947
2019-12-26,EVE,371
2019-12-27,MID,534
2019-12-27,EVE,847
2019-12-28,MID,528
2019-12-28,EVE,632
2019-12-29,MID,815
2019-12-29,EVE,869
2019-12-30,MID,983
2019-12-30,EVE,765
2019-12-31,MID,079
2019-12-31,EVE,714
2020-01-01,MID,430
2020-01-01,EVE,931
2020-01-02,MID,954
2020-01-02,EVE,950
2020-01-03,MID,370
2020-01-03,EVE,580
2020-01-04,MID,278
2020-01-04,EVE,382
2020-01-05,MID,144
2020-01-05,EVE,589
2020-01-06,MID,307
2020-01-06,EVE,587
2020-01-07,MID,173
2020-01-07,EVE,959
2020-01-08,MID,368
2020-01-08,EVE,898
2020-01-09,MID,420
2020-01-09,EVE,224
2020-01-10,MID,353
2020-01-10,EVE,315
2020-01-11,MID,045
2020-01-11,EVE,356
2020-01-12,MID,997
2020-01-12,EVE,284
2020-01-13,MID,724
2020-01-13,EVE,401
2020-01-14,MID,082
2020-01-14,EVE,749
2020-01-15,MID,096
2020-01-15,EVE,993
2020-01-16,MID,535
2020-01-16,EVE,075
2020-01-17,MID,935
2020-01-17,EVE,444
2020-01-18,MID,589
2020-01-18,EVE,088
2020-01-19,MID,580
2020-01-19,EVE,961
2020-01-20,MID,742
2020-01-20,EVE,985
2020-01-21,MID,332
2020-01-21,EVE,058
2020-01-22,MID,690
2020-01-22,EVE,741
2020-01-23,MID,330
2020-01-23,EVE,027
2020-01-24,MID,941
2020-01-24,EVE,855
2020-01-25,MID,841
2020-01-25,EVE,910
2020-01-26,MID,965
2020-01-26,EVE,823
2020-01-27,MID,895
2020-01-27,EVE,003
2020-01-28,MID,596
2020-01-28,EVE,698
2020-01-29,MID,249
2020-01-29,EVE,933
2020-01-30,MID,304
2020-01-30,EVE,839
2020-01-31,MID,311
2020-01-31,EVE,988
2020-02-01,MID,839
2020-02-01,EVE,118
2020-02-02,MID,417
2020-02-02,EVE,770
2020-02-03,MID,302
2020-02-03,EVE,001
2020-02-04,MID,127
2020-02-04,EVE,586
2020-02-05,MID,486
2020-02-05,EVE,056
2020-02-06,MID,262
2020-02-06,EVE,557
2020-02-07,MID,601
2020-02-07,EVE,587
2020-02-08,MID,666
2020-02-08,EVE,733
2020-02-09,MID,159
2020-02-09,EVE,396
2020-02-10,MID,926
2020-02-10,EVE,963
2020-02-11,MID,036
2020-02-11,EVE,174
2020-02-12,MID,665
2020-02-12,EVE,643
2020-02-13,MID,277
2020-02-13,EVE,311
2020-02-14,MID,667
2020-02-14,EVE,332
2020-02-15,MID,336
2020-02-15,EVE,137
2020-02-16,MID,430
2020-02-16,EVE,838
2020-02-17,MID,363
2020-02-17,EVE,794
2020-02-18,MID,929
2020-02-18,EVE,062
2020-02-19,MID,884
2020-02-19,EVE,430
2020-02-20,MID,494
2020-02-20,EVE,908
2020-02-21,MID,943
2020-02-21,EVE,638
2020-02-22,MID,541
2020-02-22,EVE,650
2020-02-23,MID,947
2020-02-23,EVE,657
2020-02-24,MID,834
2020-02-24,EVE,579
2020-02-25,MID,075
2020-02-25,EVE,895
2020-02-26,MID,737
2020-02-26,EVE,875
2020-02-27,MID,417
2020-02-27,EVE,422
2020-02-28,MID,164
2020-02-28,EVE,028
2020-02-29,MID,412
2020-02-29,EVE,612
2020-03-01,MID,207
2020-03-01,EVE,214
2020-03-02,MID,832
2020-03-02,EVE,838
2020-03-03,MID,645
2020-03-03,EVE,286
2020-03-04,MID,847
2020-03-04,EVE,523
2020-03-05,MID,626
2020-03-05,EVE,794
2020-03-06,MID,607
2020-03-06,EVE,684
2020-03-07,MID,004
2020-03-07,EVE,516
2020-03-08,MID,186
2020-03-08,EVE,218
2020-03-09,MID,783
2020-03-09,EVE,905
2020-03-10,MID,207
2020-03-10,EVE,724
2020-03-11,MID,596
2020-03-11,EVE,497
2020-03-12,MID,805
2020-03-12,EVE,581
2020-03-13,MID,884
2020-03-13,EVE,184
2020-03-14,MID,230
2020-03-14,EVE,074
2020-03-15,MID,761
2020-03-15,EVE,196
2020-03-16,MID,062
2020-03-16,EVE,071
2020-03-17,MID,791
2020-03-17,EVE,482
2020-03-18,MID,477
2020-03-18,EVE,038
2020-03-19,MID,953
2020-03-19,EVE,442
2020-03-20,MID,870
2020-03-20,EVE,490
2020-03-21,MID,280
2020-03-21,EVE,655
2020-03-22,MID,368
2020-03-22,EVE,482
2020-03-23,MID,724
2020-03-23,EVE,947
2020-03-24,MID,222
2020-03-24,EVE,842
2020-03-25,MID,604
2020-03-25,EVE,368
2020-03-26,MID,661
2020-03-26,EVE,353
2020-03-27,MID,203
2020-03-27,EVE,490
2020-03-28,MID,733
2020-03-28,EVE,367
2020-03-29,MID,894
2020-03-29,EVE,532
2020-03-30,MID,883
2020-03-30,EVE,974
2020-03-31,MID,623
2020-03-31,EVE,548
2020-04-01,MID,346
2020-04-01,EVE,797
2020-04-02,MID,796
2020-04-02,EVE,721
2020-04-03,MID,565
2020-04-03,EVE,133
2020-04-04,MID,350
2020-04-04,EVE,737
2020-04-05,MID,725
2020-04-05,EVE,858
2020-04-06,MID,119
2020-04-06,EVE,658
2020-04-07,MID,692
2020-04-07,EVE,305
2020-04-08,MID,696
2020-04-08,EVE,084
2020-04-09,MID,061
2020-04-09,EVE,591
2020-04-10,MID,801
2020-04-10,EVE,522
2020-04-11,MID,996
2020-04-11,EVE,521
2020-04-12,MID,379
2020-04-12,EVE,140
2020-04-13,MID,924
2020-04-13,EVE,207
2020-04-14,MID,517
2020-04-14,EVE,759
2020-04-15,MID,120
2020-04-15,EVE,592
2020-04-16,MID,247
2020-04-16,EVE,411
2020-04-17,MID,427
2020-04-17,EVE,767
2020-04-18,MID,671
2020-04-18,EVE,693
2020-04-19,MID,373
2020-04-19,EVE,066
2020-04-20,MID,750
2020-04-20,EVE,093
2020-04-21,MID,407
2020-04-21,EVE,748
2020-04-22,MID,674
2020-04-22,EVE,852
2020-04-23,MID,883
2020-04-23,EVE,883
2020-04-24,MID,436
2020-04-24,EVE,932
2020-04-25,MID,726
2020-04-25,EVE,795
2020-04-26,MID,914
2020-04-26,EVE,029
2020-04-27,MID,422
2020-04-27,EVE,467
2020-04-28,MID,134
2020-04-28,EVE,432
2020-04-29,MID,781
2020-04-29,EVE,499
2020-04-30,MID,936
2020-04-30,EVE,461
2020-05-01,MID,044
2020-05-01,EVE,414
2020-05-02,MID,929
2020-05-02,EVE,374
2020-05-03,MID,265
2020-05-03,EVE,747
2020-05-04,MID,125
2020-05-04,EVE,635
2020-05-05,MID,568
2020-05-05,EVE,856
2020-05-06,MID,917
2020-05-06,EVE,816
2020-05-07,MID,403
2020-05-07,EVE,692
2020-05-08,MID,498
2020-05-08,EVE,073
2020-05-09,MID,855
2020-05-09,EVE,909
2020-05-10,MID,118
2020-05-10,EVE,293
2020-05-11,MID,717
2020-05-11,EVE,580
2020-05-12,MID,821
2020-05-12,EVE,992
2020-05-13,MID,218
2020-05-13,EVE,039
2020-05-14,MID,677
2020-05-14,EVE,902
2020-05-15,MID,132
2020-05-15,EVE,397
2020-05-16,MID,431
2020-05-16,EVE,810
2020-05-17,MID,117
2020-05-17,EVE,050
2020-05-18,MID,356
2020-05-18,EVE,457
2020-05-19,MID,685
2020-05-19,EVE,327
2020-05-20,MID,041
2020-05-20,EVE,161
2020-05-21,MID,421
2020-05-21,EVE,658
2020-05-22,MID,015
2020-05-22,EVE,740
2020-05-23,MID,105
2020-05-23,EVE,359
2020-05-24,MID,166
2020-05-24,EVE,134
2020-05-25,MID,583
2020-05-25,EVE,497
2020-05-26,MID,944
2020-05-26,EVE,537
2020-05-27,MID,199
2020-05-27,EVE,137
2020-05-28,MID,306
2020-05-28,EVE,050
2020-05-29,MID,405
2020-05-29,EVE,520
2020-05-30,MID,976
2020-05-30,EVE,881
2020-05-31,MID,121
2020-05-31,EVE,715
2020-06-01,MID,088
2020-06-01,EVE,026
2020-06-02,MID,819
2020-06-02,EVE,910
2020-06-03,MID,752
2020-06-03,EVE,757
2020-06-04,MID,557
2020-06-04,EVE,589
2020-06-05,MID,775
2020-06-05,EVE,261
2020-06-06,MID,765
2020-06-06,EVE,822
2020-06-07,MID,886
2020-06-07,EVE,472
2020-06-08,MID,085
2020-06-08,EVE,199
2020-06-09,MID,701
2020-06-09,EVE,035
2020-06-10,MID,855
2020-06-10,EVE,176
2020-06-11,MID,043
2020-06-11,EVE,060
2020-06-12,MID,531
2020-06-12,EVE,651
2020-06-13,MID,139
2020-06-13,EVE,099
2020-06-14,MID,310
2020-06-14,EVE,674
2020-06-15,MID,292
2020-06-15,EVE,311
2020-06-16,MID,924
2020-06-16,EVE,042
2020-06-17,MID,140
2020-06-17,EVE,105
2020-06-18,MID,742
2020-06-18,EVE,681
2020-06-19,MID,913
2020-06-19,EVE,410
2020-06-20,MID,795
2020-06-20,EVE,568
2020-06-21,MID,785
2020-06-21,EVE,035
2020-06-22,MID,569
2020-06-22,EVE,391
2020-06-23,MID,497
2020-06-23,EVE,628
2020-06-24,MID,433
2020-06-24,EVE,792
2020-06-25,MID,267
2020-06-25,EVE,325
2020-06-26,MID,462
2020-06-26,EVE,081
2020-06-27,MID,878
2020-06-27,EVE,230
2020-06-28,MID,122
2020-06-28,EVE,981
2020-06-29,MID,389
2020-06-29,EVE,593
2020-06-30,MID,667
2020-06-30,EVE,589
2020-07-01,MID,897
2020-07-01,EVE,229
2020-07-02,MID,496
2020-07-02,EVE,548
2020-07-03,MID,097
2020-07-03,EVE,320
2020-07-04,MID,280
2020-07-04,EVE,680
2020-07-05,MID,521
2020-07-05,EVE,589
2020-07-06,MID,621
2020-07-06,EVE,501
2020-07-07,MID,098
2020-07-07,EVE,582
2020-07-08,MID,199
2020-07-08,EVE,309
2020-07-09,MID,844
2020-07-09,EVE,983
2020-07-10,MID,405
2020-07-10,EVE,247
2020-07-11,MID,085
2020-07-11,EVE,374
2020-07-12,MID,047
2020-07-12,EVE,746
2020-07-13,MID,664
2020-07-13,EVE,937
2020-07-14,MID,058
2020-07-14,EVE,018
2020-07-15,MID,937
2020-07-15,EVE,124
2020-07-16,MID,532
2020-07-16,EVE,835
2020-07-17,MID,023
2020-07-17,EVE,075
2020-07-18,MID,265
2020-07-18,EVE,396
2020-07-19,MID,659
2020-07-19,EVE,250
2020-07-20,MID,332
2020-07-20,EVE,495
2020-07-21,MID,232
2020-07-21,EVE,005
2020-07-22,MID,542
2020-07-22,EVE,399
2020-07-23,MID,437
2020-07-23,EVE,747
2020-07-24,MID,962
2020-07-24,EVE,158
2020-07-25,MID,962
2020-07-25,EVE,900
2020-07-26,MID,721
2020-07-26,EVE,379
2020-07-27,MID,625
2020-07-27,EVE,163
2020-07-28,MID,030
2020-07-28,EVE,085
2020-07-29,MID,573
2020-07-29,EVE,339
2020-07-30,MID,760
2020-07-30,EVE,592
2020-07-31,MID,012
2020-07-31,EVE,033
2020-08-01,MID,245
2020-08-01,EVE,405
2020-08-02,MID,941
2020-08-02,EVE,130
2020-08-03,MID,141
2020-08-03,EVE,359
2020-08-04,MID,686
2020-08-04,EVE,071
2020-08-05,MID,811
2020-08-05,EVE,749
2020-08-06,MID,517
2020-08-06,EVE,735
2020-08-07,MID,726
2020-08-07,EVE,255
2020-08-08,MID,147
2020-08-08,EVE,453
2020-08-09,MID,171
2020-08-09,EVE,575
2020-08-10,MID,120
2020-08-10,EVE,032
2020-08-11,MID,855
2020-08-11,EVE,747
2020-08-12,MID,574
2020-08-12,EVE,689
2020-08-13,MID,240
2020-08-13,EVE,234
2020-08-14,MID,041
2020-08-14,EVE,969
2020-08-15,MID,900
2020-08-15,EVE,244
2020-08-16,MID,110
2020-08-16,EVE,293
2020-08-17,MID,819
2020-08-17,EVE,719
2020-08-18,MID,478
2020-08-18,EVE,383
2020-08-19,MID,434
2020-08-19,EVE,649
2020-08-20,MID,184
2020-08-20,EVE,169
2020-08-21,MID,247
2020-08-21,EVE,855
2020-08-22,MID,517
2020-08-22,EVE,391
2020-08-23,MID,493
2020-08-23,EVE,771
2020-08-24,MID,611
2020-08-24,EVE,669
2020-08-25,MID,517
2020-08-25,EVE,115
2020-08-26,MID,589
2020-08-26,EVE,829
2020-08-27,MID,862
2020-08-27,EVE,575
2020-08-28,MID,103
2020-08-28,EVE,110
2020-08-29,MID,648
2020-08-29,EVE,517
2020-08-30,MID,157
2020-08-30,EVE,700
2020-08-31,MID,093
2020-08-31,EVE,212
2020-09-01,MID,099
2020-09-01,EVE,596
2020-09-02,MID,186
2020-09-02,EVE,242
2020-09-03,MID,378
2020-09-03,EVE,072
2020-09-04,MID,984
2020-09-04,EVE,285
2020-09-05,MID,129
2020-09-05,EVE,937
2020-09-06,MID,155
2020-09-06,EVE,128
2020-09-07,MID,077
2020-09-07,EVE,080
2020-09-08,MID,089
2020-09-08,EVE,079
2020-09-09,MID,469
2020-09-09,EVE,538
2020-09-10,MID,269
2020-09-10,EVE,426
2020-09-11,MID,006
2020-09-11,EVE,936
2020-09-12,MID,372
2020-09-12,EVE,160
2020-09-13,MID,389
2020-09-13,EVE,331
2020-09-14,MID,310
2020-09-14,EVE,033
2020-09-15,MID,393
2020-09-15,EVE,546
2020-09-16,MID,622
2020-09-16,EVE,354
2020-09-17,MID,669
2020-09-17,EVE,881
2020-09-18,MID,182
2020-09-18,EVE,188
2020-09-19,MID,344
2020-09-19,EVE,092
2020-09-20,MID,339
2020-09-20,EVE,900
2020-09-21,MID,558
2020-09-21,EVE,816
2020-09-22,MID,308
2020-09-22,EVE,472
2020-09-23,MID,531
2020-09-23,EVE,178
2020-09-24,MID,710
2020-09-24,EVE,530
2020-09-25,MID,517
2020-09-25,EVE,354
2020-09-26,MID,971
2020-09-26,EVE,766
2020-09-27,MID,892
2020-09-27,EVE,918
2020-09-28,MID,305
2020-09-28,EVE,537
2020-09-29,MID,545
2020-09-29,EVE,078
2020-09-30,MID,572
2020-09-30,EVE,626
2020-10-01,MID,370
2020-10-01,EVE,255
2020-10-02,MID,501
2020-10-02,EVE,674
2020-10-03,MID,123
2020-10-03,EVE,054
2020-10-04,MID,368
2020-10-04,EVE,549
2020-10-05,MID,943
2020-10-05,EVE,122
2020-10-06,MID,290
2020-10-06,EVE,952
2020-10-07,MID,600
2020-10-07,EVE,514
2020-10-08,MID,015
2020-10-08,EVE,847
2020-10-09,MID,675
2020-10-09,EVE,946
2020-10-10,MID,999
2020-10-10,EVE,549
2020-10-11,MID,616
2020-10-11,EVE,896
2020-10-12,MID,431
2020-10-12,EVE,756
2020-10-13,MID,130
2020-10-13,EVE,112
2020-10-14,MID,508
2020-10-14,EVE,895
2020-10-15,MID,724
2020-10-15,EVE,736
2020-10-16,MID,383
2020-10-16,EVE,138
2020-10-17,MID,624
2020-10-17,EVE,447
2020-10-18,MID,326
2020-10-18,EVE,880
2020-10-19,MID,091
2020-10-19,EVE,658
2020-10-20,MID,980
2020-10-20,EVE,523
2020-10-21,MID,868
2020-10-21,EVE,379
2020-10-22,MID,503
2020-10-22,EVE,756
2020-10-23,MID,638
2020-10-23,EVE,803
2020-10-24,MID,367
2020-10-24,EVE,445
2020-10-25,MID,992
2020-10-25,EVE,362
2020-10-26,MID,506
2020-10-26,EVE,013
2020-10-27,MID,280
2020-10-27,EVE,832
2020-10-28,MID,629
2020-10-28,EVE,685
2020-10-29,MID,193
2020-10-29,EVE,014
2020-10-30,MID,596
2020-10-30,EVE,082
2020-10-31,MID,051
2020-10-31,EVE,610
2020-11-01,MID,986
2020-11-01,EVE,895
2020-11-02,MID,216
2020-11-02,EVE,531
2020-11-03,MID,727
2020-11-03,EVE,047
2020-11-04,MID,248
2020-11-04,EVE,322
2020-11-05,MID,602
2020-11-05,EVE,711
2020-11-06,MID,685
2020-11-06,EVE,995
2020-11-07,MID,646
2020-11-07,EVE,713
2020-11-08,MID,150
2020-11-08,EVE,598
2020-11-09,MID,340
2020-11-09,EVE,537
2020-11-10,MID,521
2020-11-10,EVE,043
2020-11-11,MID,429
2020-11-11,EVE,110
2020-11-12,MID,412
2020-11-12,EVE,460
2020-11-13,MID,363
2020-11-13,EVE,210
2020-11-14,MID,899
2020-11-14,EVE,268
2020-11-15,MID,698
2020-11-15,EVE,541
2020-11-16,MID,741
2020-11-16,EVE,206
2020-11-17,MID,922
2020-11-17,EVE,874
2020-11-18,MID,913
2020-11-18,EVE,073
2020-11-19,MID,303
2020-11-19,EVE,106
2020-11-20,MID,549
2020-11-20,EVE,421
2020-11-21,MID,814
2020-11-21,EVE,351
2020-11-22,MID,501
2020-11-22,EVE,785
2020-11-23,MID,306
2020-11-23,EVE,983
2020-11-24,MID,570
2020-11-24,EVE,741
2020-11-25,MID,346
2020-11-25,EVE,740
2020-11-26,MID,667
2020-11-26,EVE,207
2020-11-27,MID,921
2020-11-27,EVE,169
2020-11-28,MID,403
2020-11-28,EVE,937
2020-11-29,MID,995
2020-11-29,EVE,855
2020-11-30,MID,859
2020-11-30,EVE,303
2020-12-01,MID,995
2020-12-01,EVE,041
2020-12-02,MID,877
2020-12-02,EVE,202
2020-12-03,MID,003
2020-12-03,EVE,845
2020-12-04,MID,943
2020-12-04,EVE,527
2020-12-05,MID,998
2020-12-05,EVE,226
2020-12-06,MID,370
2020-12-06,EVE,169
2020-12-07,MID,070
2020-12-07,EVE,216
2020-12-08,MID,282
2020-12-08,EVE,542
2020-12-09,MID,857
2020-12-09,EVE,703
2020-12-10,MID,461
2020-12-10,EVE,282
2020-12-11,MID,841
2020-12-11,EVE,706
2020-12-12,MID,892
2020-12-12,EVE,131
2020-12-13,MID,812
2020-12-13,EVE,447
2020-12-14,MID,024
2020-12-14,EVE,662
2020-12-15,MID,158
2020-12-15,EVE,670
2020-12-16,MID,074
2020-12-16,EVE,648
2020-12-17,MID,948
2020-12-17,EVE,069
2020-12-18,MID,374
2020-12-18,EVE,891
2020-12-19,MID,243
2020-12-19,EVE,231
2020-12-20,MID,683
2020-12-20,EVE,262
2020-12-21,MID,678
2020-12-21,EVE,404
2020-12-22,MID,259
2020-12-22,EVE,339
2020-12-23,MID,252
2020-12-23,EVE,511
2020-12-24,MID,512
2020-12-24,EVE,357
2020-12-25,MID,065
2020-12-25,EVE,486
2020-12-26,MID,791
2020-12-26,EVE,504
2020-12-27,MID,100
2020-12-27,EVE,351
2020-12-28,MID,530
2020-12-28,EVE,497
2020-12-29,MID,214
2020-12-29,EVE,459
2020-12-30,MID,143
2020-12-30,EVE,204
2020-12-31,MID,365
2020-12-31,EVE,904
2021-01-01,MID,339
2021-01-01,EVE,587
2021-01-02,MID,552
2021-01-02,EVE,754
2021-01-03,MID,169
2021-01-03,EVE,026
2021-01-04,MID,516
2021-01-04,EVE,755
2021-01-05,MID,958
2021-01-05,EVE,477
2021-01-06,MID,337
2021-01-06,EVE,024
2021-01-07,MID,805
2021-01-07,EVE,726
2021-01-08,MID,499
2021-01-08,EVE,819
2021-01-09,MID,498
2021-01-09,EVE,343
2021-01-10,MID,730
2021-01-10,EVE,431
2021-01-11,MID,813
2021-01-11,EVE,407
2021-01-12,MID,954
2021-01-12,EVE,081
2021-01-13,MID,442
2021-01-13,EVE,471
2021-01-14,MID,139
2021-01-14,EVE,181
2021-01-15,MID,251
2021-01-15,EVE,945
2021-01-16,MID,969
2021-01-16,EVE,049
2021-01-17,MID,060
2021-01-17,EVE,939
2021-01-18,MID,757
2021-01-18,EVE,873
2021-01-19,MID,575
2021-01-19,EVE,076
2021-01-20,MID,017
2021-01-20,EVE,413
2021-01-21,MID,377
2021-01-21,EVE,733
2021-01-22,MID,476
2021-01-22,EVE,272
2021-01-23,MID,691
2021-01-23,EVE,676
2021-01-24,MID,509
2021-01-24,EVE,905
2021-01-25,MID,623
2021-01-25,EVE,825
2021-01-26,MID,050
2021-01-26,EVE,593
2021-01-27,MID,299
2021-01-27,EVE,648
2021-01-28,MID,358
2021-01-28,EVE,088
2021-01-29,MID,953
2021-01-29,EVE,476
2021-01-30,MID,972
2021-01-30,EVE,227
2021-01-31,MID,189
2021-01-31,EVE,091
2021-02-01,MID,357
2021-02-01,EVE,297
2021-02-02,MID,193
2021-02-02,EVE,948
2021-02-03,MID,784
2021-02-03,EVE,182
2021-02-04,MID,762
2021-02-04,EVE,035
2021-02-05,MID,966
2021-02-05,EVE,861
2021-02-06,MID,523
2021-02-06,EVE,219
2021-02-07,MID,047
2021-02-07,EVE,262
2021-02-08,MID,219
2021-02-08,EVE,067
2021-02-09,MID,924
2021-02-09,EVE,129
2021-02-10,MID,645
2021-02-10,EVE,687
2021-02-11,MID,955
2021-02-11,EVE,060
2021-02-12,MID,178
2021-02-12,EVE,652
2021-02-13,MID,605
2021-02-13,EVE,852
2021-02-14,MID,502
2021-02-14,EVE,242
2021-02-15,MID,298
2021-02-15,EVE,186
2021-02-16,MID,409
2021-02-16,EVE,044
2021-02-17,MID,664
2021-02-17,EVE,837
2021-02-18,MID,831
2021-02-18,EVE,960
2021-02-19,MID,377
2021-02-19,EVE,760
2021-02-20,MID,500
2021-02-20,EVE,619
2021-02-21,MID,174
2021-02-21,EVE,889
2021-02-22,MID,773
2021-02-22,EVE,768
2021-02-23,MID,101
2021-02-23,EVE,255
2021-02-24,MID,663
2021-02-24,EVE,495
2021-02-25,MID,546
2021-02-25,EVE,121
2021-02-26,MID,479
2021-02-26,EVE,445
2021-02-27,MID,209
2021-02-27,EVE,472
2021-02-28,MID,819
2021-02-28,EVE,616
2021-03-01,MID,067
2021-03-01,EVE,683
2021-03-02,MID,633
2021-03-02,EVE,752
2021-03-03,MID,230
2021-03-03,EVE,200
2021-03-04,MID,697
2021-03-04,EVE,727
2021-03-05,MID,424
2021-03-05,EVE,091
2021-03-06,MID,695
2021-03-06,EVE,872
2021-03-07,MID,888
2021-03-07,EVE,213
2021-03-08,MID,084
2021-03-08,EVE,112
2021-03-09,MID,846
2021-03-09,EVE,812
2021-03-10,MID,694
2021-03-10,EVE,494
2021-03-11,MID,798
2021-03-11,EVE,113
2021-03-12,MID,729
2021-03-12,EVE,757
2021-03-13,MID,838
2021-03-13,EVE,930
2021-03-14,MID,070
2021-03-14,EVE,210
2021-03-15,MID,736
2021-03-15,EVE,035
2021-03-16,MID,148
2021-03-16,EVE,217
2021-03-17,MID,963
2021-03-17,EVE,495
2021-03-18,MID,389
2021-03-18,EVE,349
2021-03-19,MID,723
2021-03-19,EVE,097
2021-03-20,MID,546
2021-03-20,EVE,987
2021-03-21,MID,886
2021-03-21,EVE,197
2021-03-22,MID,070
2021-03-22,EVE,626
2021-03-23,MID,669
2021-03-23,EVE,208
2021-03-24,MID,057
2021-03-24,EVE,763
2021-03-25,MID,723
2021-03-25,EVE,871
2021-03-26,MID,044
2021-03-26,EVE,028
2021-03-27,MID,372
2021-03-27,EVE,485
2021-03-28,MID,199
2021-03-28,EVE,858
2021-03-29,MID,880
2021-03-29,EVE,468
2021-03-30,MID,968
2021-03-30,EVE,008
2021-03-31,MID,988
2021-03-31,EVE,735
2021-04-01,MID,797
2021-04-01,EVE,289
2021-04-02,MID,474
2021-04-02,EVE,054
2021-04-03,MID,043
2021-04-03,EVE,347
2021-04-04,MID,392
2021-04-04,EVE,354
2021-04-05,MID,963
2021-04-05,EVE,130
2021-04-06,MID,225
2021-04-06,EVE,562
2021-04-07,MID,511
2021-04-07,EVE,189
2021-04-08,MID,112
2021-04-08,EVE,874
2021-04-09,MID,863
2021-04-09,EVE,849
2021-04-10,MID,556
2021-04-10,EVE,012
2021-04-11,MID,433
2021-04-11,EVE,905
2021-04-12,MID,122
2021-04-12,EVE,604
2021-04-13,MID,371
2021-04-13,EVE,081
2021-04-14,MID,290
2021-04-14,EVE,349
2021-04-15,MID,056
2021-04-15,EVE,721
2021-04-16,MID,694
2021-04-16,EVE,422
2021-04-17,MID,051
2021-04-17,EVE,207
2021-04-18,MID,039
2021-04-18,EVE,611
2021-04-19,MID,355
2021-04-19,EVE,050
2021-04-20,MID,729
2021-04-20,EVE,567
2021-04-21,MID,755
2021-04-21,EVE,131
2021-04-22,MID,480
2021-04-22,EVE,919
2021-04-23,MID,437
2021-04-23,EVE,566
2021-04-24,MID,410
2021-04-24,EVE,201
2021-04-25,MID,025
2021-04-25,EVE,957
2021-04-26,MID,713
2021-04-26,EVE,747
2021-04-27,MID,303
2021-04-27,EVE,541
2021-04-28,MID,362
2021-04-28,EVE,805
2021-04-29,MID,098
2021-04-29,EVE,746
2021-04-30,MID,527
2021-04-30,EVE,975
2021-05-01,MID,309
2021-05-01,EVE,763
2021-05-02,MID,423
2021-05-02,EVE,718
2021-05-03,MID,318
2021-05-03,EVE,991
2021-05-04,MID,522
2021-05-04,EVE,697
2021-05-05,MID,471
2021-05-05,EVE,970
2021-05-06,MID,970
2021-05-06,EVE,880
2021-05-07,MID,999
2021-05-07,EVE,684
2021-05-08,MID,232
2021-05-08,EVE,581
2021-05-09,MID,608
2021-05-09,EVE,873
2021-05-10,MID,621
2021-05-10,EVE,743
2021-05-11,MID,633
2021-05-11,EVE,450
2021-05-12,MID,126
2021-05-12,EVE,216
2021-05-13,MID,844
2021-05-13,EVE,755
2021-05-14,MID,566
2021-05-14,EVE,661
2021-05-15,MID,638
2021-05-15,EVE,083
2021-05-16,MID,990
2021-05-16,EVE,192
2021-05-17,MID,828
2021-05-17,EVE,902
2021-05-18,MID,385
2021-05-18,EVE,998
2021-05-19,MID,924
2021-05-19,EVE,913
2021-05-20,MID,227
2021-05-20,EVE,378
2021-05-21,MID,271
2021-05-21,EVE,559
2021-05-22,MID,416
2021-05-22,EVE,580
2021-05-23,MID,812
2021-05-23,EVE,518
2021-05-24,MID,439
2021-05-24,EVE,902
2021-05-25,MID,751
2021-05-25,EVE,613
2021-05-26,MID,662
2021-05-26,EVE,246
2021-05-27,MID,105
2021-05-27,EVE,225
2021-05-28,MID,284
2021-05-28,EVE,697
2021-05-29,MID,255
2021-05-29,EVE,935
2021-05-30,MID,234
2021-05-30,EVE,674
2021-05-31,MID,590
2021-05-31,EVE,693
2021-06-01,MID,069
2021-06-01,EVE,804
2021-06-02,MID,635
2021-06-02,EVE,950
2021-06-03,MID,667
2021-06-03,EVE,749
2021-06-04,MID,195
2021-06-04,EVE,564
2021-06-05,MID,142
2021-06-05,EVE,331
2021-06-06,MID,615
2021-06-06,EVE,091
2021-06-07,MID,724
2021-06-07,EVE,752
2021-06-08,MID,447
2021-06-08,EVE,088
2021-06-09,MID,583
2021-06-09,EVE,180
2021-06-10,MID,208
2021-06-10,EVE,601
2021-06-11,MID,792
2021-06-11,EVE,754
2021-06-12,MID,983
2021-06-12,EVE,465
2021-06-13,MID,127
2021-06-13,EVE,070
2021-06-14,MID,014
2021-06-14,EVE,939
2021-06-15,MID,694
2021-06-15,EVE,430
2021-06-16,MID,393
2021-06-16,EVE,538
2021-06-17,MID,143
2021-06-17,EVE,590
2021-06-18,MID,592
2021-06-18,EVE,516
2021-06-19,MID,650
2021-06-19,EVE,498
2021-06-20,MID,008
2021-06-20,EVE,258
2021-06-21,MID,144
2021-06-21,EVE,283
2021-06-22,MID,008
2021-06-22,EVE,458
2021-06-23,MID,265
2021-06-23,EVE,975
2021-06-24,MID,418
2021-06-24,EVE,996
2021-06-25,MID,855
2021-06-25,EVE,875
2021-06-26,MID,464
2021-06-26,EVE,353
2021-06-27,MID,821
2021-06-27,EVE,345
2021-06-28,MID,513
2021-06-28,EVE,237
2021-06-29,MID,849
2021-06-29,EVE,775
2021-06-30,MID,344
2021-06-30,EVE,059
2021-07-01,MID,149
2021-07-01,EVE,413
2021-07-02,MID,463
2021-07-02,EVE,987
2021-07-03,MID,806
2021-07-03,EVE,378
2021-07-04,MID,063
2021-07-04,EVE,549
2021-07-05,MID,194
2021-07-05,EVE,170
2021-07-06,MID,723
2021-07-06,EVE,594
2021-07-07,MID,145
2021-07-07,EVE,302
2021-07-08,MID,054
2021-07-08,EVE,358
2021-07-09,MID,075
2021-07-09,EVE,952
2021-07-10,MID,707
2021-07-10,EVE,501
2021-07-11,MID,568
2021-07-11,EVE,277
2021-07-12,MID,289
2021-07-12,EVE,681
2021-07-13,MID,683
2021-07-13,EVE,391
2021-07-14,MID,185
2021-07-14,EVE,755
2021-07-15,MID,869
2021-07-15,EVE,073
2021-07-16,MID,761
2021-07-16,EVE,012
2021-07-17,MID,460
2021-07-17,EVE,388
2021-07-18,MID,653
2021-07-18,EVE,997
2021-07-19,MID,962
2021-07-19,EVE,112
2021-07-20,MID,983
2021-07-20,EVE,596
2021-07-21,MID,070
2021-07-21,EVE,578
2021-07-22,MID,202
2021-07-22,EVE,651
2021-07-23,MID,735
2021-07-23,EVE,497
2021-07-24,MID,922
2021-07-24,EVE,156
2021-07-25,MID,155
2021-07-25,EVE,792
2021-07-26,MID,541
2021-07-26,EVE,352
2021-07-27,MID,375
2021-07-27,EVE,993
2021-07-28,MID,156
2021-07-28,EVE,600
2021-07-29,MID,292
2021-07-29,EVE,837
2021-07-30,MID,614
2021-07-30,EVE,574
2021-07-31,MID,675
2021-07-31,EVE,028
2021-08-01,MID,275
2021-08-01,EVE,590
2021-08-02,MID,414
2021-08-02,EVE,384
2021-08-03,MID,192
2021-08-03,EVE,677
2021-08-04,MID,248
2021-08-04,EVE,950
2021-08-05,MID,462
2021-08-05,EVE,402
2021-08-06,MID,462
2021-08-06,EVE,728
2021-08-07,MID,239
2021-08-07,EVE,678
2021-08-08,MID,066
2021-08-08,EVE,196
2021-08-09,MID,933
2021-08-09,EVE,050
2021-08-10,MID,050
2021-08-10,EVE,182
2021-08-11,MID,449
2021-08-11,EVE,040
2021-08-12,MID,383
2021-08-12,EVE,544
2021-08-13,MID,840
2021-08-13,EVE,565
2021-08-14,MID,347
2021-08-14,EVE,141
2021-08-15,MID,309
2021-08-15,EVE,194
2021-08-16,MID,372
2021-08-16,EVE,840
2021-08-17,MID,870
2021-08-17,EVE,015
2021-08-18,MID,077
2021-08-18,EVE,874
2021-08-19,MID,542
2021-08-19,EVE,011
2021-08-20,MID,954
2021-08-20,EVE,080
2021-08-21,MID,157
2021-08-21,EVE,219
2021-08-22,MID,492
2021-08-22,EVE,030
2021-08-23,MID,146
2021-08-23,EVE,779
2021-08-24,MID,530
2021-08-24,EVE,848
2021-08-25,MID,541
2021-08-25,EVE,779
2021-08-26,MID,229
2021-08-26,EVE,164
2021-08-27,MID,386
2021-08-27,EVE,951
2021-08-28,MID,950
2021-08-28,EVE,143
2021-08-29,MID,945
2021-08-29,EVE,181
2021-08-30,MID,406
2021-08-30,EVE,301
2021-08-31,MID,414
2021-08-31,EVE,979
2021-09-01,MID,926
2021-09-01,EVE,892
2021-09-02,MID,586
2021-09-02,EVE,113
2021-09-03,MID,673
2021-09-03,EVE,855
2021-09-04,MID,154
2021-09-04,EVE,699
2021-09-05,MID,649
2021-09-05,EVE,655
2021-09-06,MID,783
2021-09-06,EVE,631
2021-09-07,MID,733
2021-09-07,EVE,415
2021-09-08,MID,201
2021-09-08,EVE,512
2021-09-09,MID,051
2021-09-09,EVE,899
2021-09-10,MID,864
2021-09-10,EVE,547
2021-09-11,MID,707
2021-09-11,EVE,985
2021-09-12,MID,312
2021-09-12,EVE,457
2021-09-13,MID,205
2021-09-13,EVE,688
2021-09-14,MID,750
2021-09-14,EVE,310
2021-09-15,MID,342
2021-09-15,EVE,888
2021-09-16,MID,034
2021-09-16,EVE,355
2021-09-17,MID,053
2021-09-17,EVE,633
2021-09-18,MID,014
2021-09-18,EVE,059
2021-09-19,MID,491
2021-09-19,EVE,819
2021-09-20,MID,796
2021-09-20,EVE,804
2021-09-21,MID,696
2021-09-21,EVE,742
2021-09-22,MID,792
2021-09-22,EVE,080
2021-09-23,MID,239
2021-09-23,EVE,260
2021-09-24,MID,811
2021-09-24,EVE,105
2021-09-25,MID,487
2021-09-25,EVE,608
2021-09-26,MID,700
2021-09-26,EVE,631
2021-09-27,MID,652
2021-09-27,EVE,907
2021-09-28,MID,045
2021-09-28,EVE,928
2021-09-29,MID,261
2021-09-29,EVE,168
2021-09-30,MID,131
2021-09-30,EVE,214
2021-10-01,MID,238
2021-10-01,EVE,655
2021-10-02,MID,743
2021-10-02,EVE,452
2021-10-03,MID,405
2021-10-03,EVE,206
2021-10-04,MID,191
2021-10-04,EVE,083
2021-10-05,MID,728
2021-10-05,EVE,744
2021-10-06,MID,967
2021-10-06,EVE,851
2021-10-07,MID,471
2021-10-07,EVE,196
2021-10-08,MID,521
2021-10-08,EVE,854
2021-10-09,MID,210
2021-10-09,EVE,017
2021-10-10,MID,590
2021-10-10,EVE,762
2021-10-11,MID,616
2021-10-11,EVE,909
2021-10-12,MID,543
2021-10-12,EVE,261
2021-10-13,MID,838
2021-10-13,EVE,466
2021-10-14,MID,825
2021-10-14,EVE,371
2021-10-15,MID,532
2021-10-15,EVE,266
2021-10-16,MID,337
2021-10-16,EVE,710
2021-10-17,MID,577
2021-10-17,EVE,984
2021-10-18,MID,168
2021-10-18,EVE,632
2021-10-19,MID,046
2021-10-19,EVE,959
2021-10-20,MID,891
2021-10-20,EVE,881
2021-10-21,MID,431
2021-10-21,EVE,536
2021-10-22,MID,990
2021-10-22,EVE,268
2021-10-23,MID,233
2021-10-23,EVE,115
2021-10-24,MID,080
2021-10-24,EVE,673
2021-10-25,MID,672
2021-10-25,EVE,182
2021-10-26,MID,118
2021-10-26,EVE,394
2021-10-27,MID,516
2021-10-27,EVE,113
2021-10-28,MID,562
2021-10-28,EVE,477
2021-10-29,MID,378
2021-10-29,EVE,198
2021-10-30,MID,111
2021-10-30,EVE,660
2021-10-31,MID,989
2021-10-31,EVE,176
2021-11-01,MID,933
2021-11-01,EVE,711
2021-11-02,MID,947
2021-11-02,EVE,066
2021-11-03,MID,952
2021-11-03,EVE,693
2021-11-04,MID,524
2021-11-04,EVE,866
2021-11-05,MID,533
2021-11-05,EVE,608
2021-11-06,MID,055
2021-11-06,EVE,519
2021-11-07,MID,325
2021-11-07,EVE,970
2021-11-08,MID,948
2021-11-08,EVE,281
2021-11-09,MID,747
2021-11-09,EVE,027
2021-11-10,MID,605
2021-11-10,EVE,218
2021-11-11,MID,195
2021-11-11,EVE,519
2021-11-12,MID,640
2021-11-12,EVE,041
2021-11-13,MID,205
2021-11-13,EVE,536
2021-11-14,MID,113
2021-11-14,EVE,965
2021-11-15,MID,758
2021-11-15,EVE,954
2021-11-16,MID,533
2021-11-16,EVE,275
2021-11-17,MID,572
2021-11-17,EVE,971
2021-11-18,MID,365
2021-11-18,EVE,146
2021-11-19,MID,123
2021-11-19,EVE,687
2021-11-20,MID,700
2021-11-20,EVE,113
2021-11-21,MID,153
2021-11-21,EVE,414
2021-11-22,MID,740
2021-11-22,EVE,190
2021-11-23,MID,711
2021-11-23,EVE,761
2021-11-24,MID,413
2021-11-24,EVE,526
2021-11-25,MID,563
2021-11-25,EVE,392
2021-11-26,MID,855
2021-11-26,EVE,031
2021-11-27,MID,123
2021-11-27,EVE,139
2021-11-28,MID,539
2021-11-28,EVE,531
2021-11-29,MID,079
2021-11-29,EVE,228
2021-11-30,MID,435
2021-11-30,EVE,710
2021-12-01,MID,819
2021-12-01,EVE,214
2021-12-02,MID,383
2021-12-02,EVE,029
2021-12-03,MID,025
2021-12-03,EVE,779
2021-12-04,MID,455
2021-12-04,EVE,278
2021-12-05,MID,005
2021-12-05,EVE,848
2021-12-06,MID,247
2021-12-06,EVE,548
2021-12-07,MID,966
2021-12-07,EVE,235
2021-12-08,MID,328
2021-12-08,EVE,460
2021-12-09,MID,718
2021-12-09,EVE,187
2021-12-10,MID,605
2021-12-10,EVE,741
2021-12-11,MID,540
2021-12-11,EVE,014
2021-12-12,MID,892
2021-12-12,EVE,361
2021-12-13,MID,060
2021-12-13,EVE,422
2021-12-14,MID,988
2021-12-14,EVE,588
2021-12-15,MID,358
2021-12-15,EVE,959
2021-12-16,MID,084
2021-12-16,EVE,227
2021-12-17,MID,156
2021-12-17,EVE,017
2021-12-18,MID,752
2021-12-18,EVE,755
2021-12-19,MID,083
2021-12-19,EVE,550
2021-12-20,MID,696
2021-12-20,EVE,467
2021-12-21,MID,010
2021-12-21,EVE,607
2021-12-22,MID,317
2021-12-22,EVE,714
2021-12-23,MID,121
2021-12-23,EVE,592
2021-12-24,MID,599
2021-12-24,EVE,589
2021-12-25,MID,363
2021-12-25,EVE,635
2021-12-26,MID,437
2021-12-26,EVE,922
2021-12-27,MID,228
2021-12-27,EVE,747
2021-12-28,MID,190
2021-12-28,EVE,475
2021-12-29,MID,222
2021-12-29,EVE,358
2021-12-30,MID,571
2021-12-30,EVE,661
2021-12-31,MID,357
2021-12-31,EVE,570
2022-01-01,MID,825
2022-01-01,EVE,034
2022-01-02,MID,610
2022-01-02,EVE,316
2022-01-03,MID,741
2022-01-03,EVE,928
2022-01-04,MID,699
2022-01-04,EVE,671
2022-01-05,MID,670
2022-01-05,EVE,071
2022-01-06,MID,012
2022-01-06,EVE,960
2022-01-07,MID,918
2022-01-07,EVE,996
2022-01-08,MID,163
2022-01-08,EVE,403
2022-01-09,MID,655
2022-01-09,EVE,756
2022-01-10,MID,734
2022-01-10,EVE,928
2022-01-11,MID,375
2022-01-11,EVE,600
2022-01-12,MID,989
2022-01-12,EVE,432
2022-01-13,MID,664
2022-01-13,EVE,965
2022-01-14,MID,312
2022-01-14,EVE,999
2022-01-15,MID,726
2022-01-15,EVE,888
2022-01-16,MID,432
2022-01-16,EVE,794
2022-01-17,MID,738
2022-01-17,EVE,408
2022-01-18,MID,136
2022-01-18,EVE,385
2022-01-19,MID,000
2022-01-19,EVE,541
2022-01-20,MID,992
2022-01-20,EVE,237
2022-01-21,MID,470
2022-01-21,EVE,782
2022-01-22,MID,912
2022-01-22,EVE,689
2022-01-23,MID,329
2022-01-23,EVE,007
2022-01-24,MID,333
2022-01-24,EVE,811
2022-01-25,MID,929
2022-01-25,EVE,594
2022-01-26,MID,198
2022-01-26,EVE,045
2022-01-27,MID,085
2022-01-27,EVE,377
2022-01-28,MID,470
2022-01-28,EVE,551
2022-01-29,MID,993
2022-01-29,EVE,262
2022-01-30,MID,777
2022-01-30,EVE,443
2022-01-31,MID,224
2022-01-31,EVE,388
2022-02-01,MID,129
2022-02-01,EVE,814
2022-02-02,MID,598
2022-02-02,EVE,731
2022-02-03,MID,126
2022-02-03,EVE,667
2022-02-04,MID,462
2022-02-04,EVE,475
2022-02-05,MID,187
2022-02-05,EVE,615
2022-02-06,MID,506
2022-02-06,EVE,314
2022-02-07,MID,100
2022-02-07,EVE,234
2022-02-08,MID,335
2022-02-08,EVE,236
2022-02-09,MID,465
2022-02-09,EVE,229
2022-02-10,MID,733
2022-02-10,EVE,766
2022-02-11,MID,887
2022-02-11,EVE,607
2022-02-12,MID,519
2022-02-12,EVE,041
2022-02-13,MID,732
2022-02-13,EVE,813
2022-02-14,MID,246
2022-02-14,EVE,828
2022-02-15,MID,379
2022-02-15,EVE,937
2022-02-16,MID,206
2022-02-16,EVE,395
2022-02-17,MID,411
2022-02-17,EVE,902
2022-02-18,MID,125
2022-02-18,EVE,832
2022-02-19,MID,560
2022-02-19,EVE,370
2022-02-20,MID,351
2022-02-20,EVE,211
2022-02-21,MID,384
2022-02-21,EVE,920
2022-02-22,MID,183
2022-02-22,EVE,319
2022-02-23,MID,631
2022-02-23,EVE,302
2022-02-24,MID,544
2022-02-24,EVE,131
2022-02-25,MID,545
2022-02-25,EVE,387
2022-02-26,MID,858
2022-02-26,EVE,683
2022-02-27,MID,526
2022-02-27,EVE,255
2022-02-28,MID,399
2022-02-28,EVE,754
2022-03-01,MID,368
2022-03-01,EVE,450
2022-03-02,MID,975
2022-03-02,EVE,074
2022-03-03,MID,440
2022-03-03,EVE,601
2022-03-04,MID,921
2022-03-04,EVE,814
2022-03-05,MID,488
2022-03-05,EVE,941
2022-03-06,MID,717
2022-03-06,EVE,385
2022-03-07,MID,522
2022-03-07,EVE,872
2022-03-08,MID,265
2022-03-08,EVE,535
2022-03-09,MID,953
2022-03-09,EVE,773
2022-03-10,MID,459
2022-03-10,EVE,052
2022-03-11,MID,147
2022-03-11,EVE,748
2022-03-12,MID,421
2022-03-12,EVE,132
2022-03-13,MID,043
2022-03-13,EVE,181
2022-03-14,MID,462
2022-03-14,EVE,266
2022-03-15,MID,919
2022-03-15,EVE,065
2022-03-16,MID,258
2022-03-16,EVE,420
2022-03-17,MID,970
2022-03-17,EVE,411
2022-03-18,MID,984
2022-03-18,EVE,020
2022-03-19,MID,177
2022-03-19,EVE,897
2022-03-20,MID,128
2022-03-20,EVE,517
2022-03-21,MID,045
2022-03-21,EVE,540
2022-03-22,MID,598
2022-03-22,EVE,838
2022-03-23,MID,680
2022-03-23,EVE,791
2022-03-24,MID,955
2022-03-24,EVE,323
2022-03-25,MID,766
2022-03-25,EVE,140
2022-03-26,MID,576
2022-03-26,EVE,934
2022-03-27,MID,128
2022-03-27,EVE,863
2022-03-28,MID,663
2022-03-28,EVE,675
2022-03-29,MID,111
2022-03-29,EVE,231
2022-03-30,MID,474
2022-03-30,EVE,926
2022-03-31,MID,590
2022-03-31,EVE,366
2022-04-01,MID,999
2022-04-01,EVE,711
2022-04-02,MID,727
2022-04-02,EVE,371
2022-04-03,MID,122
2022-04-03,EVE,269
2022-04-04,MID,229
2022-04-04,EVE,306
2022-04-05,MID,670
2022-04-05,EVE,723
2022-04-06,MID,566
2022-04-06,EVE,315
2022-04-07,MID,527
2022-04-07,EVE,489
2022-04-08,MID,646
2022-04-08,EVE,423
2022-04-09,MID,648
2022-04-09,EVE,777
2022-04-10,MID,454
2022-04-10,EVE,896
2022-04-11,MID,260
2022-04-11,EVE,790
2022-04-12,MID,205
2022-04-12,EVE,267
2022-04-13,MID,657
2022-04-13,EVE,849
2022-04-14,MID,837
2022-04-14,EVE,765
2022-04-15,MID,804
2022-04-15,EVE,648
2022-04-16,MID,911
2022-04-16,EVE,215
2022-04-17,MID,834
2022-04-17,EVE,554
2022-04-18,MID,495
2022-04-18,EVE,897
2022-04-19,MID,155
2022-04-19,EVE,363
2022-04-20,MID,831
2022-04-20,EVE,289
2022-04-21,MID,648
2022-04-21,EVE,589
2022-04-22,MID,976
2022-04-22,EVE,884
2022-04-23,MID,886
2022-04-23,EVE,158
2022-04-24,MID,693
2022-04-24,EVE,854
2022-04-25,MID,193
2022-04-25,EVE,663
2022-04-26,MID,056
2022-04-26,EVE,008
2022-04-27,MID,105
2022-04-27,EVE,497
2022-04-28,MID,068
2022-04-28,EVE,251
2022-04-29,MID,996
2022-04-29,EVE,581
2022-04-30,MID,598
2022-04-30,EVE,230
2022-05-01,MID,193
2022-05-01,EVE,727
2022-05-02,MID,571
2022-05-02,EVE,248
2022-05-03,MID,651
2022-05-03,EVE,374
2022-05-04,MID,173
2022-05-04,EVE,211
2022-05-05,MID,385
2022-05-05,EVE,017
2022-05-06,MID,025
2022-05-06,EVE,577
2022-05-07,MID,648
2022-05-07,EVE,051
2022-05-08,MID,174
2022-05-08,EVE,605
2022-05-09,MID,708
2022-05-09,EVE,830
2022-05-10,MID,148
2022-05-10,EVE,578
2022-05-11,MID,047
2022-05-11,EVE,103
2022-05-12,MID,984
2022-05-12,EVE,732
2022-05-13,MID,702
2022-05-13,EVE,056
2022-05-14,MID,701
2022-05-14,EVE,277
2022-05-15,MID,377
2022-05-15,EVE,417
2022-05-16,MID,376
2022-05-16,EVE,706
2022-05-17,MID,650
2022-05-17,EVE,682
2022-05-18,MID,978
2022-05-18,EVE,373
2022-05-19,MID,376
2022-05-19,EVE,496
2022-05-20,MID,532
2022-05-20,EVE,718
2022-05-21,MID,413
2022-05-21,EVE,786
2022-05-22,MID,010
2022-05-22,EVE,536
2022-05-23,MID,309
2022-05-23,EVE,418
2022-05-24,MID,659
2022-05-24,EVE,592
2022-05-25,MID,942
2022-05-25,EVE,680
2022-05-26,MID,532
2022-05-26,EVE,534
2022-05-27,MID,044
2022-05-27,EVE,138
2022-05-28,MID,514
2022-05-28,EVE,697
2022-05-29,MID,454
2022-05-29,EVE,400
2022-05-30,MID,499
2022-05-30,EVE,821
2022-05-31,MID,398
2022-05-31,EVE,726
2022-06-01,MID,846
2022-06-01,EVE,331
2022-06-02,MID,125
2022-06-02,EVE,675
2022-06-03,MID,680
2022-06-03,EVE,012
2022-06-04,MID,265
2022-06-04,EVE,208
2022-06-05,MID,892
2022-06-05,EVE,774
2022-06-06,MID,243
2022-06-06,EVE,343
2022-06-07,MID,956
2022-06-07,EVE,444
2022-06-08,MID,935
2022-06-08,EVE,680
2022-06-09,MID,526
2022-06-09,EVE,497
2022-06-10,MID,252
2022-06-10,EVE,856
2022-06-11,MID,612
2022-06-11,EVE,072
2022-06-12,MID,579
2022-06-12,EVE,872
2022-06-13,MID,529
2022-06-13,EVE,738
2022-06-14,MID,548
2022-06-14,EVE,371
2022-06-15,MID,463
2022-06-15,EVE,796
2022-06-16,MID,815
2022-06-16,EVE,598
2022-06-17,MID,971
2022-06-17,EVE,279
2022-06-18,MID,929
2022-06-18,EVE,938
2022-06-19,MID,573
2022-06-19,EVE,668
2022-06-20,MID,952
2022-06-20,EVE,126
2022-06-21,MID,275
2022-06-21,EVE,628
2022-06-22,MID,957
2022-06-22,EVE,005
2022-06-23,MID,086
2022-06-23,EVE,148
2022-06-24,MID,621
2022-06-24,EVE,515
2022-06-25,MID,150
2022-06-25,EVE,700
2022-06-26,MID,082
2022-06-26,EVE,706
2022-06-27,MID,228
2022-06-27,EVE,293
2022-06-28,MID,046
2022-06-28,EVE,043
2022-06-29,MID,371
2022-06-29,EVE,893
2022-06-30,MID,118
2022-06-30,EVE,206
2022-07-01,MID,823
2022-07-01,EVE,503
2022-07-02,MID,293
2022-07-02,EVE,379
2022-07-03,MID,032
2022-07-03,EVE,991
2022-07-04,MID,077
2022-07-04,EVE,070
2022-07-05,MID,560
2022-07-05,EVE,673
2022-07-06,MID,315
2022-07-06,EVE,521
2022-07-07,MID,453
2022-07-07,EVE,678
2022-07-08,MID,123
2022-07-08,EVE,880
2022-07-09,MID,049
2022-07-09,EVE,150
2022-07-10,MID,344
2022-07-10,EVE,334
2022-07-11,MID,434
2022-07-11,EVE,498
2022-07-12,MID,366
2022-07-12,EVE,101
2022-07-13,MID,770
2022-07-13,EVE,139
2022-07-14,MID,851
2022-07-14,EVE,261
2022-07-15,MID,492
2022-07-15,EVE,944
2022-07-16,MID,066
2022-07-16,EVE,707
2022-07-17,MID,559
2022-07-17,EVE,040
2022-07-18,MID,865
2022-07-18,EVE,778
2022-07-19,MID,562
2022-07-19,EVE,210
2022-07-20,MID,896
2022-07-20,EVE,974
2022-07-21,MID,734
2022-07-21,EVE,754
2022-07-22,MID,320
2022-07-22,EVE,260
2022-07-23,MID,813
2022-07-23,EVE,164
2022-07-24,MID,842
2022-07-24,EVE,970
2022-07-25,MID,204
2022-07-25,EVE,479
2022-07-26,MID,389
2022-07-26,EVE,299
2022-07-27,MID,428
2022-07-27,EVE,354
2022-07-28,MID,903
2022-07-28,EVE,974
2022-07-29,MID,741
2022-07-29,EVE,425
2022-07-30,MID,540
2022-07-30,EVE,646
2022-07-31,MID,695
2022-07-31,EVE,458
2022-08-01,MID,505
2022-08-01,EVE,332
2022-08-02,MID,195
2022-08-02,EVE,034
2022-08-03,MID,328
2022-08-03,EVE,045
2022-08-04,MID,190
2022-08-04,EVE,593
2022-08-05,MID,910
2022-08-05,EVE,076
2022-08-06,MID,592
2022-08-06,EVE,499
2022-08-07,MID,843
2022-08-07,EVE,459
2022-08-08,MID,890
2022-08-08,EVE,561
2022-08-09,MID,316
2022-08-09,EVE,433
2022-08-10,MID,398
2022-08-10,EVE,418
2022-08-11,MID,545
2022-08-11,EVE,867
2022-08-12,MID,099
2022-08-12,EVE,848
2022-08-13,MID,099
2022-08-13,EVE,475
2022-08-14,MID,359
2022-08-14,EVE,420
2022-08-15,MID,902
2022-08-15,EVE,394
2022-08-16,MID,797
2022-08-16,EVE,237
2022-08-17,MID,410
2022-08-17,EVE,019
2022-08-18,MID,474
2022-08-18,EVE,536
2022-08-19,MID,858
2022-08-19,EVE,677
2022-08-20,MID,992
2022-08-20,EVE,410
2022-08-21,MID,050
2022-08-21,EVE,267
2022-08-22,MID,339
2022-08-22,EVE,149
2022-08-23,MID,689
2022-08-23,EVE,662
2022-08-24,MID,472
2022-08-24,EVE,040
2022-08-25,MID,656
2022-08-25,EVE,511
2022-08-26,MID,429
2022-08-26,EVE,709
2022-08-27,MID,211
2022-08-27,EVE,735
2022-08-28,MID,915
2022-08-28,EVE,017
2022-08-29,MID,055
2022-08-29,EVE,687
2022-08-30,MID,144
2022-08-30,EVE,937
2022-08-31,MID,689
2022-08-31,EVE,782
2022-09-01,MID,369
2022-09-01,EVE,752
2022-09-02,MID,489
2022-09-02,EVE,518
2022-09-03,MID,821
2022-09-03,EVE,966
2022-09-04,MID,824
2022-09-04,EVE,772
2022-09-05,MID,543
2022-09-05,EVE,596
2022-09-06,MID,120
2022-09-06,EVE,655
2022-09-07,MID,162
2022-09-07,EVE,051
2022-09-08,MID,955
2022-09-08,EVE,747
2022-09-09,MID,086
2022-09-09,EVE,312
2022-09-10,MID,087
2022-09-10,EVE,478
2022-09-11,MID,619
2022-09-11,EVE,426
2022-09-12,MID,256
2022-09-12,EVE,127
2022-09-13,MID,038
2022-09-13,EVE,656
2022-09-14,MID,861
2022-09-14,EVE,745
2022-09-15,MID,088
2022-09-15,EVE,072
2022-09-16,MID,739
2022-09-16,EVE,395
2022-09-17,MID,712
2022-09-17,EVE,631
2022-09-18,MID,906
2022-09-18,EVE,100
2022-09-19,MID,264
2022-09-19,EVE,143
2022-09-20,MID,021
2022-09-20,EVE,346
2022-09-21,MID,043
2022-09-21,EVE,836
2022-09-22,MID,562
2022-09-22,EVE,279
2022-09-23,MID,116
2022-09-23,EVE,506
2022-09-24,MID,617
2022-09-24,EVE,047
2022-09-25,MID,609
2022-09-25,EVE,600
2022-09-26,MID,381
2022-09-26,EVE,982
2022-09-27,MID,529
2022-09-27,EVE,705
2022-09-28,MID,248
2022-09-28,EVE,956
2022-09-29,MID,749
2022-09-29,EVE,067
2022-09-30,MID,184
2022-09-30,EVE,568
2022-10-01,MID,950
2022-10-01,EVE,167
2022-10-02,MID,756
2022-10-02,EVE,478
2022-10-03,MID,392
2022-10-03,EVE,829
2022-10-04,MID,325
2022-10-04,EVE,299
2022-10-05,MID,023
2022-10-05,EVE,953
2022-10-06,MID,992
2022-10-06,EVE,506
2022-10-07,MID,253
2022-10-07,EVE,154
2022-10-08,MID,861
2022-10-08,EVE,250
2022-10-09,MID,414
2022-10-09,EVE,594
2022-10-10,MID,045
2022-10-10,EVE,091
2022-10-11,MID,398
2022-10-11,EVE,311
2022-10-12,MID,316
2022-10-12,EVE,994
2022-10-13,MID,176
2022-10-13,EVE,820
2022-10-14,MID,126
2022-10-14,EVE,405
2022-10-15,MID,880
2022-10-15,EVE,527
2022-10-16,MID,008
2022-10-16,EVE,037
2022-10-17,MID,853
2022-10-17,EVE,305
2022-10-18,MID,490
2022-10-18,EVE,077
2022-10-19,MID,859
2022-10-19,EVE,405
2022-10-20,MID,320
2022-10-20,EVE,433
2022-10-21,MID,389
2022-10-21,EVE,894
2022-10-22,MID,908
2022-10-22,EVE,222
2022-10-23,MID,357
2022-10-23,EVE,894
2022-10-24,MID,380
2022-10-24,EVE,858
2022-10-25,MID,822
2022-10-25,EVE,452
2022-10-26,MID,088
2022-10-26,EVE,549
2022-10-27,MID,428
2022-10-27,EVE,605
2022-10-28,MID,043
2022-10-28,EVE,696
2022-10-29,MID,682
2022-10-29,EVE,950
2022-10-30,MID,236
2022-10-30,EVE,217
2022-10-31,MID,040
2022-10-31,EVE,536
2022-11-01,MID,721
2022-11-01,EVE,322
2022-11-02,MID,625
2022-11-02,EVE,997
2022-11-03,MID,761
2022-11-03,EVE,286
2022-11-04,MID,889
2022-11-04,EVE,243
2022-11-05,MID,471
2022-11-05,EVE,015
2022-11-06,MID,207
2022-11-06,EVE,983
2022-11-07,MID,811
2022-11-07,EVE,109
2022-11-08,MID,349
2022-11-08,EVE,452
2022-11-09,MID,555
2022-11-09,EVE,153
2022-11-10,MID,561
2022-11-10,EVE,082
2022-11-11,MID,944
2022-11-11,EVE,206
2022-11-12,MID,480
2022-11-12,EVE,497
2022-11-13,MID,178
2022-11-13,EVE,209
2022-11-14,MID,667
2022-11-14,EVE,643
2022-11-15,MID,825
2022-11-15,EVE,534
2022-11-16,MID,158
2022-11-16,EVE,792
2022-11-17,MID,761
2022-11-17,EVE,522
2022-11-18,MID,325
2022-11-18,EVE,015
2022-11-19,MID,793
2022-11-19,EVE,940
2022-11-20,MID,188
2022-11-20,EVE,538
2022-11-21,MID,117
2022-11-21,EVE,452
2022-11-22,MID,872
2022-11-22,EVE,038
2022-11-23,MID,688
2022-11-23,EVE,083
2022-11-24,MID,972
2022-11-24,EVE,868
2022-11-25,MID,682
2022-11-25,EVE,513
2022-11-26,MID,653
2022-11-26,EVE,981
2022-11-27,MID,266
2022-11-27,EVE,919
2022-11-28,MID,151
2022-11-28,EVE,749
2022-11-29,MID,250
2022-11-29,EVE,573
2022-11-30,MID,570
2022-11-30,EVE,800
2022-12-01,MID,052
2022-12-01,EVE,512
2022-12-02,MID,211
2022-12-02,EVE,876
2022-12-03,MID,291
2022-12-03,EVE,728
2022-12-04,MID,942
2022-12-04,EVE,718
2022-12-05,MID,730
2022-12-05,EVE,322
2022-12-06,MID,340
2022-12-06,EVE,378
2022-12-07,MID,194
2022-12-07,EVE,545
2022-12-08,MID,483
2022-12-08,EVE,696
2022-12-09,MID,846
2022-12-09,EVE,892
2022-12-10,MID,654
2022-12-10,EVE,873
2022-12-11,MID,610
2022-12-11,EVE,668
2022-12-12,MID,853
2022-12-12,EVE,985
2022-12-13,MID,570
2022-12-13,EVE,563
2022-12-14,MID,292
2022-12-14,EVE,407
2022-12-15,MID,282
2022-12-15,EVE,559
2022-12-16,MID,429
2022-12-16,EVE,584
2022-12-17,MID,749
2022-12-17,EVE,627
2022-12-18,MID,209
2022-12-18,EVE,889
2022-12-19,MID,974
2022-12-19,EVE,380
2022-12-20,MID,066
2022-12-20,EVE,874
2022-12-21,MID,901
2022-12-21,EVE,620
2022-12-22,MID,724
2022-12-22,EVE,574
2022-12-23,MID,052
2022-12-23,EVE,276
2022-12-24,MID,487
2022-12-24,EVE,337
2022-12-25,MID,770
2022-12-25,EVE,823
2022-12-26,MID,465
2022-12-26,EVE,836
2022-12-27,MID,542
2022-12-27,EVE,320
2022-12-28,MID,921
2022-12-28,EVE,342
2022-12-29,MID,210
2022-12-29,EVE,048
2022-12-30,MID,515
2022-12-30,EVE,185
2022-12-31,MID,239
2022-12-31,EVE,090
2023-01-01,MID,011
2023-01-01,EVE,964
2023-01-02,MID,851
2023-01-02,EVE,490
2023-01-03,MID,003
2023-01-03,EVE,975
2023-01-04,MID,857
2023-01-04,EVE,047
2023-01-05,MID,717
2023-01-05,EVE,063
2023-01-06,MID,442
2023-01-06,EVE,571
2023-01-07,MID,150
2023-01-07,EVE,749
2023-01-08,MID,792
2023-01-08,EVE,663
2023-01-09,MID,785
2023-01-09,EVE,417
2023-01-10,MID,431
2023-01-10,EVE,714
2023-01-11,MID,898
2023-01-11,EVE,824
2023-01-12,MID,806
2023-01-12,EVE,892
2023-01-13,MID,396
2023-01-13,EVE,406
2023-01-14,MID,578
2023-01-14,EVE,825
2023-01-15,MID,864
2023-01-15,EVE,067
2023-01-16,MID,061
2023-01-16,EVE,849
2023-01-17,MID,413
2023-01-17,EVE,888
2023-01-18,MID,135
2023-01-18,EVE,556
2023-01-19,MID,100
2023-01-19,EVE,686
2023-01-20,MID,468
2023-01-20,EVE,158
2023-01-21,MID,074
2023-01-21,EVE,264
2023-01-22,MID,212
2023-01-22,EVE,897
2023-01-23,MID,791
2023-01-23,EVE,744
2023-01-24,MID,134
2023-01-24,EVE,974
2023-01-25,MID,086
2023-01-25,EVE,808
2023-01-26,MID,148
2023-01-26,EVE,761
2023-01-27,MID,448
2023-01-27,EVE,095
2023-01-28,MID,604
2023-01-28,EVE,308
2023-01-29,MID,239
2023-01-29,EVE,541
2023-01-30,MID,868
2023-01-30,EVE,994
2023-01-31,MID,114
2023-01-31,EVE,297
2023-02-01,MID,743
2023-02-01,EVE,323
2023-02-02,MID,999
2023-02-02,EVE,466
2023-02-03,MID,727
2023-02-03,EVE,635
2023-02-04,MID,583
2023-02-04,EVE,407
2023-02-05,MID,947
2023-02-05,EVE,631
2023-02-06,MID,504
2023-02-06,EVE,464
2023-02-07,MID,354
2023-02-07,EVE,117
2023-02-08,MID,197
2023-02-08,EVE,070
2023-02-09,MID,938
2023-02-09,EVE,811
2023-02-10,MID,403
2023-02-10,EVE,242
2023-02-11,MID,355
2023-02-11,EVE,834
2023-02-12,MID,536
2023-02-12,EVE,578
2023-02-13,MID,685
2023-02-13,EVE,475
2023-02-14,MID,396
2023-02-14,EVE,575
2023-02-15,MID,902
2023-02-15,EVE,051
2023-02-16,MID,507
2023-02-16,EVE,590
2023-02-17,MID,598
2023-02-17,EVE,277
2023-02-18,MID,271
2023-02-18,EVE,572
2023-02-19,MID,626
2023-02-19,EVE,122
2023-02-20,MID,877
2023-02-20,EVE,685
2023-02-21,MID,872
2023-02-21,EVE,819
2023-02-22,MID,259
2023-02-22,EVE,558
2023-02-23,MID,227
2023-02-23,EVE,707
2023-02-24,MID,494
2023-02-24,EVE,330
2023-02-25,MID,615
2023-02-25,EVE,802
2023-02-26,MID,677
2023-02-26,EVE,562
2023-02-27,MID,176
2023-02-27,EVE,147
2023-02-28,MID,050
2023-02-28,EVE,888
2023-03-01,MID,378
2023-03-01,EVE,978
2023-03-02,MID,552
2023-03-02,EVE,567
2023-03-03,MID,351
2023-03-03,EVE,313
2023-03-04,MID,681
2023-03-04,EVE,371
2023-03-05,MID,640
2023-03-05,EVE,078
2023-03-06,MID,740
2023-03-06,EVE,527
2023-03-07,MID,078
2023-03-07,EVE,222
2023-03-08,MID,353
2023-03-08,EVE,998
2023-03-09,MID,228
2023-03-09,EVE,627
2023-03-10,MID,080
2023-03-10,EVE,005
2023-03-11,MID,684
2023-03-11,EVE,796
2023-03-12,MID,316
2023-03-12,EVE,474
2023-03-13,MID,950
2023-03-13,EVE,481
2023-03-14,MID,910
2023-03-14,EVE,863
2023-03-15,MID,623
2023-03-15,EVE,659
2023-03-16,MID,701
2023-03-16,EVE,491
2023-03-17,MID,460
2023-03-17,EVE,513
2023-03-18,MID,894
2023-03-18,EVE,029
2023-03-19,MID,173
2023-03-19,EVE,933
2023-03-20,MID,529
2023-03-20,EVE,648
2023-03-21,MID,282
2023-03-21,EVE,547
2023-03-22,MID,063
2023-03-22,EVE,132
2023-03-23,MID,894
2023-03-23,EVE,463
2023-03-24,MID,754
2023-03-24,EVE,584
2023-03-25,MID,154
2023-03-25,EVE,950
2023-03-26,MID,475
2023-03-26,EVE,848
2023-03-27,MID,260
2023-03-27,EVE,834
2023-03-28,MID,469
2023-03-28,EVE,139
2023-03-29,MID,497
2023-03-29,EVE,488
2023-03-30,MID,205
2023-03-30,EVE,724
2023-03-31,MID,435
2023-03-31,EVE,657
2023-04-01,MID,921
2023-04-01,EVE,956
2023-04-02,MID,877
2023-04-02,EVE,205
2023-04-03,MID,158
2023-04-03,EVE,585
2023-04-04,MID,680
2023-04-04,EVE,640
2023-04-05,MID,554
2023-04-05,EVE,458
2023-04-06,MID,982
2023-04-06,EVE,101
2023-04-07,MID,545
2023-04-07,EVE,333
2023-04-08,MID,804
2023-04-08,EVE,493
2023-04-09,MID,955
2023-04-09,EVE,972
2023-04-10,MID,871
2023-04-10,EVE,803
2023-04-11,MID,367
2023-04-11,EVE,002
2023-04-12,MID,226
2023-04-12,EVE,311
2023-04-13,MID,670
2023-04-13,EVE,303
2023-04-14,MID,437
2023-04-14,EVE,073
2023-04-15,MID,034
2023-04-15,EVE,882
2023-04-16,MID,805
2023-04-16,EVE,502
2023-04-17,MID,908
2023-04-17,EVE,004
2023-04-18,MID,760
2023-04-18,EVE,155
2023-04-19,MID,820
2023-04-19,EVE,001
2023-04-20,MID,353
2023-04-20,EVE,588
2023-04-21,MID,367
2023-04-21,EVE,071
2023-04-22,MID,772
2023-04-22,EVE,985
2023-04-23,MID,575
2023-04-23,EVE,288
2023-04-24,MID,215
2023-04-24,EVE,600
2023-04-25,MID,628
2023-04-25,EVE,928
2023-04-26,MID,900
2023-04-26,EVE,029
2023-04-27,MID,885
2023-04-27,EVE,745
2023-04-28,MID,824
2023-04-28,EVE,842
2023-04-29,MID,584
2023-04-29,EVE,639
2023-04-30,MID,499
2023-04-30,EVE,948
2023-05-01,MID,512
2023-05-01,EVE,643
2023-05-02,MID,556
2023-05-02,EVE,523
2023-05-03,MID,985
2023-05-03,EVE,830
2023-05-04,MID,380
2023-05-04,EVE,752
2023-05-05,MID,481
2023-05-05,EVE,809
2023-05-06,MID,697
2023-05-06,EVE,587
2023-05-07,MID,518
2023-05-07,EVE,504
2023-05-08,MID,514
2023-05-08,EVE,396
2023-05-09,MID,161
2023-05-09,EVE,788
2023-05-10,MID,546
2023-05-10,EVE,170
2023-05-11,MID,180
2023-05-11,EVE,815
2023-05-12,MID,895
2023-05-12,EVE,390
2023-05-13,MID,832
2023-05-13,EVE,348
2023-05-14,MID,059
2023-05-14,EVE,592
2023-05-15,MID,093
2023-05-15,EVE,313
2023-05-16,MID,122
2023-05-16,EVE,570
2023-05-17,MID,932
2023-05-17,EVE,999
2023-05-18,MID,972
2023-05-18,EVE,087
2023-05-19,MID,530
2023-05-19,EVE,078
2023-05-20,MID,158
2023-05-20,EVE,625
2023-05-21,MID,580
2023-05-21,EVE,894
2023-05-22,MID,450
2023-05-22,EVE,974
2023-05-23,MID,547
2023-05-23,EVE,242
2023-05-24,MID,853
2023-05-24,EVE,998
2023-05-25,MID,925
2023-05-25,EVE,057
2023-05-26,MID,803
2023-05-26,EVE,388
2023-05-27,MID,957
2023-05-27,EVE,374
2023-05-28,MID,162
2023-05-28,EVE,110
2023-05-29,MID,056
2023-05-29,EVE,301
2023-05-30,MID,164
2023-05-30,EVE,867
2023-05-31,MID,517
2023-05-31,EVE,654
2023-06-01,MID,415
2023-06-01,EVE,564
2023-06-02,MID,996
2023-06-02,EVE,243
2023-06-03,MID,738
2023-06-03,EVE,298
2023-06-04,MID,498
2023-06-04,EVE,747
2023-06-05,MID,942
2023-06-05,EVE,092
2023-06-06,MID,910
2023-06-06,EVE,037
2023-06-07,MID,068
2023-06-07,EVE,454
2023-06-08,MID,207
2023-06-08,EVE,655
2023-06-09,MID,495
2023-06-09,EVE,882
2023-06-10,MID,168
2023-06-10,EVE,032
2023-06-11,MID,826
2023-06-11,EVE,194
2023-06-12,MID,967
2023-06-12,EVE,361
2023-06-13,MID,381
2023-06-13,EVE,210
2023-06-14,MID,735
2023-06-14,EVE,118
2023-06-15,MID,297
2023-06-15,EVE,039
2023-06-16,MID,901
2023-06-16,EVE,769
2023-06-17,MID,958
2023-06-17,EVE,573
2023-06-18,MID,322
2023-06-18,EVE,302
2023-06-19,MID,424
2023-06-19,EVE,289
2023-06-20,MID,404
2023-06-20,EVE,897
2023-06-21,MID,633
2023-06-21,EVE,262
2023-06-22,MID,920
2023-06-22,EVE,191
2023-06-23,MID,128
2023-06-23,EVE,952
2023-06-24,MID,826
2023-06-24,EVE,717
2023-06-25,MID,462
2023-06-25,EVE,889
2023-06-26,MID,534
2023-06-26,EVE,400
2023-06-27,MID,436
2023-06-27,EVE,131
2023-06-28,MID,211
2023-06-28,EVE,509
2023-06-29,MID,005
2023-06-29,EVE,175
2023-06-30,MID,005
2023-06-30,EVE,826
2023-07-01,MID,228
2023-07-01,EVE,354
2023-07-02,MID,652
2023-07-02,EVE,469
2023-07-03,MID,563
2023-07-03,EVE,287
2023-07-04,MID,570
2023-07-04,EVE,183
2023-07-05,MID,735
2023-07-05,EVE,864
2023-07-06,MID,420
2023-07-06,EVE,911
2023-07-07,MID,334
2023-07-07,EVE,289
2023-07-08,MID,295
2023-07-08,EVE,290
2023-07-09,MID,213
2023-07-09,EVE,810
2023-07-10,MID,537
2023-07-10,EVE,442
2023-07-11,MID,501
2023-07-11,EVE,644
2023-07-12,MID,489
2023-07-12,EVE,662
2023-07-13,MID,094
2023-07-13,EVE,408
2023-07-14,MID,395
2023-07-14,EVE,456
2023-07-15,MID,979
2023-07-15,EVE,361
2023-07-16,MID,562
2023-07-16,EVE,969
2023-07-17,MID,331
2023-07-17,EVE,694
2023-07-18,MID,245
2023-07-18,EVE,121
2023-07-19,MID,149
2023-07-19,EVE,427
2023-07-20,MID,095
2023-07-20,EVE,917
2023-07-21,MID,828
2023-07-21,EVE,344
2023-07-22,MID,235
2023-07-22,EVE,081
2023-07-23,MID,353
2023-07-23,EVE,396
2023-07-24,MID,861
2023-07-24,EVE,613
2023-07-25,MID,724
2023-07-25,EVE,639
2023-07-26,MID,326
2023-07-26,EVE,901
2023-07-27,MID,697
2023-07-27,EVE,456
2023-07-28,MID,195
2023-07-28,EVE,322
2023-07-29,MID,982
2023-07-29,EVE,346
2023-07-30,MID,822
2023-07-30,EVE,528
2023-07-31,MID,114
2023-07-31,EVE,421
2023-08-01,MID,863
2023-08-01,EVE,399
2023-08-02,MID,608
2023-08-02,EVE,996
2023-08-03,MID,850
2023-08-03,EVE,336
2023-08-04,MID,704
2023-08-04,EVE,340
2023-08-05,MID,322
2023-08-05,EVE,970
2023-08-06,MID,155
2023-08-06,EVE,883
2023-08-07,MID,466
2023-08-07,EVE,727
2023-08-08,MID,989
2023-08-08,EVE,263
2023-08-09,MID,735
2023-08-09,EVE,354
2023-08-10,MID,908
2023-08-10,EVE,310
2023-08-11,MID,700
2023-08-11,EVE,217
2023-08-12,MID,508
2023-08-12,EVE,482
2023-08-13,MID,081
2023-08-13,EVE,662
2023-08-14,MID,393
2023-08-14,EVE,993
2023-08-15,MID,363
2023-08-15,EVE,433
2023-08-16,MID,838
2023-08-16,EVE,267
2023-08-17,MID,464
2023-08-17,EVE,556
2023-08-18,MID,766
2023-08-18,EVE,998
2023-08-19,MID,302
2023-08-19,EVE,563
2023-08-20,MID,804
2023-08-20,EVE,541
2023-08-21,MID,791
2023-08-21,EVE,960
2023-08-22,MID,406
2023-08-22,EVE,309
2023-08-23,MID,238
2023-08-23,EVE,819
2023-08-24,MID,920
2023-08-24,EVE,609
2023-08-25,MID,571
2023-08-25,EVE,064
2023-08-26,MID,035
2023-08-26,EVE,745
2023-08-27,MID,454
2023-08-27,EVE,302
2023-08-28,MID,829
2023-08-28,EVE,061
2023-08-29,MID,412
2023-08-29,EVE,751
2023-08-30,MID,469
2023-08-30,EVE,388
2023-08-31,MID,382
2023-08-31,EVE,081
2023-09-01,MID,614
2023-09-01,EVE,297
2023-09-02,MID,177
2023-09-02,EVE,852
2023-09-03,MID,540
2023-09-03,EVE,263
2023-09-04,MID,734
2023-09-04,EVE,202
2023-09-05,MID,211
2023-09-05,EVE,827
2023-09-06,MID,641
2023-09-06,EVE,516
2023-09-07,MID,081
2023-09-07,EVE,702
2023-09-08,MID,786
2023-09-08,EVE,255
2023-09-09,MID,192
2023-09-09,EVE,861
2023-09-10,MID,531
2023-09-10,EVE,451
2023-09-11,MID,674
2023-09-11,EVE,452
2023-09-12,MID,825
2023-09-12,EVE,434
2023-09-13,MID,464
2023-09-13,EVE,760
2023-09-14,MID,037
2023-09-14,EVE,504
2023-09-15,MID,036
2023-09-15,EVE,970
2023-09-16,MID,605
2023-09-16,EVE,182
2023-09-17,MID,631
2023-09-17,EVE,404
2023-09-18,MID,716
2023-09-18,EVE,532
2023-09-19,MID,756
2023-09-19,EVE,015
2023-09-20,MID,479
2023-09-20,EVE,612
2023-09-21,MID,751
2023-09-21,EVE,840
2023-09-22,MID,348
2023-09-22,EVE,857
2023-09-23,MID,451
2023-09-23,EVE,410
2023-09-24,MID,275
2023-09-24,EVE,815
2023-09-25,MID,015
2023-09-25,EVE,658
2023-09-26,MID,197
2023-09-26,EVE,996
2023-09-27,MID,773
2023-09-27,EVE,807
2023-09-28,MID,355
2023-09-28,EVE,026
2023-09-29,MID,821
2023-09-29,EVE,726
2023-09-30,MID,896
2023-09-30,EVE,073
2023-10-01,MID,785
2023-10-01,EVE,335
2023-10-02,MID,123
2023-10-02,EVE,328
2023-10-03,MID,894
2023-10-03,EVE,716
2023-10-04,MID,842
2023-10-04,EVE,816
2023-10-05,MID,700
2023-10-05,EVE,396
2023-10-06,MID,153
2023-10-06,EVE,504
2023-10-07,MID,765
2023-10-07,EVE,732
2023-10-08,MID,658
2023-10-08,EVE,468
2023-10-09,MID,049
2023-10-09,EVE,770
2023-10-10,MID,809
2023-10-10,EVE,804
2023-10-11,MID,145
2023-10-11,EVE,849
2023-10-12,MID,590
2023-10-12,EVE,520
2023-10-13,MID,228
2023-10-13,EVE,177
2023-10-14,MID,849
2023-10-14,EVE,039
2023-10-15,MID,741
2023-10-15,EVE,825
2023-10-16,MID,149
2023-10-16,EVE,465
2023-10-17,MID,731
2023-10-17,EVE,285
2023-10-18,MID,830
2023-10-18,EVE,460
2023-10-19,MID,687
2023-10-19,EVE,441
2023-10-20,MID,633
2023-10-20,EVE,567
2023-10-21,MID,805
2023-10-21,EVE,169
2023-10-22,MID,307
2023-10-22,EVE,044
2023-10-23,MID,858
2023-10-23,EVE,506
2023-10-24,MID,726
2023-10-24,EVE,781
2023-10-25,MID,719
2023-10-25,EVE,942
2023-10-26,MID,596
2023-10-26,EVE,978
2023-10-27,MID,658
2023-10-27,EVE,693
2023-10-28,MID,238
2023-10-28,EVE,980
2023-10-29,MID,168
2023-10-29,EVE,638
2023-10-30,MID,283
2023-10-30,EVE,392
2023-10-31,MID,117
2023-10-31,EVE,372
2023-11-01,MID,501
2023-11-01,EVE,148
2023-11-02,MID,360
2023-11-02,EVE,510
2023-11-03,MID,950
2023-11-03,EVE,495
2023-11-04,MID,904
2023-11-04,EVE,288
2023-11-05,MID,120
2023-11-05,EVE,095
2023-11-06,MID,518
2023-11-06,EVE,460
2023-11-07,MID,588
2023-11-07,EVE,865
2023-11-08,MID,721
2023-11-08,EVE,843
2023-11-09,MID,972
2023-11-09,EVE,321
2023-11-10,MID,999
2023-11-10,EVE,806
2023-11-11,MID,368
2023-11-11,EVE,448
2023-11-12,MID,258
2023-11-12,EVE,087
2023-11-13,MID,338
2023-11-13,EVE,799
2023-11-14,MID,272
2023-11-14,EVE,791
2023-11-15,MID,852
2023-11-15,EVE,080
2023-11-16,MID,670
2023-11-16,EVE,494
2023-11-17,MID,286
2023-11-17,EVE,391
2023-11-18,MID,825
2023-11-18,EVE,437
2023-11-19,MID,345
2023-11-19,EVE,219
2023-11-20,MID,457
2023-11-20,EVE,856
2023-11-21,MID,582
2023-11-21,EVE,009
2023-11-22,MID,128
2023-11-22,EVE,833
2023-11-23,MID,493
2023-11-23,EVE,337
2023-11-24,MID,078
2023-11-24,EVE,351
2023-11-25,MID,842
2023-11-25,EVE,953
2023-11-26,MID,511
2023-11-26,EVE,828
2023-11-27,MID,717
2023-11-27,EVE,166
2023-11-28,MID,691
2023-11-28,EVE,083
2023-11-29,MID,042
2023-11-29,EVE,219
2023-11-30,MID,983
2023-11-30,EVE,336
2023-12-01,MID,528
2023-12-01,EVE,974
2023-12-02,MID,535
2023-12-02,EVE,968
2023-12-03,MID,738
2023-12-03,EVE,491
2023-12-04,MID,846
2023-12-04,EVE,503
2023-12-05,MID,378
2023-12-05,EVE,081
2023-12-06,MID,319
2023-12-06,EVE,325
2023-12-07,MID,972
2023-12-07,EVE,068
2023-12-08,MID,810
2023-12-08,EVE,565
2023-12-09,MID,480
2023-12-09,EVE,735
2023-12-10,MID,619
2023-12-10,EVE,369
2023-12-11,MID,674
2023-12-11,EVE,008
2023-12-12,MID,020
2023-12-12,EVE,925
2023-12-13,MID,354
2023-12-13,EVE,390
2023-12-14,MID,955
2023-12-14,EVE,461
2023-12-15,MID,727
2023-12-15,EVE,611
2023-12-16,MID,699
2023-12-16,EVE,179
2023-12-17,MID,796
2023-12-17,EVE,996
2023-12-18,MID,591
2023-12-18,EVE,767
2023-12-19,MID,029
2023-12-19,EVE,122
2023-12-20,MID,502
2023-12-20,EVE,976
2023-12-21,MID,020
2023-12-21,EVE,167
2023-12-22,MID,689
2023-12-22,EVE,487
2023-12-23,MID,091
2023-12-23,EVE,805
2023-12-24,MID,964
2023-12-24,EVE,199
2023-12-25,MID,570
2023-12-25,EVE,744
2023-12-26,MID,455
2023-12-26,EVE,010
2023-12-27,MID,179
2023-12-27,EVE,571
2023-12-28,MID,328
2023-12-28,EVE,904
2023-12-29,MID,451
2023-12-29,EVE,861
2023-12-30,MID,123
2023-12-30,EVE,016
2023-12-31,MID,336
2023-12-31,EVE,702
2024-01-01,MID,291
2024-01-01,EVE,338
2024-01-02,MID,556
2024-01-02,EVE,684
2024-01-03,MID,863
2024-01-03,EVE,985
2024-01-04,MID,823
2024-01-04,EVE,366
2024-01-05,MID,153
2024-01-05,EVE,199
2024-01-06,MID,085
2024-01-06,EVE,936
2024-01-07,MID,772
2024-01-07,EVE,654
2024-01-08,MID,201
2024-01-08,EVE,192
2024-01-09,MID,876
2024-01-09,EVE,666
2024-01-10,MID,269
2024-01-10,EVE,406
2024-01-11,MID,821
2024-01-11,EVE,931
2024-01-12,MID,549
2024-01-12,EVE,480
2024-01-13,MID,136
2024-01-13,EVE,603
2024-01-14,MID,287
2024-01-14,EVE,576
2024-01-15,MID,877
2024-01-15,EVE,811
2024-01-16,MID,514
2024-01-16,EVE,551
2024-01-17,MID,499
2024-01-17,EVE,658
2024-01-18,MID,470
2024-01-18,EVE,997
2024-01-19,MID,526
2024-01-19,EVE,643
2024-01-20,MID,372
2024-01-20,EVE,424
2024-01-21,MID,828
2024-01-21,EVE,540
2024-01-22,MID,942
2024-01-22,EVE,418
2024-01-23,MID,199
2024-01-23,EVE,587
2024-01-24,MID,188
2024-01-24,EVE,695
2024-01-25,MID,202
2024-01-25,EVE,278
2024-01-26,MID,093
2024-01-26,EVE,358
2024-01-27,MID,935
2024-01-27,EVE,592
2024-01-28,MID,507
2024-01-28,EVE,820
2024-01-29,MID,978
2024-01-29,EVE,648
2024-01-30,MID,874
2024-01-30,EVE,741
2024-01-31,MID,313
2024-01-31,EVE,339
2024-02-01,MID,269
2024-02-01,EVE,787
2024-02-02,MID,295
2024-02-02,EVE,466
2024-02-03,MID,878
2024-02-03,EVE,727
2024-02-04,MID,021
2024-02-04,EVE,993
2024-02-05,MID,279
2024-02-05,EVE,743
2024-02-06,MID,617
2024-02-06,EVE,725
2024-02-07,MID,986
2024-02-07,EVE,311
2024-02-08,MID,083
2024-02-08,EVE,597
2024-02-09,MID,790
2024-02-09,EVE,750
2024-02-10,MID,062
2024-02-10,EVE,585
2024-02-11,MID,923
2024-02-11,EVE,512
2024-02-12,MID,820
2024-02-12,EVE,769
2024-02-13,MID,668
2024-02-13,EVE,490
2024-02-14,MID,086
2024-02-14,EVE,376
2024-02-15,MID,287
2024-02-15,EVE,973
2024-02-16,MID,763
2024-02-16,EVE,817
2024-02-17,MID,672
2024-02-17,EVE,162
2024-02-18,MID,523
2024-02-18,EVE,226
2024-02-19,MID,685
2024-02-19,EVE,400
2024-02-20,MID,420
2024-02-20,EVE,830
2024-02-21,MID,619
2024-02-21,EVE,664
2024-02-22,MID,211
2024-02-22,EVE,267
2024-02-23,MID,786
2024-02-23,EVE,949
2024-02-24,MID,013
2024-02-24,EVE,354
2024-02-25,MID,962
2024-02-25,EVE,418
2024-02-26,MID,767
2024-02-26,EVE,024
2024-02-27,MID,530
2024-02-27,EVE,028
2024-02-28,MID,357
2024-02-28,EVE,148
2024-02-29,MID,861
2024-02-29,EVE,482
2024-03-01,MID,670
2024-03-01,EVE,121
2024-03-02,MID,918
2024-03-02,EVE,196
2024-03-03,MID,682
2024-03-03,EVE,273
2024-03-04,MID,654
2024-03-04,EVE,506
2024-03-05,MID,079
2024-03-05,EVE,632
2024-03-06,MID,220
2024-03-06,EVE,250
2024-03-07,MID,925
2024-03-07,EVE,664
2024-03-08,MID,942
2024-03-08,EVE,932
2024-03-09,MID,518
2024-03-09,EVE,588
2024-03-10,MID,583
2024-03-10,EVE,722
2024-03-11,MID,260
2024-03-11,EVE,926
2024-03-12,MID,782
2024-03-12,EVE,321
2024-03-13,MID,424
2024-03-13,EVE,211
2024-03-14,MID,161
2024-03-14,EVE,456
2024-03-15,MID,052
2024-03-15,EVE,961
2024-03-16,MID,206
2024-03-16,EVE,558
2024-03-17,MID,615
2024-03-17,EVE,601
2024-03-18,MID,672
2024-03-18,EVE,865
2024-03-19,MID,929
2024-03-19,EVE,676
2024-03-20,MID,900
2024-03-20,EVE,107
2024-03-21,MID,981
2024-03-21,EVE,175
2024-03-22,MID,201
2024-03-22,EVE,262
2024-03-23,MID,013
2024-03-23,EVE,396
2024-03-24,MID,134
2024-03-24,EVE,299
2024-03-25,MID,365
2024-03-25,EVE,370
2024-03-26,MID,706
2024-03-26,EVE,794
2024-03-27,MID,380
2024-03-27,EVE,922
2024-03-28,MID,408
2024-03-28,EVE,517
2024-03-29,MID,850
2024-03-29,EVE,511
2024-03-30,MID,539
2024-03-30,EVE,840
2024-03-31,MID,988
2024-03-31,EVE,481
2024-04-01,MID,357
2024-04-01,EVE,454
2024-04-02,MID,736
2024-04-02,EVE,954
2024-04-03,MID,970
2024-04-03,EVE,650
2024-04-04,MID,405
2024-04-04,EVE,754
2024-04-05,MID,086
2024-04-05,EVE,035
2024-04-06,MID,879
2024-04-06,EVE,940
2024-04-07,MID,744
2024-04-07,EVE,709
2024-04-08,MID,643
2024-04-08,EVE,733
2024-04-09,MID,135
2024-04-09,EVE,754
2024-04-10,MID,784
2024-04-10,EVE,995
2024-04-11,MID,525
2024-04-11,EVE,554
2024-04-12,MID,951
2024-04-12,EVE,122
2024-04-13,MID,373
2024-04-13,EVE,867
2024-04-14,MID,701
2024-04-14,EVE,669
2024-04-15,MID,600
2024-04-15,EVE,843
2024-04-16,MID,411
2024-04-16,EVE,654
2024-04-17,MID,597
2024-04-17,EVE,459
2024-04-18,MID,233
2024-04-18,EVE,461
2024-04-19,MID,570
2024-04-19,EVE,320
2024-04-20,MID,680
2024-04-20,EVE,703
2024-04-21,MID,736
2024-04-21,EVE,746
2024-04-22,MID,311
2024-04-22,EVE,410
2024-04-23,MID,912
2024-04-23,EVE,293
2024-04-24,MID,401
2024-04-24,EVE,393
2024-04-25,MID,839
2024-04-25,EVE,173
2024-04-26,MID,381
2024-04-26,EVE,277
2024-04-27,MID,857
2024-04-27,EVE,556
2024-04-28,MID,434
2024-04-28,EVE,197
2024-04-29,MID,533
2024-04-29,EVE,954
2024-04-30,MID,206
2024-04-30,EVE,105
2024-05-01,MID,599
2024-05-01,EVE,836
2024-05-02,MID,801
2024-05-02,EVE,768
2024-05-03,MID,078
2024-05-03,EVE,950
2024-05-04,MID,831
2024-05-04,EVE,768
2024-05-05,MID,719
2024-05-05,EVE,041
2024-05-06,MID,855
2024-05-06,EVE,130
2024-05-07,MID,535
2024-05-07,EVE,431
2024-05-08,MID,760
2024-05-08,EVE,783
2024-05-09,MID,207
2024-05-09,EVE,573
2024-05-10,MID,315
2024-05-10,EVE,495
2024-05-11,MID,132
2024-05-11,EVE,582
2024-05-12,MID,203
2024-05-12,EVE,895
2024-05-13,MID,274
2024-05-13,EVE,134
2024-05-14,MID,458
2024-05-14,EVE,188
2024-05-15,MID,493
2024-05-15,EVE,738
2024-05-16,MID,314
2024-05-16,EVE,691
2024-05-17,MID,422
2024-05-17,EVE,058
2024-05-18,MID,325
2024-05-18,EVE,406
2024-05-19,MID,210
2024-05-19,EVE,504
2024-05-20,MID,779
2024-05-20,EVE,130
2024-05-21,MID,801
2024-05-21,EVE,438
2024-05-22,MID,553
2024-05-22,EVE,813
2024-05-23,MID,085
2024-05-23,EVE,492
2024-05-24,MID,093
2024-05-24,EVE,310
2024-05-25,MID,852
2024-05-25,EVE,116
2024-05-26,MID,039
2024-05-26,EVE,828
2024-05-27,MID,081
2024-05-27,EVE,673
2024-05-28,MID,313
2024-05-28,EVE,362
2024-05-29,MID,622
2024-05-29,EVE,519
2024-05-30,MID,443
2024-05-30,EVE,046
2024-05-31,MID,783
2024-05-31,EVE,128
2024-06-01,MID,056
2024-06-01,EVE,062
2024-06-02,MID,883
2024-06-02,EVE,141
2024-06-03,MID,275
2024-06-03,EVE,475
2024-06-04,MID,198
2024-06-04,EVE,951
2024-06-05,MID,600
2024-06-05,EVE,463
2024-06-06,MID,383
2024-06-06,EVE,230
2024-06-07,MID,324
2024-06-07,EVE,755
2024-06-08,MID,012
2024-06-08,EVE,554
2024-06-09,MID,679
2024-06-09,EVE,371
2024-06-10,MID,736
2024-06-10,EVE,860
2024-06-11,MID,922
2024-06-11,EVE,740
2024-06-12,MID,271
2024-06-12,EVE,481
2024-06-13,MID,644
2024-06-13,EVE,728
2024-06-14,MID,995
2024-06-14,EVE,954
2024-06-15,MID,419
2024-06-15,EVE,835
2024-06-16,MID,962
2024-06-16,EVE,831
2024-06-17,MID,813
2024-06-17,EVE,987
2024-06-18,MID,541
2024-06-18,EVE,708
2024-06-19,MID,571
2024-06-19,EVE,567
2024-06-20,MID,648
2024-06-20,EVE,931
2024-06-21,MID,826
2024-06-21,EVE,350
2024-06-22,MID,931
2024-06-22,EVE,365
2024-06-23,MID,255
2024-06-23,EVE,093
2024-06-24,MID,444
2024-06-24,EVE,483
2024-06-25,MID,815
2024-06-25,EVE,892
2024-06-26,MID,924
2024-06-26,EVE,666
2024-06-27,MID,680
2024-06-27,EVE,504
2024-06-28,MID,134
2024-06-28,EVE,464
2024-06-29,MID,520
2024-06-29,EVE,715
2024-06-30,MID,580
2024-06-30,EVE,402
2024-07-01,MID,426
2024-07-01,EVE,233
2024-07-02,MID,787
2024-07-02,EVE,214
2024-07-03,MID,202
2024-07-03,EVE,768
2024-07-04,MID,403
2024-07-04,EVE,517
2024-07-05,MID,457
2024-07-05,EVE,261
2024-07-06,MID,776
2024-07-06,EVE,441
2024-07-07,MID,063
2024-07-07,EVE,178
2024-07-08,MID,885
2024-07-08,EVE,159
2024-07-09,MID,168
2024-07-09,EVE,273
2024-07-10,MID,921
2024-07-10,EVE,416
2024-07-11,MID,886
2024-07-11,EVE,356
2024-07-12,MID,222
2024-07-12,EVE,477
2024-07-13,MID,343
2024-07-13,EVE,156
2024-07-14,MID,360
2024-07-14,EVE,920
2024-07-15,MID,537
2024-07-15,EVE,119
2024-07-16,MID,969
2024-07-16,EVE,577
2024-07-17,MID,664
2024-07-17,EVE,791
2024-07-18,MID,329
2024-07-18,EVE,571
2024-07-19,MID,973
2024-07-19,EVE,823
2024-07-20,MID,770
2024-07-20,EVE,847
2024-07-21,MID,483
2024-07-21,EVE,997
2024-07-22,MID,032
2024-07-22,EVE,578
2024-07-23,MID,536
2024-07-23,EVE,585
2024-07-24,MID,385
2024-07-24,EVE,235
2024-07-25,MID,400
2024-07-25,EVE,380
2024-07-26,MID,816
2024-07-26,EVE,562
2024-07-27,MID,096
2024-07-27,EVE,884
2024-07-28,MID,292
2024-07-28,EVE,986
2024-07-29,MID,405
2024-07-29,EVE,153
2024-07-30,MID,447
2024-07-30,EVE,049
2024-07-31,MID,014
2024-07-31,EVE,716
2024-08-01,MID,703
2024-08-01,EVE,833
2024-08-02,MID,974
2024-08-02,EVE,526
2024-08-03,MID,147
2024-08-03,EVE,783
2024-08-04,MID,712
2024-08-04,EVE,841
2024-08-05,MID,103
2024-08-05,EVE,210
2024-08-06,MID,342
2024-08-06,EVE,730
2024-08-07,MID,421
2024-08-07,EVE,212
2024-08-08,MID,055
2024-08-08,EVE,625
2024-08-09,MID,073
2024-08-09,EVE,322
2024-08-10,MID,895
2024-08-10,EVE,963
2024-08-11,MID,995
2024-08-11,EVE,278
2024-08-12,MID,937
2024-08-12,EVE,018
2024-08-13,MID,790
2024-08-13,EVE,158
2024-08-14,MID,648
2024-08-14,EVE,353
2024-08-15,MID,418
2024-08-15,EVE,010
2024-08-16,MID,345
2024-08-16,EVE,967
2024-08-17,MID,947
2024-08-17,EVE,191
2024-08-18,MID,018
2024-08-18,EVE,551
2024-08-19,MID,442
2024-08-19,EVE,254
2024-08-20,MID,511
2024-08-20,EVE,319
2024-08-21,MID,147
2024-08-21,EVE,281
2024-08-22,MID,941
2024-08-22,EVE,531
2024-08-23,MID,870
2024-08-23,EVE,384
2024-08-24,MID,128
2024-08-24,EVE,990
2024-08-25,MID,208
2024-08-25,EVE,759
2024-08-26,MID,129
2024-08-26,EVE,413
2024-08-27,MID,522
2024-08-27,EVE,293
2024-08-28,MID,462
2024-08-28,EVE,069
2024-08-29,MID,604
2024-08-29,EVE,613
2024-08-30,MID,151
2024-08-30,EVE,377
2024-08-31,MID,139
2024-08-31,EVE,185
2024-09-01,MID,579
2024-09-01,EVE,620
2024-09-02,MID,829
2024-09-02,EVE,360
2024-09-03,MID,262
2024-09-03,EVE,344
2024-09-04,MID,210
2024-09-04,EVE,555
2024-09-05,MID,050
2024-09-05,EVE,192
2024-09-06,MID,793
2024-09-06,EVE,631
2024-09-07,MID,528
2024-09-07,EVE,410
2024-09-08,MID,367
2024-09-08,EVE,457
2024-09-09,MID,347
2024-09-09,EVE,314
2024-09-10,MID,321
2024-09-10,EVE,552
2024-09-11,MID,647
2024-09-11,EVE,802
2024-09-12,MID,543
2024-09-12,EVE,141
2024-09-13,MID,522
2024-09-13,EVE,138
2024-09-14,MID,754
2024-09-14,EVE,989
2024-09-15,MID,375
2024-09-15,EVE,508
2024-09-16,MID,689
2024-09-16,EVE,505
2024-09-17,MID,792
2024-09-17,EVE,761
2024-09-18,MID,042
2024-09-18,EVE,201
2024-09-19,MID,040
2024-09-19,EVE,074
2024-09-20,MID,252
2024-09-20,EVE,296
2024-09-21,MID,088
2024-09-21,EVE,700
2024-09-22,MID,661
2024-09-22,EVE,721
2024-09-23,MID,824
2024-09-23,EVE,226
2024-09-24,MID,007
2024-09-24,EVE,096
2024-09-25,MID,902
2024-09-25,EVE,462
2024-09-26,MID,768
2024-09-26,EVE,423
2024-09-27,MID,485
2024-09-27,EVE,596
2024-09-28,MID,445
2024-09-28,EVE,445
2024-09-29,MID,358
2024-09-29,EVE,148
2024-09-30,MID,997
2024-09-30,EVE,040
2024-10-01,MID,817
2024-10-01,EVE,744
2024-10-02,MID,597
2024-10-02,EVE,516
2024-10-03,MID,445
2024-10-03,EVE,962
2024-10-04,MID,232
2024-10-04,EVE,187
2024-10-05,MID,444
2024-10-05,EVE,596
2024-10-06,MID,767
2024-10-06,EVE,092
2024-10-07,MID,501
2024-10-07,EVE,754
2024-10-08,MID,989
2024-10-08,EVE,630
2024-10-09,MID,730
2024-10-09,EVE,235
2024-10-10,MID,316
2024-10-10,EVE,110
2024-10-11,MID,093
2024-10-11,EVE,532
2024-10-12,MID,491
2024-10-12,EVE,905
2024-10-13,MID,019
2024-10-13,EVE,282
2024-10-14,MID,350
2024-10-14,EVE,836
2024-10-15,MID,881
2024-10-15,EVE,911
2024-10-16,MID,641
2024-10-16,EVE,150
2024-10-17,MID,331
2024-10-17,EVE,929
2024-10-18,MID,991
2024-10-18,EVE,776
2024-10-19,MID,217
2024-10-19,EVE,472
2024-10-20,MID,312
2024-10-20,EVE,397
2024-10-21,MID,415
2024-10-21,EVE,164
2024-10-22,MID,527
2024-10-22,EVE,118
2024-10-23,MID,551
2024-10-23,EVE,282
2024-10-24,MID,693
2024-10-24,EVE,472
2024-10-25,MID,684
2024-10-25,EVE,332
2024-10-26,MID,099
2024-10-26,EVE,593
2024-10-27,MID,332
2024-10-27,EVE,188
2024-10-28,MID,180
2024-10-28,EVE,433
2024-10-29,MID,012
2024-10-29,EVE,068
2024-10-30,MID,215
2024-10-30,EVE,942
2024-10-31,MID,014
2024-10-31,EVE,845
2024-11-01,MID,045
2024-11-01,EVE,959
2024-11-02,MID,291
2024-11-02,EVE,795
2024-11-03,MID,691
2024-11-03,EVE,376
2024-11-04,MID,029
2024-11-04,EVE,861
2024-11-05,MID,182
2024-11-05,EVE,795
2024-11-06,MID,284
2024-11-06,EVE,802
2024-11-07,MID,763
2024-11-07,EVE,686
2024-11-08,MID,504
2024-11-08,EVE,621
2024-11-09,MID,043
2024-11-09,EVE,353
2024-11-10,MID,565
2024-11-10,EVE,377
2024-11-11,MID,705
2024-11-11,EVE,532
2024-11-12,MID,050
2024-11-12,EVE,631
2024-11-13,MID,595
2024-11-13,EVE,956
2024-11-14,MID,100
2024-11-14,EVE,971
2024-11-15,MID,667
2024-11-15,EVE,650
2024-11-16,MID,598
2024-11-16,EVE,213
2024-11-17,MID,509
2024-11-17,EVE,434
2024-11-18,MID,715
2024-11-18,EVE,579
2024-11-19,MID,799
2024-11-19,EVE,991
2024-11-20,MID,821
2024-11-20,EVE,260
2024-11-21,MID,566
2024-11-21,EVE,184
2024-11-22,MID,533
2024-11-22,EVE,236
2024-11-23,MID,175
2024-11-23,EVE,426
2024-11-24,MID,115
2024-11-24,EVE,647
2024-11-25,MID,915
2024-11-25,EVE,084
2024-11-26,MID,123
2024-11-26,EVE,454
2024-11-27,MID,312
2024-11-27,EVE,243
2024-11-28,MID,518
2024-11-28,EVE,661
2024-11-29,MID,028
2024-11-29,EVE,187
2024-11-30,MID,094
2024-11-30,EVE,370
2024-12-01,MID,718
2024-12-01,EVE,026
2024-12-02,MID,135
2024-12-02,EVE,040
2024-12-03,MID,753
2024-12-03,EVE,835
2024-12-04,MID,706
2024-12-04,EVE,099
2024-12-05,MID,440
2024-12-05,EVE,724
2024-12-06,MID,780
2024-12-06,EVE,878
2024-12-07,MID,869
2024-12-07,EVE,524
2024-12-08,MID,930
2024-12-08,EVE,111
2024-12-09,MID,980
2024-12-09,EVE,840
2024-12-10,MID,065
2024-12-10,EVE,377
2024-12-11,MID,321
2024-12-11,EVE,843
2024-12-12,MID,099
2024-12-12,EVE,450
2024-12-13,MID,543
2024-12-13,EVE,831
2024-12-14,MID,947
2024-12-14,EVE,034
2024-12-15,MID,797
2024-12-15,EVE,272
2024-12-16,MID,993
2024-12-16,EVE,380
2024-12-17,MID,790
2024-12-17,EVE,443
2024-12-18,MID,600
2024-12-18,EVE,587
2024-12-19,MID,268
2024-12-19,EVE,932
2024-12-20,MID,438
2024-12-20,EVE,023
2024-12-21,MID,474
2024-12-21,EVE,830
2024-12-22,MID,775
2024-12-22,EVE,699
2024-12-23,MID,273
2024-12-23,EVE,006
2024-12-24,MID,500
2024-12-24,EVE,913
2024-12-25,MID,627
2024-12-25,EVE,365
2024-12-26,MID,668
2024-12-26,EVE,511
2024-12-27,MID,239
2024-12-27,EVE,470
2024-12-28,MID,375
2024-12-28,EVE,684
2024-12-29,MID,638
2024-12-29,EVE,803
2024-12-30,MID,089
2024-12-30,EVE,883
2024-12-31,MID,919
2024-12-31,EVE,909
2025-01-01,MID,321
2025-01-01,EVE,078
2025-01-02,MID,234
2025-01-02,EVE,985
2025-01-03,MID,007
2025-01-03,EVE,492
2025-01-04,MID,777
2025-01-04,EVE,332
2025-01-05,MID,886
2025-01-05,EVE,640
2025-01-06,MID,972
2025-01-06,EVE,909
2025-01-07,MID,553
2025-01-07,EVE,982
2025-01-08,MID,344
2025-01-08,EVE,977
2025-01-09,MID,098
2025-01-09,EVE,906
2025-01-10,MID,128
2025-01-10,EVE,546
2025-01-11,MID,254
2025-01-11,EVE,006
2025-01-12,MID,565
2025-01-12,EVE,767
2025-01-13,MID,599
2025-01-13,EVE,575
2025-01-14,MID,132
2025-01-14,EVE,967
2025-01-15,MID,285
2025-01-15,EVE,966
2025-01-16,MID,132
2025-01-16,EVE,749
2025-01-17,MID,803
2025-01-17,EVE,353
2025-01-18,MID,781
2025-01-18,EVE,035
2025-01-19,MID,934
2025-01-19,EVE,848
2025-01-20,MID,593
2025-01-20,EVE,716
2025-01-21,MID,186
2025-01-21,EVE,709
2025-01-22,MID,608
2025-01-22,EVE,177
2025-01-23,MID,515
2025-01-23,EVE,084
2025-01-24,MID,125
2025-01-24,EVE,061
2025-01-25,MID,404
2025-01-25,EVE,301
2025-01-26,MID,538
2025-01-26,EVE,044
2025-01-27,MID,444
2025-01-27,EVE,933
2025-01-28,MID,175
2025-01-28,EVE,788
2025-01-29,MID,387
2025-01-29,EVE,058
2025-01-30,MID,830
2025-01-30,EVE,626
2025-01-31,MID,298
2025-01-31,EVE,033
2025-02-01,MID,513
2025-02-01,EVE,044
2025-02-02,MID,510
2025-02-02,EVE,561
2025-02-03,MID,722
2025-02-03,EVE,934
2025-02-04,MID,301
2025-02-04,EVE,550
2025-02-05,MID,736
2025-02-05,EVE,359
2025-02-06,MID,779
2025-02-06,EVE,142
2025-02-07,MID,760
2025-02-07,EVE,225
2025-02-08,MID,572
2025-02-08,EVE,529
2025-02-09,MID,356
2025-02-09,EVE,500
2025-02-10,MID,610
2025-02-10,EVE,975
2025-02-11,MID,035
2025-02-11,EVE,386
2025-02-12,MID,035
2025-02-12,EVE,788
2025-02-13,MID,824
2025-02-13,EVE,379
2025-02-14,MID,354
2025-02-14,EVE,914
2025-02-15,MID,344
2025-02-15,EVE,583
2025-02-16,MID,297
2025-02-16,EVE,293
2025-02-17,MID,313
2025-02-17,EVE,702
2025-02-18,MID,815
2025-02-18,EVE,532
2025-02-19,MID,814
2025-02-19,EVE,146
2025-02-20,MID,385
2025-02-20,EVE,436
2025-02-21,MID,766
2025-02-21,EVE,250
2025-02-22,MID,202
2025-02-22,EVE,307
2025-02-23,MID,184
2025-02-23,EVE,086
2025-02-24,MID,839
2025-02-24,EVE,350
2025-02-25,MID,823
2025-02-25,EVE,315
2025-02-26,MID,881
2025-02-26,EVE,873
2025-02-27,MID,395
2025-02-27,EVE,085
2025-02-28,MID,905
2025-02-28,EVE,279
2025-03-01,MID,524
2025-03-01,EVE,192
2025-03-02,MID,690
2025-03-02,EVE,030
2025-03-03,MID,190
2025-03-03,EVE,002
2025-03-04,MID,964
2025-03-04,EVE,176
2025-03-05,MID,211
2025-03-05,EVE,729
2025-03-06,MID,113
2025-03-06,EVE,041
2025-03-07,MID,418
2025-03-07,EVE,669
2025-03-08,MID,922
2025-03-08,EVE,846
2025-03-09,MID,273
2025-03-09,EVE,183
2025-03-10,MID,571
2025-03-10,EVE,282
2025-03-11,MID,573
2025-03-11,EVE,039
2025-03-12,MID,659
2025-03-12,EVE,724
2025-03-13,MID,093
2025-03-13,EVE,162
2025-03-14,MID,789
2025-03-14,EVE,711
2025-03-15,MID,756
2025-03-15,EVE,745
2025-03-16,MID,143
2025-03-16,EVE,109
2025-03-17,MID,732
2025-03-17,EVE,142
2025-03-18,MID,879
2025-03-18,EVE,884
2025-03-19,MID,645
2025-03-19,EVE,249
2025-03-20,MID,681
2025-03-20,EVE,803
2025-03-21,MID,313
2025-03-21,EVE,875
2025-03-22,MID,689
2025-03-22,EVE,766
2025-03-23,MID,478
2025-03-23,EVE,501
2025-03-24,MID,052
2025-03-24,EVE,316
2025-03-25,MID,978
2025-03-25,EVE,213
2025-03-26,MID,965
2025-03-26,EVE,044
2025-03-27,MID,915
2025-03-27,EVE,796
2025-03-28,MID,075
2025-03-28,EVE,815
2025-03-29,MID,902
2025-03-29,EVE,241
2025-03-30,MID,867
2025-03-30,EVE,261
2025-03-31,MID,497
2025-03-31,EVE,979
2025-04-01,MID,494
2025-04-01,EVE,743
2025-04-02,MID,566
2025-04-02,EVE,791
2025-04-03,MID,529
2025-04-03,EVE,569
2025-04-04,MID,627
2025-04-04,EVE,233
2025-04-05,MID,478
2025-04-05,EVE,168
2025-04-06,MID,790
2025-04-06,EVE,923
2025-04-07,MID,235
2025-04-07,EVE,491
2025-04-08,MID,625
2025-04-08,EVE,664
2025-04-09,MID,651
2025-04-09,EVE,297
2025-04-10,MID,265
2025-04-10,EVE,098
2025-04-11,MID,510
2025-04-11,EVE,590
2025-04-12,MID,327
2025-04-12,EVE,344
2025-04-13,MID,605
2025-04-13,EVE,748
2025-04-14,MID,601
2025-04-14,EVE,660
2025-04-15,MID,553
2025-04-15,EVE,498
2025-04-16,MID,254
2025-04-16,EVE,724
2025-04-17,MID,938
2025-04-17,EVE,837
2025-04-18,MID,467
2025-04-18,EVE,054
2025-04-19,MID,638
2025-04-19,EVE,791
2025-04-20,MID,157
2025-04-20,EVE,066
2025-04-21,MID,099
2025-04-21,EVE,425
2025-04-22,MID,421
2025-04-22,EVE,857
2025-04-23,MID,803
2025-04-23,EVE,720
2025-04-24,MID,324
2025-04-24,EVE,114
2025-04-25,MID,214
2025-04-25,EVE,757
2025-04-26,MID,537
2025-04-26,EVE,509
2025-04-27,MID,078
2025-04-27,EVE,856
2025-04-28,MID,321
2025-04-28,EVE,625
2025-04-29,MID,443
2025-04-29,EVE,826
2025-04-30,MID,311
2025-04-30,EVE,322
2025-05-01,MID,256
2025-05-01,EVE,121
2025-05-02,MID,753
2025-05-02,EVE,595
2025-05-03,MID,548
2025-05-03,EVE,100
2025-05-04,MID,684
2025-05-04,EVE,048
2025-05-05,MID,259
2025-05-05,EVE,071
2025-05-06,MID,942
2025-05-06,EVE,691
2025-05-07,MID,803
2025-05-07,EVE,446
2025-05-08,MID,161
2025-05-08,EVE,553
2025-05-09,MID,302
2025-05-09,EVE,901
2025-05-10,MID,633
2025-05-10,EVE,738
2025-05-11,MID,441
2025-05-11,EVE,774
2025-05-12,MID,855
2025-05-12,EVE,513
2025-05-13,MID,338
2025-05-13,EVE,627
2025-05-14,MID,548
2025-05-14,EVE,651
2025-05-15,MID,909
2025-05-15,EVE,044
2025-05-16,MID,406
2025-05-16,EVE,913
2025-05-17,MID,778
2025-05-17,EVE,899
2025-05-18,MID,274
2025-05-18,EVE,809
2025-05-19,MID,006
2025-05-19,EVE,005
2025-05-20,MID,863
2025-05-20,EVE,040
2025-05-21,MID,773
2025-05-21,EVE,285
2025-05-22,MID,360
2025-05-22,EVE,293
2025-05-23,MID,579
2025-05-23,EVE,023
2025-05-24,MID,405
2025-05-24,EVE,029
2025-05-25,MID,484
2025-05-25,EVE,186
2025-05-26,MID,673
2025-05-26,EVE,292
2025-05-27,MID,195
2025-05-27,EVE,081
2025-05-28,MID,925
2025-05-28,EVE,969
2025-05-29,MID,483
2025-05-29,EVE,409
2025-05-30,MID,655
2025-05-30,EVE,210
2025-05-31,MID,602
2025-05-31,EVE,403
2025-06-01,MID,031
2025-06-01,EVE,289
2025-06-02,MID,026
2025-06-02,EVE,716
2025-06-03,MID,590
2025-06-03,EVE,568
2025-06-04,MID,752
2025-06-04,EVE,903
2025-06-05,MID,953
2025-06-05,EVE,298
2025-06-06,MID,589
2025-06-06,EVE,853
2025-06-07,MID,255
2025-06-07,EVE,811
2025-06-08,MID,283
2025-06-08,EVE,678
2025-06-09,MID,572
2025-06-09,EVE,534
2025-06-10,MID,826
2025-06-10,EVE,516
2025-06-11,MID,805
2025-06-11,EVE,836
2025-06-12,MID,151
2025-06-12,EVE,459
2025-06-13,MID,449
2025-06-13,EVE,544
2025-06-14,MID,728
2025-06-14,EVE,188
2025-06-15,MID,644
2025-06-15,EVE,957
2025-06-16,MID,897
2025-06-16,EVE,143
2025-06-17,MID,572
2025-06-17,EVE,666
2025-06-18,MID,501
2025-06-18,EVE,529
2025-06-19,MID,255
2025-06-19,EVE,262
2025-06-20,MID,433
2025-06-20,EVE,241
2025-06-21,MID,927
2025-06-21,EVE,120
2025-06-22,MID,330
2025-06-22,EVE,924
2025-06-23,MID,665
2025-06-23,EVE,465
2025-06-24,MID,733
2025-06-24,EVE,271
2025-06-25,MID,310
2025-06-25,EVE,695
2025-06-26,MID,100
2025-06-26,EVE,337
2025-06-27,MID,698
2025-06-27,EVE,761
2025-06-28,MID,894
2025-06-28,EVE,169
2025-06-29,MID,065
2025-06-29,EVE,516
2025-06-30,MID,465
2025-06-30,EVE,882
2025-07-01,MID,258
2025-07-01,EVE,277
2025-07-02,MID,708
2025-07-02,EVE,694
2025-07-03,MID,514
2025-07-03,EVE,860
2025-07-04,MID,620
2025-07-04,EVE,260
2025-07-05,MID,085
2025-07-05,EVE,215
2025-07-06,MID,787
2025-07-06,EVE,434
2025-07-07,MID,964
2025-07-07,EVE,785
2025-07-08,MID,640
2025-07-08,EVE,111
2025-07-09,MID,929
2025-07-09,EVE,119
2025-07-10,MID,927
2025-07-10,EVE,400
2025-07-11,MID,187
2025-07-11,EVE,511
2025-07-12,MID,428
2025-07-12,EVE,165
2025-07-13,MID,932
2025-07-13,EVE,162
2025-07-14,MID,230
2025-07-14,EVE,931
2025-07-15,MID,586
2025-07-15,EVE,868
2025-07-16,MID,435
2025-07-16,EVE,127
2025-07-17,MID,543
2025-07-17,EVE,461
2025-07-18,MID,837
2025-07-18,EVE,255
2025-07-19,MID,783
2025-07-19,EVE,179
2025-07-20,MID,255
2025-07-20,EVE,575
2025-07-21,MID,198
2025-07-21,EVE,446
2025-07-22,MID,301
2025-07-22,EVE,304
2025-07-23,MID,136
2025-07-23,EVE,384
2025-07-24,MID,342
2025-07-24,EVE,607
2025-07-25,MID,731
2025-07-25,EVE,008
2025-07-26,MID,647
2025-07-26,EVE,837
2025-07-27,MID,981
2025-07-27,EVE,999
2025-07-28,MID,714
2025-07-28,EVE,120
2025-07-29,MID,861
2025-07-29,EVE,194
2025-07-30,MID,623
2025-07-30,EVE,088
2025-07-31,MID,893
2025-07-31,EVE,503
2025-08-01,MID,317
2025-08-01,EVE,159
2025-08-02,MID,710
2025-08-02,EVE,652
2025-08-03,MID,394
2025-08-03,EVE,372
2025-08-04,MID,029
2025-08-04,EVE,321
2025-08-05,MID,583
2025-08-05,EVE,821
2025-08-06,MID,962
2025-08-06,EVE,341
2025-08-07,MID,290
2025-08-07,EVE,941
2025-08-08,MID,536
2025-08-08,EVE,231
2025-08-09,MID,346
2025-08-09,EVE,278
2025-08-10,MID,441
2025-08-10,EVE,323
2025-08-11,MID,810
2025-08-11,EVE,175
2025-08-12,MID,055
2025-08-12,EVE,695
2025-08-13,MID,790
2025-08-13,EVE,738
2025-08-14,MID,348
2025-08-14,EVE,227
2025-08-15,MID,472
2025-08-15,EVE,620
2025-08-16,MID,200
2025-08-16,EVE,248
2025-08-17,MID,996
2025-08-17,EVE,587
2025-08-18,MID,039
2025-08-18,EVE,524
2025-08-19,MID,485
2025-08-19,EVE,804
2025-08-20,MID,006
2025-08-20,EVE,689
2025-08-21,MID,748
2025-08-21,EVE,011
2025-08-22,MID,812
2025-08-22,EVE,784
2025-08-23,MID,303
2025-08-23,EVE,065
2025-08-24,MID,750
2025-08-24,EVE,154
2025-08-25,MID,916
2025-08-25,EVE,948
2025-08-26,MID,070
2025-08-26,EVE,989
2025-08-27,MID,056
2025-08-27,EVE,974
2025-08-28,MID,288
2025-08-28,EVE,431
2025-08-29,MID,736
2025-08-29,EVE,035
2025-08-30,MID,498
2025-08-30,EVE,363
2025-08-31,MID,025
2025-08-31,EVE,452
2025-09-01,MID,669
2025-09-01,EVE,723
2025-09-02,MID,422
2025-09-02,EVE,048
2025-09-03,MID,012
2025-09-03,EVE,163
2025-09-04,MID,472
2025-09-04,EVE,058
2025-09-05,MID,943
2025-09-05,EVE,752
2025-09-06,MID,939
2025-09-06,EVE,607
2025-09-07,MID,698
2025-09-07,EVE,379
2025-09-08,MID,881
2025-09-08,EVE,824
2025-09-09,MID,213
2025-09-09,EVE,711
2025-09-10,MID,561
2025-09-10,EVE,428
2025-09-11,MID,256
2025-09-11,EVE,268
2025-09-12,MID,523
2025-09-12,EVE,167
2025-09-13,MID,359
2025-09-13,EVE,444
2025-09-14,MID,475
2025-09-14,EVE,069
2025-09-15,MID,124
2025-09-15,EVE,125
2025-09-16,MID,809
2025-09-16,EVE,754
2025-09-17,MID,659
2025-09-17,EVE,131
2025-09-18,MID,347
2025-09-18,EVE,079
2025-09-19,MID,021
2025-09-19,EVE,166
2025-09-20,MID,191
2025-09-20,EVE,757
2025-09-21,MID,979
2025-09-21,EVE,062
2025-09-22,MID,696
2025-09-22,EVE,086
2025-09-23,MID,867
2025-09-23,EVE,159
2025-09-24,MID,278
2025-09-24,EVE,507
2025-09-25,MID,309
2025-09-25,EVE,547
2025-09-26,MID,630
2025-09-26,EVE,058
2025-09-27,MID,036
2025-09-27,EVE,276
2025-09-28,MID,753
2025-09-28,EVE,404
2025-09-29,MID,633
2025-09-29,EVE,004
2025-09-30,MID,322
2025-09-30,EVE,876
2025-10-01,MID,912
2025-10-01,EVE,758
2025-10-02,MID,570
2025-10-02,EVE,500
2025-10-03,MID,082
2025-10-03,EVE,570
2025-10-04,MID,189
2025-10-04,EVE,082
2025-10-05,MID,499
2025-10-05,EVE,181
2025-10-06,MID,856
2025-10-06,EVE,462
2025-10-07,MID,673
2025-10-07,EVE,933
2025-10-08,MID,235
2025-10-08,EVE,031
2025-10-09,MID,161
2025-10-09,EVE,969
2025-10-10,MID,489
2025-10-10,EVE,144
2025-10-11,MID,844
2025-10-11,EVE,958
2025-10-12,MID,189
2025-10-12,EVE,432
2025-10-13,MID,323
2025-10-13,EVE,293
2025-10-14,MID,589
2025-10-14,EVE,830
2025-10-15,MID,813
2025-10-15,EVE,666
2025-10-16,MID,400
2025-10-16,EVE,688
2025-10-17,MID,819
2025-10-17,EVE,445
2025-10-18,MID,458
2025-10-18,EVE,808
2025-10-19,MID,764
2025-10-19,EVE,957
2025-10-20,MID,984
2025-10-20,EVE,134
2025-10-21,MID,186
2025-10-21,EVE,234
2025-10-22,MID,974
2025-10-22,EVE,018
2025-10-23,MID,647
2025-10-23,EVE,232
2025-10-24,MID,499
2025-10-24,EVE,051
2025-10-25,MID,375
2025-10-25,EVE,075
2025-10-26,MID,002
2025-10-26,EVE,195
2025-10-27,MID,621
2025-10-27,EVE,660
2025-10-28,MID,333
2025-10-28,EVE,764
2025-10-29,MID,665
2025-10-29,EVE,599
2025-10-30,MID,924
2025-10-30,EVE,943
2025-10-31,MID,211
2025-10-31,EVE,098
2025-11-01,MID,326
2025-11-01,EVE,570
2025-11-02,MID,834
2025-11-02,EVE,238
2025-11-03,MID,381
2025-11-03,EVE,039
2025-11-04,MID,789
2025-11-04,EVE,634
2025-11-05,MID,986
2025-11-05,EVE,083
2025-11-06,MID,548
2025-11-06,EVE,670
2025-11-07,MID,458
2025-11-07,EVE,407
2025-11-08,MID,286
2025-11-08,EVE,956
2025-11-09,MID,490
2025-11-09,EVE,240
2025-11-10,MID,366
2025-11-10,EVE,176
2025-11-11,MID,660
2025-11-11,EVE,040
2025-11-12,MID,857
2025-11-12,EVE,993
2025-11-13,MID,610
2025-11-13,EVE,316
2025-11-14,MID,767
2025-11-14,EVE,655
2025-11-15,MID,483
2025-11-15,EVE,371
2025-11-16,MID,286
2025-11-16,EVE,750
2025-11-17,MID,137
2025-11-17,EVE,400
2025-11-18,MID,013
2025-11-18,EVE,268
2025-11-19,MID,307
2025-11-19,EVE,137
2025-11-20,MID,285
2025-11-20,EVE,314
2025-11-21,MID,672
2025-11-21,EVE,311
2025-11-22,MID,528
2025-11-22,EVE,237
2025-11-23,MID,120
2025-11-23,EVE,196
2025-11-24,MID,965
2025-11-24,EVE,555
2025-11-25,MID,978
2025-11-25,EVE,141
2025-11-26,MID,803
2025-11-26,EVE,557
2025-11-27,MID,409
2025-11-27,EVE,006
2025-11-28,MID,407
2025-11-28,EVE,618
2025-11-29,MID,064
2025-11-29,EVE,309
2025-11-30,MID,824
2025-11-30,EVE,584
2025-12-01,MID,088
2025-12-01,EVE,628
2025-12-02,MID,302
2025-12-02,EVE,436
2025-12-03,MID,734
2025-12-03,EVE,002
2025-12-04,MID,621
2025-12-04,EVE,341
2025-12-05,MID,055
2025-12-05,EVE,480
2025-12-06,MID,413
2025-12-06,EVE,840
2025-12-07,MID,796
2025-12-07,EVE,667
2025-12-08,MID,056
2025-12-08,EVE,284
2025-12-09,MID,583
2025-12-09,EVE,434
2025-12-10,MID,058
2025-12-10,EVE,200
2025-12-11,MID,252
2025-12-11,EVE,141
2025-12-12,MID,663
2025-12-12,EVE,912
2025-12-13,MID,221
2025-12-13,EVE,114
2025-12-14,MID,717
2025-12-14,EVE,811
2025-12-15,MID,774
2025-12-15,EVE,018
2025-12-16,MID,317
2025-12-16,EVE,995
2025-12-17,MID,352
2025-12-17,EVE,061
2025-12-18,MID,336
2025-12-18,EVE,363
2025-12-19,MID,422
2025-12-19,EVE,659
2025-12-20,MID,231
2025-12-20,EVE,115
2025-12-21,MID,658
2025-12-21,EVE,555
2025-12-22,MID,948
2025-12-22,EVE,699
2025-12-23,MID,074
2025-12-23,EVE,422
2025-12-24,MID,146
2025-12-24,EVE,134
2025-12-25,MID,425
2025-12-25,EVE,310
2025-12-26,MID,945
2025-12-26,EVE,346
2025-12-27,MID,452
2025-12-27,EVE,985
2025-12-28,MID,909
2025-12-28,EVE,003
2025-12-29,MID,522
2025-12-29,EVE,208
2025-12-30,MID,377
2025-12-30,EVE,870
2025-12-31,MID,407
2025-12-31,EVE,211
2026-01-01,MID,195
2026-01-01,EVE,291
2026-01-02,MID,862
2026-01-02,EVE,589
2026-01-03,MID,708
2026-01-03,EVE,611
2026-01-04,MID,171
2026-01-04,EVE,871
2026-01-05,MID,080
2026-01-05,EVE,994
2026-01-06,MID,209
2026-01-06,EVE,160
2026-01-07,MID,434
2026-01-07,EVE,963
2026-01-08,MID,429
2026-01-08,EVE,596
2026-01-09,MID,860
2026-01-09,EVE,093
2026-01-10,MID,301
2026-01-10,EVE,006
2026-01-11,MID,522
2026-01-11,EVE,089
2026-01-12,MID,460
2026-01-12,EVE,196
2026-01-13,MID,890
2026-01-13,EVE,943
2026-01-14,MID,916
2026-01-14,EVE,449
2026-01-15,MID,404
2026-01-15,EVE,647
2026-01-16,MID,273
2026-01-16,EVE,100
2026-01-17,MID,514
2026-01-17,EVE,406
2026-01-18,MID,911
2026-01-18,EVE,462
2026-01-19,MID,863
2026-01-19,EVE,359
2026-01-20,MID,743
2026-01-20,EVE,406
2026-01-21,MID,350
2026-01-21,EVE,284
2026-01-22,MID,093
2026-01-22,EVE,116
2026-01-23,MID,803
2026-01-23,EVE,010
2026-01-24,MID,661
2026-01-24,EVE,562
2026-01-25,MID,384
2026-01-25,EVE,884
2026-01-26,MID,460
2026-01-26,EVE,720
2026-01-27,MID,105
2026-01-27,EVE,122
2026-01-28,MID,787
2026-01-28,EVE,556
2026-01-29,MID,435
2026-01-29,EVE,880
2026-01-30,MID,564
2026-01-30,EVE,424
2026-01-31,MID,185
2026-01-31,EVE,650
2026-02-01,MID,933
2026-02-01,EVE,742
2026-02-02,MID,175
2026-02-02,EVE,002
2026-02-03,MID,852
2026-02-03,EVE,124
2026-02-04,MID,340
2026-02-04,EVE,335
2026-02-05,MID,854
2026-02-05,EVE,677
2026-02-06,MID,284
2026-02-06,EVE,055
2026-02-07,MID,902
2026-02-07,EVE,603
2026-02-08,MID,908
2026-02-08,EVE,674
2026-02-09,MID,190
2026-02-09,EVE,910
2026-02-10,MID,122
2026-02-10,EVE,897
2026-02-11,MID,468
2026-02-11,EVE,823
2026-02-12,MID,622
2026-02-12,EVE,651
2026-02-13,MID,784
2026-02-13,EVE,102
2026-02-14,MID,720
2026-02-14,EVE,185
2026-02-15,MID,926
2026-02-15,EVE,231
2026-02-16,MID,533
2026-02-16,EVE,973
2026-02-17,MID,707
2026-02-17,EVE,131
2026-02-18,MID,716
2026-02-18,EVE,332
2026-02-19,MID,538
2026-02-19,EVE,207
2026-02-20,MID,386
2026-02-20,EVE,778
2026-02-21,MID,915
2026-02-21,EVE,947
2026-02-22,MID,669
2026-02-22,EVE,536
2026-02-23,MID,007
2026-02-23,EVE,831
2026-02-24,MID,321
2026-02-24,EVE,762
2026-02-25,MID,187
2026-02-25,EVE,512
2026-02-26,MID,214
2026-02-26,EVE,003
2026-02-27,MID,420
2026-02-27,EVE,253
2026-02-28,MID,390
2026-02-28,EVE,301
2026-03-01,MID,896
2026-03-01,EVE,363
2026-03-02,MID,943
2026-03-02,EVE,893
2026-03-03,MID,655
2026-03-03,EVE,634
2026-03-04,MID,253
2026-03-04,EVE,766
2026-03-05,MID,541
2026-03-05,EVE,755
2026-03-06,MID,062
2026-03-06,EVE,373
2026-03-07,MID,212
2026-03-07,EVE,059
2026-03-08,MID,211
2026-03-08,EVE,889
2026-03-09,MID,383
2026-03-09,EVE,941
2026-03-10,MID,558
2026-03-10,EVE,863
2026-03-11,MID,700
2026-03-11,EVE,194
2026-03-12,MID,708
2026-03-12,EVE,739
2026-03-13,MID,450
2026-03-13,EVE,334
2026-03-14,MID,270
2026-03-14,EVE,273
2026-03-15,MID,595
2026-03-15,EVE,391
2026-03-16,MID,390
2026-03-16,EVE,884
2026-03-17,MID,036
2026-03-17,EVE,815
2026-03-18,MID,978
2026-03-18,EVE,585
2026-03-19,MID,752
2026-03-19,EVE,801
2026-03-20,MID,033
2026-03-20,EVE,397
2026-03-21,MID,466
2026-03-21,EVE,465
2026-03-22,MID,985
2026-03-22,EVE,676
2026-03-23,MID,196
2026-03-23,EVE,232
2026-03-24,MID,675
2026-03-24,EVE,295
2026-03-25,MID,883
2026-03-25,EVE,774
2026-03-26,MID,310
2026-03-26,EVE,306
2026-03-27,MID,656
2026-03-27,EVE,388
2026-03-28,MID,170
2026-03-28,EVE,897
2026-03-29,MID,362
2026-03-29,EVE,126
2026-03-30,MID,665
2026-03-30,EVE,506
2026-03-31,MID,578
2026-03-31,EVE,605
2026-04-01,MID,726
2026-04-01,EVE,281
2026-04-02,MID,821
2026-04-02,EVE,252
2026-04-03,MID,715
2026-04-03,EVE,363
2026-04-04,MID,831
2026-04-04,EVE,818
2026-04-05,MID,707
2026-04-05,EVE,956
2026-04-06,MID,993
2026-04-06,EVE,224
2026-04-07,MID,522
2026-04-07,EVE,375
2026-04-08,MID,099
2026-04-08,EVE,599
2026-04-09,MID,983
2026-04-09,EVE,845
2026-04-10,MID,806
2026-04-10,EVE,518
2026-04-11,MID,936
2026-04-11,EVE,053
2026-04-12,MID,579
2026-04-12,EVE,768
2026-04-13,MID,665
2026-04-13,EVE,070
2026-04-14,MID,512
2026-04-14,EVE,656
2026-04-15,MID,293
2026-04-15,EVE,088
2026-04-16,MID,373
2026-04-16,EVE,186
2026-04-17,MID,156
2026-04-17,EVE,030
2026-04-18,MID,660
2026-04-18,EVE,814
2026-04-19,MID,291
2026-04-19,EVE,370
2026-04-20,MID,772
2026-04-20,EVE,203
2026-04-21,MID,417
2026-04-21,EVE,498
2026-04-22,MID,776
2026-04-22,EVE,959
2026-04-23,MID,861
2026-04-23,EVE,510
2026-04-24,MID,309
2026-04-24,EVE,894
2026-04-25,MID,006
2026-04-25,EVE,064
2026-04-26,MID,995
2026-04-26,EVE,796
2026-04-27,MID,905
2026-04-27,EVE,950
2026-04-28,MID,905
2026-04-28,EVE,275
2026-04-29,MID,387
2026-04-29,EVE,804
2026-04-30,MID,835
2026-04-30,EVE,585
2026-05-01,MID,770
2026-05-01,EVE,671
2026-05-02,MID,536
2026-05-02,EVE,469
2026-05-03,MID,134
2026-05-03,EVE,931
2026-05-04,MID,923
2026-05-04,EVE,517
2026-05-05,MID,388
2026-05-05,EVE,801
2026-05-06,MID,372
2026-05-06,EVE,517
2026-05-07,MID,605
2026-05-07,EVE,888
2026-05-08,MID,871
2026-05-08,EVE,920
2026-05-09,MID,715
2026-05-09,EVE,089
2026-05-10,MID,321
2026-05-10,EVE,986
2026-05-11,MID,571
2026-05-11,EVE,309
2026-05-12,MID,949
2026-05-12,EVE,547
2026-05-13,MID,989
2026-05-13,EVE,016
2026-05-14,MID,324
2026-05-14,EVE,854
2026-05-15,MID,600
2026-05-15,EVE,182
2026-05-16,MID,146
2026-05-16,EVE,223
2026-05-17,MID,738
2026-05-17,EVE,562
2026-05-18,MID,406
2026-05-18,EVE,303
2026-05-19,MID,228
2026-05-19,EVE,893
2026-05-20,MID,857
2026-05-20,EVE,254
2026-05-21,MID,032
2026-05-21,EVE,842
2026-05-22,MID,228
2026-05-22,EVE,307
2026-05-23,MID,236
2026-05-23,EVE,795
2026-05-24,MID,516
2026-05-24,EVE,097
2026-05-25,MID,262
2026-05-25,EVE,862
2026-05-26,MID,172
2026-05-26,EVE,756
2026-05-27,MID,832
2026-05-27,EVE,033
2026-05-28,MID,992
2026-05-28,EVE,144
2026-05-29,MID,177
2026-05-29,EVE,833
2026-05-30,MID,749
2026-05-30,EVE,931
2026-05-31,MID,520
2026-05-31,EVE,043
2026-06-01,MID,045
2026-06-01,EVE,842
2026-06-02,MID,717
2026-06-02,EVE,437
2026-06-03,MID,879
2026-06-03,EVE,119
2026-06-04,MID,314
2026-06-04,EVE,075
2026-06-05,MID,797
2026-06-05,EVE,529
2026-06-06,MID,710
2026-06-06,EVE,712
2026-06-07,MID,641
2026-06-07,EVE,925
2026-06-08,MID,105
2026-06-08,EVE,859
2026-06-09,MID,977
2026-06-09,EVE,504
2026-06-10,MID,932
2026-06-10,EVE,415
2026-06-11,MID,498
2026-06-11,EVE,549
2026-06-12,MID,002
2026-06-12,EVE,818
2026-06-13,MID,776
2026-06-13,EVE,914
2026-06-14,MID,358
2026-06-14,EVE,589
2026-06-15,MID,581
2026-06-15,EVE,700
2026-06-16,MID,389
2026-06-16,EVE,500
2026-06-17,MID,819
2026-06-17,EVE,793
2026-06-18,MID,316
2026-06-18,EVE,941
2026-06-19,MID,356
2026-06-19,EVE,637
2026-06-20,MID,382
2026-06-20,EVE,343
2026-06-21,MID,335
2026-06-21,EVE,113
2026-06-22,MID,182
2026-06-22,EVE,961
2026-06-23,MID,337
2026-06-23,EVE,941
2026-06-24,MID,261
2026-06-24,EVE,262
2026-06-25,MID,378
2026-06-25,EVE,243
2026-06-26,MID,287
2026-06-26,EVE,704
2026-06-27,MID,978
2026-06-27,EVE,658
2026-06-28,MID,548
2026-06-28,EVE,421
2026-06-29,MID,703
2026-06-29,EVE,295
2026-06-30,MID,366
2026-06-30,EVE,802
2026-07-01,MID,627
2026-07-01,EVE,291
2026-07-02,MID,208
2026-07-02,EVE,564
2026-07-03,MID,460
2026-07-03,EVE,361
2026-07-04,MID,672
2026-07-04,EVE,206
2026-07-05,MID,490
2026-07-05,EVE,019
2026-07-06,MID,756
2026-07-06,EVE,177
2026-07-07,MID,759
2026-07-07,EVE,527
2026-07-08,MID,559
2026-07-08,EVE,569
2026-07-09,MID,378
2026-07-09,EVE,421
2026-07-10,MID,753
2026-07-10,EVE,581
2026-07-11,MID,713
2026-07-11,EVE,275
2026-07-12,MID,490
2026-07-12,EVE,118
2026-07-13,MID,793
2026-07-13,EVE,980
2026-07-14,MID,046
2026-07-14,EVE,992
2026-07-15,MID,555
2026-07-15,EVE,759
2026-07-16,MID,541
2026-07-16,EVE,800
2026-07-17,MID,080
2026-07-17,EVE,444
2026-07-18,MID,430
2026-07-18,EVE,027
2026-07-19,MID,985
2026-07-19,EVE,091
2026-07-20,MID,205
2026-07-20,EVE,688
2026-07-21,MID,828
2026-07-21,EVE,727
2026-07-22,MID,108
2026-07-22,EVE,395
2026-07-23,MID,897
2026-07-23,EVE,315
2026-07-24,MID,446
2026-07-24,EVE,594
2026-07-25,MID,317
2026-07-25,EVE,981
2026-07-26,MID,909
2026-07-26,EVE,097
2026-07-27,MID,397
2026-07-27,EVE,705
2026-07-28,MID,240
2026-07-28,EVE,895
2026-07-29,MID,487
2026-07-29,EVE,740
2026-07-30,MID,593
2026-07-30,EVE,701
2026-07-31,MID,883
2026-07-31,EVE,683
2026-08-01,MID,592
2026-08-01,EVE,313
2026-08-02,MID,444
2026-08-02,EVE,472
2026-08-03,MID,464
2026-08-03,EVE,043
2026-08-04,MID,582
2026-08-04,EVE,650
2026-08-05,MID,776
2026-08-05,EVE,152
2026-08-06,MID,869
2026-08-06,EVE,956
2026-08-07,MID,364
2026-08-07,EVE,049
2026-08-08,MID,157
2026-08-08,EVE,643
2026-08-09,MID,531
2026-08-09,EVE,672
2026-08-10,MID,764
2026-08-10,EVE,743
2026-08-11,MID,275
2026-08-11,EVE,539
2026-08-12,MID,464
2026-08-12,EVE,281
2026-08-13,MID,664
2026-08-13,EVE,320
2026-08-14,MID,902
2026-08-14,EVE,255
2026-08-15,MID,182
2026-08-15,EVE,909
2026-08-16,MID,474
2026-08-16,EVE,162
2026-08-17,MID,022
2026-08-17,EVE,766
2026-08-18,MID,344
2026-08-18,EVE,896
2026-08-19,MID,670
2026-08-19,EVE,160
2026-08-20,MID,452
2026-08-20,EVE,518
2026-08-21,MID,950
2026-08-21,EVE,054
2026-08-22,MID,379
2026-08-22,EVE,689
2026-08-23,MID,760
2026-08-23,EVE,844
2026-08-24,MID,628
2026-08-24,EVE,467
2026-08-25,MID,755
2026-08-25,EVE,299
2026-08-26,MID,539
2026-08-26,EVE,329
2026-08-27,MID,028
2026-08-27,EVE,211
2026-08-28,MID,493
2026-08-28,EVE,625
2026-08-29,MID,371
2026-08-29,EVE,204
2026-08-30,MID,644
2026-08-30,EVE,323
2026-08-31,MID,403
2026-08-31,EVE,025
2026-09-01,MID,630
2026-09-01,EVE,409
2026-09-02,MID,340
2026-09-02,EVE,236
2026-09-03,MID,366
2026-09-03,EVE,778
2026-09-04,MID,309
2026-09-04,EVE,959
2026-09-05,MID,911
2026-09-05,EVE,292
2026-09-06,MID,119
2026-09-06,EVE,298
2026-09-07,MID,239
2026-09-07,EVE,825
2026-09-08,MID,365
2026-09-08,EVE,695
2026-09-09,MID,740
2026-09-09,EVE,166
2026-09-10,MID,089
2026-09-10,EVE,369
2026-09-11,MID,381
2026-09-11,EVE,367
